port_code,date_of_shipment,iec,hsn_code,goods_description,master_category,model_name,model_number,capacity,qty,unit_of_measure,price,unit_of_measure_1,quantity,unit,unit_price_inr,total_value_inr,unit_price_usd,total_value_usd,duty_paid_inr,year,month,unit_standardized,model_name_parsed,capacity_spec_parsed,material_type_parsed,embedded_qty_parsed,unit_price_usd_parsed,grand_total,landed_cost_per_unit,category,sub_category,duty_pct,is_duty_anomaly
INNSA1,2025-10-28,301049751,73239990,TH5170 STEEL CUTLERY HOLDER (QTY:600 PCS/USD 2.03 PER PCS) TH5170 STEEL CUTLERY HOLDER (QTY:600 PCS/USD 2.03 PER PCS),,,,,,,,,290.0,KGS,401.7253103,116500.34,4.529033938,1313.419842,32736.6,2025,10,KG,Unknown,,Steel,600.0,2.03,149236.94,514.6101379310345,Other,General,0.28100003828315007,No
INNSA1,2025-10-28,301049751,73231000,8001-2 STEEL SCRUBBER 2PCS SET (QTY: 336000 SETS/USD 0.139 PER SETS)8001-2 STEEL SCRUBBER 2PCS SET (QTY: 336000 SETS/USD 0.139 P,,,,,,,,,9800.0,KGS,440.6022184,4317901.74,4.967330534,48679.83923,1898149.5,2025,10,KG,Unknown,,Steel,336000.0,0.139,6216051.24,634.2909428571429,Other,General,0.4395999757048663,No
INNSA1,2025-10-23,301049751,73239990,"MILD STEEL MULTI FUNCTION CLOTH STAND (RYX-02-020) (QTY: 1,232 PCS/CNY:101 PER PCS)MILD STEEL MULTI FUNCTION CLOTH STAND (RYX-02-020) (QTY: 1,2",,,,,,,,,4004.0,KGS,408.893663836164,1637210.23,4.609849648660246,18457.83799323563,460056.0,2025,10,KG,Unknown,,Steel,1.0,,2097266.23,523.7927647352648,Other,General,0.28099995441636105,No
INNSA1,2025-10-13,301049751,73239990,SB-12 STEEL TEA STRAINER BIG (QTY 6336 PCS/USD 0.973 PER PCS)SB-12 STEEL TEA STRAINER BIG (QTY 6336 PCS/USD 0.973 PER PCS,,,,,,,,,1548.8,KGS,378.4578447830578,586155.51,4.219151000925951,6534.621070234112,164709.7,2025,10,KG,Unknown,,Steel,6336.0,0.973,750865.21,484.80450025826445,Other,General,0.28100000288319393,No
INNSA1,2025-10-13,301049751,73239990,SB-12 STEEL TEA STRAINER BIG (QTY 43038 PCS/USD 0.9718 PER PCS)SB-12 STEEL TEA STRAINER BIG (QTY 43038 PCS/USD 0.9718 PER P,,,,,,,,,10042.2,KGS,399.7396745733008,4014265.76,4.456406628464889,44752.12664437012,1128008.7,2025,10,KG,Unknown,,Steel,43038.0,0.9718,5142274.46,512.0665252633885,Other,General,0.2810000053409518,No
INNSA1,2025-10-08,301049751,73239990,STEEL HANGER WITH HOOK (SL-89) (QTY:70056 PCS/CNY:7.45 PER PCS)STEEL HANGER WITH HOOK (SL-89) (QTY:70056 PCS/:7.45,,,,,,,,,15568.0,KGS,432.1581763874615,6727838.49,4.817816905099905,75003.77357859531,1890522.7,2025,10,KG,Unknown,,Steel,70056.0,,8618361.19,553.5946293679342,Other,General,0.28100001253151363,No
INNSA1,2025-10-06,301049751,73239990,STEEL HANGER 10PCS SET (AM-969) (QTY: 480 SET/USD 0.819 PERSET)STEEL HANGER 10PCS SET (AM-969) (QTY: 480 SET/USD 0.819 PER,,,,,,,,,380.0,KGS,100.4420789473684,38167.99,1.119755618142346,425.5071348940913,10725.3,2025,10,KG,Unknown,,Steel,480.0,0.819,48893.28999999999,128.66655263157892,Other,General,0.2810024840186764,No
INNSA1,2025-10-01,301049751,73239990,AM-967 STEEL FRUIT BASKET (QTY 400 PCS/USD 1.031 PER PCS) AM-967 STEEL FRUIT BASKET (QTY 400 PCS/USD 1.031 PER PCS),,,,,,,,,460.0,KGS,85.37782608695653,39273.8,0.9609209463923076,442.0236353404615,11036.0,2025,10,KG,Unknown,,Steel,400.0,1.031,50309.8,109.36913043478262,Other,General,0.28100158375303635,No
INNSA1,2025-10-01,301049751,73239990,AM-966 STEEL FRUIT BASKET (QTY 400 PCS/USD 1.017 PER PCS) AM-966 STEEL FRUIT BASKET (QTY 400 PCS/USD 1.017 PER PCS),,,,,,,,,310.0,KGS,124.9693225806452,38740.49,1.406520231633598,436.0212718064153,10886.1,2025,10,KG,Unknown,,Steel,400.0,1.017,49626.59,160.0857741935484,Other,General,0.28100057588326843,No
INNSA1,2025-10-01,301049751,73239990,AM-965 STEEL SPOON & FORK HOLDER (QTY 480 PCS/USD 0.734 PERPCS)AM-965 STEEL SPOON & FORK HOLDER (QTY 480 PCS/USD 0.734 PER,,,,,,,,,168.0,KGS,199.7157142857143,33552.24,2.24778519173567,377.6279122115926,9428.1,2025,10,KG,Unknown,,Steel,480.0,0.734,42980.34,255.83535714285713,Other,General,0.28099763234883873,No
INNSA1,2025-10-01,301049751,73231000,8001-2 STEEL SCRUBBER 2 PCS SET (QTY 336000 SETS/USD 0.139 PER SETS)8001-2 STEEL SCRUBBER 2 PCS SET (QTY 336000 SETS/USD 0.139 P,,,,,,,,,9800.0,KGS,456.1253897959184,4470028.82,5.133656609970945,50309.83477771527,1965024.7,2025,10,KG,Unknown,,Steel,336000.0,0.139,6435053.5200000005,656.6381142857143,Other,General,0.43960000687422857,No
INNSA1,2025-09-27,301049751,73231000,OKS-4156 STEEL SCRUBBER 6PCS SET (QTY: 93360 PCS /USD 0.228PER PCS)OKS-4156 STEEL SCRUBBER 6PCS SET (QTY: 93360 PCS /USD 0.228,,,,,,,,,7496.03,KGS,263.5713784496593,1975738.96,2.966475840738991,22236.7918964547,868534.9,2025,9,KG,Unknown,,Steel,93360.0,0.228,2844273.86,379.4373635110852,Other,General,0.43960002691853584,No
INNSA1,2025-09-27,301049751,73231000,8001-2 STEEL SCRUBBER 2PCS SET (QTY: 168000 SETS/USD 0.139 PER SETS)8001-2 STEEL SCRUBBER 2PCS SET (QTY: 168000 SETS/USD 0.139 P,,,,,,,,,4900.0,KGS,442.0729367346939,2166157.39,4.975497318342081,24379.9368598762,952242.8,2025,9,KG,Unknown,,Steel,168000.0,0.139,3118400.1900000004,636.4082020408164,Other,General,0.439600005242463,No
INNSA1,2025-09-24,301049751,73239990,AM-321 STEEL DRAINER (QTY:28752 PCS/USD 0.7050 PER PCS) AM-321 STEEL DRAINER (QTY:28752 PCS/USD 0.7050 PER PCS),,,,,,,,,3953.4,KGS,492.7319699499166,1947966.57,5.545660888575313,21924.21575689364,547378.6,2025,9,KG,Unknown,,Steel,28752.0,0.705,2495345.17,631.1896519451611,Other,General,0.28099999683259447,No
INNSA1,2025-09-24,301049751,73239990,HOUSEHOLD STEEL HOOK 3PCS SET (2628) (QTY: 166608 SET/USD 0.36 PER SET)HOUSEHOLD STEEL HOOK 3PCS SET (2628) (QTY: 166608 SET/USD 0.,,,,,,,,,5646.16,KGS,971.5058004023973,5485277.19,10.93422397751714,61736.37805289815,1541362.8,2025,9,KG,Unknown,,Steel,166608.0,0.36,7026639.99,1244.4989143063606,Other,General,0.28099998352134326,No
INNSA1,2025-09-24,301049751,73239990,NP-55 STEEL TEA STRAINER (QTY:50400 PCS/USD 0.2710 PER PCS) NP-55 STEEL TEA STRAINER (QTY:50400 PCS/USD 0.2710 PER PCS),,,,,,,,,2310.0,KGS,568.2142554112553,1312574.93,6.395208276997812,14772.93111986494,368833.6,2025,9,KG,Unknown,,Steel,50400.0,0.271,1681408.5299999998,727.8824805194804,Other,General,0.2810000340323428,No
INNSA1,2025-09-24,301049751,73239990,"HOUSEHOLD STEEL HOOK 3PCS SET (3888) (QTY:55,296 SET/USD:0.24 PER SET)HOUSEHOLD STEEL HOOK 3PCS SET (3888) (QTY:55,296 SET/USD:0.2",,,,,,,,,1843.2,KGS,689.9043023003472,1271631.61,7.764820509851968,14312.11716375915,357328.4,2025,9,KG,Unknown,,Steel,55.0,,1628960.0100000002,883.7673665364584,Other,General,0.2809999351934952,No
INNSA1,2025-09-24,301049751,73239990,SB-12 STEEL TEA STRAINER BIG (QTY:1026 PCS/USD 0.9770 PER PCS)SB-12 STEEL TEA STRAINER BIG (QTY:1026 PCS/USD 0.9770 PER PC,,,,,,,,,250.8,KGS,384.0942583732057,96330.84,4.322951698066468,1084.19628587507,27069.0,2025,9,KG,Unknown,,Steel,1026.0,0.977,123399.84,492.0248803827751,Other,General,0.281000352535076,No
INNSA1,2025-09-24,301049751,73239990,HOUSEHOLD STEEL HOOK 3 PCS SET (2628) (QTY:432 SET/USD:0.360PER SET)HOUSEHOLD STEEL HOOK 3 PCS SET (2628) (QTY:432 SET/USD:0.360,,,,,,,,,14.64,KGS,987.6775956284152,14459.6,11.11623630420276,162.7416994935284,4063.1,2025,9,KG,Unknown,,Steel,432.0,,18522.7,1265.2117486338798,Other,General,0.2809967080693795,No
INNSA1,2025-09-23,301049751,73239990,MILD STEEL MULTI FUNCTION CLOTH STAND (RYX-02-020) (QTY: 1232 PCS/CNY 101 PER PCS)MILD STEEL MULTI FUNCTION CLOTH STAND (RYX-02-020) (QTY: 123,,,,,,,,,4004.0,KGS,434.3341333666334,1739073.87,4.888397674357157,19573.14428812606,488679.8,2025,9,KG,Unknown,,Steel,1232.0,,2227753.67,556.3820354645354,Other,General,0.2810000244555454,No
INNSA1,2025-09-23,301049751,73239990,H2740 STEEL CUTLERY HOLDER (QTY:24960 PCS/ USD 1.46 PER PCS) H2740 STEEL CUTLERY HOLDER (QTY:24960 PCS/ USD 1.46 PER PCS),,,,,,,,,9776.0,KGS,347.6034666530278,3398171.49,3.912250609488215,38246.16195835679,954886.2,2025,9,KG,Unknown,,Steel,24960.0,1.46,4353057.69,445.28004193944355,Other,General,0.2810000033282605,No
INNSA1,2025-09-23,301049751,73239990,H2740 STEEL CUTLERY HOLDER (QTY:24960 PCS/ USD 1.46 PER PCS)H2740 STEEL CUTLERY HOLDER (QTY:24960 PCS/ USD 1.46 PER PCS,,,,,,,,,9776.0,KGS,347.6034185761047,3398171.02,3.912250068386097,38246.15666854248,954886.0,2025,9,KG,Unknown,,Steel,24960.0,1.46,4353057.02,445.27997340425526,Other,General,0.2809999833380958,No
INNSA1,2025-09-20,301049751,73239990,HOUSEHOLD STEEL HOOK 3PCS SET (3888) (QTY:153600 SET/USD:0.24 PER SET)HOUSEHOLD STEEL HOOK 3PCS SET (3888) (QTY:153600 SET/USD:0.2,,,,,,,,,5120.0,KGS,660.84275390625,3383514.9,7.437734990503658,38081.20315137873,1239719.9,2025,9,KG,Unknown,,Steel,153600.0,,4623234.8,902.975546875,Other,General,0.36640001201117806,No
INNSA1,2025-09-10,301049751,73239990,"MILD STEEL MULTI FUNCTION CLOTH STAND (RYX-02-020) (QTY:1,232 PCS/CNY:101.00 PER PCS)MILD STEEL MULTI FUNCTION CLOTH STAND (RYX-02-020) (QTY:1,23",,,,,,,,,4004.0,KGS,427.8509965034965,1713115.39,4.807314567455016,19248.48752808988,627685.5,2025,9,KG,Unknown,,Steel,1.0,,2340800.8899999997,584.6156068931068,Other,General,0.36640001231907676,No
INNSA1,2025-09-09,301049751,73239990,STEEL BASKET BIG (SY-845-4) (QTY:800 PCS/USD:0.9710 PER PCS) STEEL BASKET BIG (SY-845-4) (QTY:800 PCS/USD:0.9710 PER PCS),,,,,,,,,150.0,KGS,499.2998,74894.97,5.610110112359552,841.5165168539327,27441.5,2025,9,KG,Unknown,,Steel,800.0,,102336.47,682.2431333333334,Other,General,0.36639977290864795,No
INNSA1,2025-09-05,301049751,73239990,MILD STEEL MULTI FUNCTION CLOTH STAND (RYX-02-026-3S) (QTY:1696 PCS/CNY: 81.50 PER PCS)MILD STEEL MULTI FUNCTION CLOTH STAND (RYX-02-026-3S) (QTY,,,,,,,,,6614.4,KGS,308.0440629535559,2037526.65,3.461169246669168,22893.55786516854,746549.7,2025,9,KG,Unknown,,Steel,1696.0,,2784076.3499999996,420.9113978592162,Other,General,0.36639996831452487,No
INNSA1,2025-09-02,301049751,73239990,SB-12 STEEL TEA STRAINER BIG (QTY:4842 PCS/USD 0.977 PER PCS)SB-12 STEEL TEA STRAINER BIG (QTY:4842 PCS/USD 0.977 PER PCS,,,,,,,,,1183.6,KGS,381.6843697194998,451761.62,4.342256765864617,5139.49510807736,165525.4,2025,9,KG,Unknown,,Steel,4842.0,0.977,617287.02,521.5334741466712,Other,General,0.36639987256996287,No
INNSA1,2025-09-02,301049751,73239990,SY-845-4 STEEL BASKET BIG (QTY 37200 PCS/USD 0.9691 PER PCS) SY-845-4 STEEL BASKET BIG (QTY 37200 PCS/USD 0.9691 PER PCS),,,,,,,,,6975.0,KGS,506.1900172043012,3530675.37,5.758703267398193,40166.95529010239,1293639.5,2025,9,KG,Unknown,,Steel,37200.0,0.9691,4824314.87,691.6580458781362,Other,General,0.3664000125845611,No
INNSA1,2025-09-02,301049751,73239990,NP-55 STEEL TEA STRAINER (QTY:50400 PCS/USD 0.270 PER PCS) NP-55 STEEL TEA STRAINER (QTY:50400 PCS/USD 0.270 PER PCS),,,,,,,,,2310.0,KGS,562.5649134199134,1299524.95,6.400055897837468,14784.12912400455,476146.0,2025,9,KG,Unknown,,Steel,50400.0,0.27,1775670.95,768.688722943723,Other,General,0.3664000448779379,No
INNSA1,2025-09-02,301049751,73239990,AM-321 STEEL DRAINER (QTY:21648 PCS/USD 0.702 PER PCS) AM-321 STEEL DRAINER (QTY:21648 PCS/USD 0.702 PER PCS),,,,,,,,,2976.6,KGS,487.5564066384466,1451260.4,5.546716799072201,16510.35722411831,531741.8,2025,9,KG,Unknown,,Steel,21648.0,0.702,1983002.2,666.1970704831016,Other,General,0.36639999272356644,No
INNSA1,2025-08-30,301049751,73239990,STEEL SALT BOTTLE (NP-19) (QTY: 36180 PC/USD 0.446 PER PC) STEEL SALT BOTTLE (NP-19) (QTY: 36180 PC/USD 0.446 PER PC),,,,,,,,,5628.0,KGS,271.1943105899076,1526281.58,3.085259506142294,17363.84050056883,559229.5,2025,8,KG,Unknown,,Steel,36180.0,0.446,2085511.08,370.5598933901919,Other,General,0.36639995353937244,No
INNSA1,2025-08-29,301049751,73231000,"STEEL SCRUBBER 6PCS SET (OKS-4156) (QTY:98,400 SET/USD:0.228PER SET)STEEL SCRUBBER 6PCS SET (OKS-4156) (QTY:98,400 SET/USD:0.228",,,,,,,,,8856.0,KGS,242.0626456639566,2143706.79,2.753841247599051,24388.0180887372,942373.5,2025,8,KG,Unknown,,Steel,98.0,,3086080.29,348.47338414634146,Other,General,0.43959999772170333,No
INNSA1,2025-08-23,301049751,73231000,STEEL SCRUBBER (8001-12) (QTY:263520 PCS/USD:0.078 PER PCS) STEEL SCRUBBER (8001-12) (QTY:263520 PCS/USD:0.078 PER PCS),,,,,,,,,4758.0,KGS,399.7661097099622,1902087.15,4.547964843116748,21639.21672354949,836157.4,2025,8,KG,Unknown,,Steel,263520.0,,2738244.55,575.5032681799075,Other,General,0.43959994156944915,No
INNSA1,2025-08-23,301049751,73231000,STEEL SCRUBBER 6 PCS SET (GT001) (QTY:1260 PCS/USD:0.238 PERPCS)STEEL SCRUBBER 6 PCS SET (GT001) (QTY:1260 PCS/USD:0.238 PER,,,,,,,,,180.0,KGS,154.1690555555556,27750.43,1.753914170142839,315.704550625711,12199.1,2025,8,KG,Unknown,,Steel,1260.0,,39949.53,221.94183333333334,Other,General,0.4396003953812608,No
INNSA1,2025-08-20,301049751,73239990,STEEL SPRINKLER (AM-430) (QTY: 30072 PCS/USD 0.578 PER PCS) STEEL SPRINKLER (AM-430) (QTY: 30072 PCS/USD 0.578 PER PCS),,,,,,,,,5012.0,KGS,326.0750738228252,1634288.27,3.680305573621053,18445.69153498872,598803.3,2025,8,KG,Unknown,,Steel,30072.0,0.578,2233091.5700000003,445.54899640861936,Other,General,0.36640004764887657,No
INNSA1,2025-08-20,301049751,73239990,STEEL SALT BOTTLE (NP-19) (QTY: 36000 PCS/USD 0.445 PER PCS) STEEL SALT BOTTLE (NP-19) (QTY: 36000 PCS/USD 0.445 PER PCS),,,,,,,,,5600.0,KGS,268.9756428571429,1506263.6,3.035842470170913,17000.71783295711,551895.0,2025,8,KG,Unknown,,Steel,36000.0,0.445,2058158.6,367.5283214285715,Other,General,0.3664000112596493,No
INNSA1,2025-08-16,301049751,73231000,"STEEL SCRUBBER 6PCS SET (OKS-4156) (QTY:98,400 SET/USD:0.228PER SET)STEEL SCRUBBER 6PCS SET (OKS-4156) (QTY:98,400 SET/USD:0.228",,,,,,,,,8856.0,KGS,235.9864363143631,2089895.88,2.663503795873174,23587.98961625282,918718.2,2025,8,KG,Unknown,,Steel,98.0,,3008614.08,339.7260704607046,Other,General,0.43959998619644153,No
INNSA1,2025-08-07,301049751,73239990,STEEL BASKET SQUARE (SY-845-6) (QTY: 4400 PCS/USD 0.702 PERPCS)STEEL BASKET SQUARE (SY-845-6) (QTY: 4400 PCS/USD 0.702 PER,,,,,,,,,660.0,KGS,436.1330455,287847.81,5.024574256,3316.219009,105467.5,2025,8,KG,Unknown,,Steel,4400.0,0.702,393315.31,595.9322878787879,Other,General,0.3664002168368069,No
INNSA1,2025-08-01,301049751,73231000,STEEL SCRUBBER 2 PCS SET (8001-2) (QTY:336000 SET/USD:0.139PER SET)STEEL SCRUBBER 2 PCS SET (8001-2) (QTY:336000 SET/USD:0.139,,,,,,,,,9800.0,KGS,438.0730643,4293116.03,5.046924704,49459.8621,1887253.8,2025,8,KG,Unknown,,Steel,336000.0,,6180369.83,630.6499826530612,Other,General,0.43959999841886405,No
INNSA1,2025-07-29,301049751,73239990,"STEEL TEA STRAINER BIG (SB-12) (QTY:1,332 PCS/USD:0.973 PERPCS)STEEL TEA STRAINER BIG (SB-12) (QTY:1,332 PCS/USD:0.973 PER",,,,,,,,,325.6,KGS,371.794041769042,121056.14,4.28334149503504,1394.65599078341,44354.9,2025,7,KG,Unknown,,Steel,1.0,,165411.04,508.0191646191646,Other,General,0.366399424267121,No
INNSA1,2025-07-29,301049751,73239990,"STEEL TEA STRAINER (NP-55) (QTY:1,00,800 PCS/USD:0.269 PER PCS)STEEL TEA STRAINER (NP-55) (QTY:1,00,800 PCS/USD:0.269 PER P",,,,,,,,,4620.0,KGS,548.200285714286,2532685.32,6.31567149440421,29178.4023041475,927975.9,2025,7,KG,Unknown,,Steel,1.0,,3460661.2199999997,749.0608701298701,Other,General,0.3663999995072424,No
INNSA1,2025-07-28,301049751,73239990,"STEEL BASKET SQUARE (SY-845-6) (QTY: 82,800 PCS/USD:0.7012 PCS)STEEL BASKET SQUARE (SY-845-6) (QTY: 82,800 PCS/USD:0.7012 P",,,,,,,,,12006.0,KGS,448.122178910545,5380154.88,5.16269791371595,61983.3511520737,1971288.8,2025,7,KG,Unknown,,Steel,82.0,,7351443.68,612.3141495918707,Other,General,0.3664000096592015,No
INNSA1,2025-07-23,301049751,73239990,STEEL CUTLERY HOLDER (H2740) (QTY: 24960 NOS/USD 1.55 PER NOS)STEEL CUTLERY HOLDER (H2740) (QTY: 24960 NOS/USD 1.55 PER NO,,,,,,,,,9776.0,KGS,361.085180032733,3529968.72,4.15996751189785,40667.8423963134,1293380.5,2025,7,KG,Unknown,,Steel,24960.0,1.55,4823349.220000001,493.3867860065467,Other,General,0.3663999889494771,No
INNSA1,2025-07-22,301049751,73231000,STEEL SCRUBBER 2 PCS SET (8001-2) (QTY:168000 SETS/USD:0.139PER PCS)STEEL SCRUBBER 2 PCS SET (8001-2) (QTY:168000 SETS/USD:0.139,,,,,,,,,4900.0,KGS,448.699487755102,2198627.49,5.16934893727076,25329.8097926267,966516.6,2025,7,KG,Unknown,,Steel,168000.0,,3165144.0900000003,645.9477734693878,Other,General,0.43959997971279796,No
INNSA1,2025-07-17,301049751,73239990,STEEL SPRINKLER (AM-430) (QTY: 2880 PCS/USD 0.579 PER PCS) STEEL SPRINKLER (AM-430) (QTY: 2880 PCS/USD 0.579 PER PCS),,,,,,,,,528.0,KGS,297.140397727273,156890.13,3.44710438198692,1820.0711136891,57484.5,2025,7,KG,Unknown,,Steel,2880.0,0.579,214374.63,406.01255681818185,Other,General,0.3663997218945513,No
INNSA1,2025-07-17,301049751,73239990,STEEL HAND BLENDER (SR-13) (QTY: 540 PCS/USD 0.337 PER PCS) STEEL HAND BLENDER (SR-13) (QTY: 540 PCS/USD 0.337 PER PCS),,,,,,,,,33.0,KGS,518.840909090909,17121.75,6.01903606834001,198.62819025522,6273.4,2025,7,KG,Unknown,,Steel,540.0,0.337,23395.15,708.9439393939394,Other,General,0.3663994626717479,No
INNSA1,2025-07-17,301049751,73239990,STEEL SALT BOTTLE (NP-19) (QTY: 6624 PCS/USD 0.446 PER PCS) STEEL SALT BOTTLE (NP-19) (QTY: 6624 PCS/USD 0.446 PER PCS),,,,,,,,,1030.4,KGS,269.75735636646,277957.98,3.12943568870603,3224.57053364269,101843.9,2025,7,KG,Unknown,,Steel,6624.0,0.446,379801.88,368.5965450310559,Other,General,0.3664003458364462,No
INNSA1,2025-07-17,301049751,73239390,STEEL FILTER BALL WITH CHAIN (SR-10) (QTY: 540 PCS/USD 0.258PER PCS)STEEL FILTER BALL WITH CHAIN (SR-10) (QTY: 540 PCS/USD 0.25,,,,,,,,,12.0,KGS,1087.74416666667,13052.93,12.6188418406806,151.426102088167,4782.7,2025,7,KG,Unknown,,Steel,540.0,0.258,17835.63,1486.3025,Other,General,0.3664081551038732,No
INNSA1,2025-07-16,301049751,73239990,STEEL HANGER WITH HOOK (SL-89) (QTY: 70056 PCS/CNY 7.45 PERPCS)STEEL HANGER WITH HOOK (SL-89) (QTY: 70056 PCS/CNY 7.45 PER,,,,,,,,,15568.0,KGS,416.915485611511,6490540.28,4.83660656161846,75296.2909512761,2378134.0,2025,7,KG,Unknown,,Steel,70056.0,,8868674.280000001,569.6733221993834,Other,General,0.36640000637974623,No
INNSA1,2025-07-15,301049751,73239390,STEEL INFUSER (SR-20) (QTY: 360 PCS/USD 0.743 PER PCS) STEEL INFUSER (SR-20) (QTY: 360 PCS/USD 0.743 PER PCS),,,,,,,,,15.0,KGS,1678.82466666667,25182.37,19.4759242072699,292.138863109049,9226.8,2025,7,KG,Unknown,,Steel,360.0,0.743,34409.17,2293.9446666666668,Other,General,0.36639919118017883,No
INNSA1,2025-07-15,301049751,73239990,"MILD STEEL MULTI FUNCTION CLOTH STAND (RYX-02-020) (QTY:1,232 PCS/ CNY:101 PER PCS)MILD STEEL MULTI FUNCTION CLOTH STAND (RYX-02-020) (QTY:1,23",,,,,,,,,4004.0,KGS,424.516780719281,1699765.19,4.92478863943481,19718.853712297,622793.9,2025,7,KG,Unknown,,Steel,1.0,,2322559.09,580.0597127872128,Other,General,0.36639996139702097,No
INNSA1,2025-07-10,301049751,73239990,SB-12 STEEL TEA STRAINER BIG (QTY:44226 PCS/USD 0.975 PER PCS)SB-12 STEEL TEA STRAINER BIG (QTY:44226 PCS/USD 0.975 PER PC,,,,,,,,,10810.8,KGS,394.952712102712,4269754.78,4.58181800583193,49533.1180974478,1564438.2,2025,7,KG,Unknown,,Steel,44226.0,0.975,5834192.98,539.6633903133904,Other,General,0.3664000113842603,No
INNSA1,2025-07-02,301049751,73231000,"STEEL SCRUBBER 6PCS SET (OKS-4156) (QTY:98,400 PCS/USD:0.228PER PCS)STEEL SCRUBBER 6PCS SET (OKS-4156) (QTY:98,400 PCS/USD:0.228",,,,,,,,,9151.0,KGS,237.423678286526,2172664.08,2.70876986065632,24787.9529948659,955103.1,2025,7,KG,Unknown,,Steel,98.0,,3127767.18,341.79512403016065,Other,General,0.43959998639090125,No
INNSA1,2025-06-28,301049751,73231000,STEEL SCRUBBER 2PCS SET (8001-2) (QTY: 168000 SET/USD 0.142PER SET)STEEL SCRUBBER 2PCS SET (8001-2) (QTY: 168000 SET/USD 0.142,,,,,,,,,4900.0,KGS,468.819102,2297213.6,5.348763286,26208.9401,1009855.1,2025,6,KG,Unknown,,Steel,168000.0,0.142,3307068.7,674.9119795918368,Other,General,0.43960000062684634,No
INNSA1,2025-06-27,301049751,73239990,MILD STEEL MULTI FUNCTION CLOTH STAND (RYX-02-020) (QTY: 1232 PCS/CNY 101 PER PCS)MILD STEEL MULTI FUNCTION CLOTH STAND (RYX-02-020) (QTY: 123,,,,,,,,,4004.0,KGS,431.5472852,1727915.33,4.923528639,19713.80867,633108.2,2025,6,KG,Unknown,,Steel,1232.0,,2361023.5300000003,589.6662162837164,Other,General,0.36640001336176575,No
INNSA1,2025-06-25,301049751,73239990,STEEL SPRINKLER (AM-430) (QTY:528 PCS/USD:0.5776 PER PCS) STEEL SPRINKLER (AM-430) (QTY:528 PCS/USD:0.5776 PER PCS),,,,,,,,,96.8,KGS,317.7392562,30757.16,3.625091343,350.908842,11269.4,2025,6,KG,Unknown,,Steel,528.0,,42026.56,434.1586776859504,Other,General,0.3663992384212326,No
INNSA1,2025-06-25,301049751,73239990,STEEL CUTLERY HOLDER (H2740) (QTY:24960 NOS/USD:1.55 PER PCS)STEEL CUTLERY HOLDER (H2740) (QTY:24960 NOS/USD:1.55 PER PCS,,,,,,,,,9776.0,KGS,367.9828744,3597400.58,4.198321442,41042.79042,1318087.6,2025,6,KG,Unknown,,Steel,24960.0,,4915488.18,502.81180237315874,Other,General,0.3664000076410729,No
INNSA1,2025-06-23,301049751,73239990,STEEL SPRINKLER (AM-430) (QTY: 76968 PCS/USD 0.578 PER PCS) STEEL SPRINKLER (AM-430) (QTY: 76968 PCS/USD 0.578 PER PCS),,,,,,,,,14110.8,KGS,297.680578,4200511.1,3.39624162,47923.68625,1539067.2,2025,6,KG,Unknown,,Steel,76968.0,0.578,5739578.3,406.7507370241234,Other,General,0.36639998404003743,No
INNSA1,2025-06-23,301049751,73239990,STEEL SALT BOTTLE (NP-19) (QTY: 44100 PCS/USD 0.445 PER PCS) STEEL SALT BOTTLE (NP-19) (QTY: 44100 PCS/USD 0.445 PER PCS),,,,,,,,,6860.0,KGS,270.1087026,1852945.7,3.081673732,21140.2818,678919.3,2025,6,KG,Unknown,,Steel,44100.0,0.445,2531865.0,369.0765306122449,Other,General,0.36639999758222813,No
INNSA1,2025-06-10,301049751,73231000,STEEL SCRUBBER 2PCS SET (8001-2) (QTY: 168000 SET/USD 0.142PER SET)STEEL SCRUBBER 2PCS SET (8001-2) (QTY: 168000 SET/USD 0.142,,,,,,,,,4900.0,KGS,459.576667346939,2251925.67,5.2977137446333,25958.7973487032,989946.5,2025,6,KG,Unknown,,Steel,168000.0,0.142,3241872.17,661.6065653061224,Other,General,0.4395999891062124,No
INNSA1,2025-06-05,301049751,73239990,STEEL TEA STRAINER BIG (SB-12) (QTY:12600 PCS/USD:0.986 PERPCS)STEEL TEA STRAINER BIG (SB-12) (QTY:12600 PCS/USD:0.986 PER,,,,,,,,,3080.0,KGS,372.736003246753,1148026.89,4.31407411165224,13287.3482638889,420637.0,2025,6,KG,Unknown,,Steel,12600.0,,1568663.89,509.30645779220777,Other,General,0.3663999542728481,No
INNSA1,2025-06-05,301049751,73239990,"STEEL DRAINER (AM-321) (QTY:50,856 PCS/USD:0.712 PER PCS) STEEL DRAINER (AM-321) (QTY:50,856 PCS/USD:0.712 PER PCS)",,,,,,,,,6357.0,KGS,526.349990561586,3346006.89,6.09201377964798,38726.9315972222,1225976.9,2025,6,KG,Unknown,,Steel,50.0,,4571983.79,719.2046232499607,Other,General,0.3663999926790348,No
INNSA1,2025-06-05,301049751,73239990,HOUSEHOLD STEEL HOOK 3PCS SET (2628) (QTY:1332 PKT/USD:0.370PER PKT)HOUSEHOLD STEEL HOOK 3PCS SET (2628) (QTY:1332 PKT/USD:0.370,,,,,,,,,45.14,KGS,985.659503766061,44492.67,11.4080961084035,514.961458333333,16302.1,2025,6,KG,Unknown,,Steel,1332.0,,60794.77,1346.8048294195835,Other,General,0.3663996788684518,No
INNSA1,2025-06-05,301049751,73239990,STEEL TEA STRAINER (NP-55) (QTY:50400 PCS/USD:0.277 PER PCS) STEEL TEA STRAINER (NP-55) (QTY:50400 PCS/USD:0.277 PER PCS),,,,,,,,,2310.0,KGS,558.473974025974,1290074.88,6.46381914381914,14931.4222222222,472683.5,2025,6,KG,Unknown,,Steel,50400.0,,1762758.38,763.0988658008657,Other,General,0.3664000495847187,No
INNSA1,2025-06-03,301049751,73231000,STEEL SCRUBBER 6PCS SET (OKS-4156) (QTY:98400 PCS/USD:0.238PER PCS)STEEL SCRUBBER 6PCS SET (OKS-4156) (QTY:98400 PCS/USD:0.238,,,,,,,,,8856.0,KGS,238.020627822945,2107910.68,2.75486837758038,24397.1143518519,926637.5,2025,6,KG,Unknown,,Steel,98400.0,,3034548.18,342.65449186991873,Other,General,0.4395999834300379,No
INNSA1,2025-05-27,301049751,73239990,MILD STEEL MULTI FUNCTION CLOTH STAND (RYX-02-020) (QTY: 2464 NOS/USD 101 PER CNY)MILD STEEL MULTI FUNCTION CLOTH STAND (RYX-02-020) (QTY: 246,,,,,,,,,8008.0,KGS,401.971275,3218985.97,4.652445312,37256.78206,1179436.5,2025,5,KG,Unknown,,Steel,2464.0,101.0,4398422.470000001,549.2535551948052,Other,General,0.3664000126101823,No
INNSA1,2025-05-26,301049751,73239990,MILD STEEL MULTI FUNCTION CLOTH STAND (RYX-02-026-3S) (QTY:848 NOS/CNY 81.50 PER NOS)MILD STEEL MULTI FUNCTION CLOTH STAND (RYX-02-026-3S) (QTY:,,,,,,,,,3307.2,KGS,284.2399552,940038.38,3.289814297,10880.07384,344430.1,2025,5,KG,Unknown,,Steel,848.0,,1284468.48,388.3854862119013,Other,General,0.3664000399643257,No
INNSA1,2025-05-23,301049751,73239990,STEEL SALT BOTTLE (NP-19) (QTY: 21924 PCS/USD 0.442 PER PCS) STEEL SALT BOTTLE (NP-19) (QTY: 21924 PCS/USD 0.442 PER PCS),,,,,,,,,3349.5,KGS,265.2749425,888538.42,3.070311835,10284.00949,325560.5,2025,5,KG,Unknown,,Steel,21924.0,0.442,1214098.92,362.4716883116883,Other,General,0.36640002578616687,No
INNSA1,2025-05-23,301049751,73239990,"STEEL TEA STRAINER BIG (SB-12) (QTY:12,600 PCS/USD:0.980 PERPCS)STEEL TEA STRAINER BIG (SB-12) (QTY:12,600 PCS/USD:0.980 PER",,,,,,,,,3080.0,KGS,362.2134448,1115617.41,4.192285241,12912.23854,408762.2,2025,5,KG,Unknown,,Steel,12.0,,1524379.6099999999,494.9284448051948,Other,General,0.3663999829475591,No
INNSA1,2025-05-23,301049751,73239990,"STEEL DRAINER (AM-321) (QTY:49,944 PCS/USD:0.708 PER PCS) STEEL DRAINER (AM-321) (QTY:49,944 PCS/USD:0.708 PER PCS)",,,,,,,,,6243.0,KGS,511.7311997,3194737.88,5.922814812,36976.13287,1170552.0,2025,5,KG,Unknown,,Steel,49.0,,4365289.88,699.2295178600032,Other,General,0.36640001276098433,No
INNSA1,2025-05-23,301049751,73239990,"STEEL TEA STRAINER (NP-55) (QTY:50,400 PCS/USD:0.275 PER PCS)STEEL TEA STRAINER (NP-55) (QTY:50,400 PCS/USD:0.275 PER PCS",,,,,,,,,2310.0,KGS,542.0881342,1252223.59,6.27416822,14493.32859,458814.7,2025,5,KG,Unknown,,Steel,50.0,,1711038.29,740.7092164502164,Other,General,0.36639998133240725,No
INNSA1,2025-05-20,301049751,73231000,STEEL SCRUBBER (8001-12) (QTY:276048 PCS/USD:0.08 PER PCS) STEEL SCRUBBER (8001-12) (QTY:276048 PCS/USD:0.08 PER PCS),,,,,,,,,4795.0,KGS,412.8381773,1979559.06,4.778219644,22911.56319,870214.2,2025,5,KG,Unknown,,Steel,276048.0,,2849773.26,594.3218477580813,Other,General,0.4396000188041876,No
INNSA1,2025-05-20,301049751,73231000,STEEL SCRUBBER 2PCS SET (8001-2) (QTY: 168000 SET/USD 0.142PER SET)STEEL SCRUBBER 2PCS SET (8001-2) (QTY: 168000 SET/USD 0.142,,,,,,,,,4900.0,KGS,435.2433857,2132692.59,5.037539187,24683.94201,937531.7,2025,5,KG,Unknown,,Steel,168000.0,0.142,3070224.29,626.5763857142857,Other,General,0.43960001755339717,No
INNSA1,2025-05-12,301049751,73239990,STEEL SPRINKLER (AM-430) (QTY: 21600 PC/USD 0.571 PER PC ) STEEL SPRINKLER (AM-430) (QTY: 21600 PC/USD 0.571 PER PC ),,,,,,,,,3960.0,KGS,285.9887551,1132515.47,3.342942783,13238.05342,414953.7,2025,5,KG,Unknown,,Steel,21600.0,0.571,1547469.17,390.7750429292929,Other,General,0.3664000280720227,No
INNSA1,2025-05-12,301049751,73231000,STEEL SCRUBBER 6PCS SET (OKS-4156) (QTY: 94800 SET/USD 0.23PER SET)STEEL SCRUBBER 6PCS SET (OKS-4156) (QTY: 94800 SET/USD 0.23,,,,,,,,,7708.8,KGS,251.8633043,1941563.84,2.944047975,22695.07703,853511.5,2025,5,KG,Unknown,,Steel,94800.0,0.23,2795075.34,362.58241749688665,Other,General,0.4396000185087913,No
INNSA1,2025-05-09,301049751,73231000,SS SCRUBBER 3PCS SET (SS410) (QTY:120720 SETS/USD:0.16 PER SET)SS SCRUBBER 3PCS SET (SS410) (QTY:120720 SETS/USD:0.16 PER S,,,,,,,,,7545.0,KGS,235.760001325381,1778809.21,2.75581532817511,20792.6266510812,781964.5,2025,5,KG,Unknown,,General,120720.0,,2560773.71,339.4000941020543,Other,General,0.4395999838566161,No
INNSA1,2025-05-06,301049751,73239990,STEEL SPRINKLER (AM-430) (QTY: 19200 PCS/USD 0.5680 PER PCS) STEEL SPRINKLER (AM-430) (QTY: 19200 PCS/USD 0.5680 PER PCS),,,,,,,,,3200.0,KGS,311.870534375,997985.71,3.6454767314436,11665.5255406195,365661.9,2025,5,KG,Unknown,,Steel,19200.0,0.568,1363647.6099999999,426.13987812499994,Other,General,0.3663999357265346,No
INNSA1,2025-05-06,301049751,73231000,STEEL SCRUBBER 2PCS SET (8001-2) (QTY: 168000 SET/USD 0.142PER SET)STEEL SCRUBBER 2PCS SET (8001-2) (QTY: 168000 SET/USD 0.142,,,,,,,,,4900.0,KGS,432.708316326531,2120270.75,5.05795811018738,24783.9947399182,932071.1,2025,5,KG,Unknown,,Steel,168000.0,0.142,3052341.85,622.9269081632654,Other,General,0.43960003692924593,No
INNSA1,2025-05-06,301049751,73239990,STEEL SALT BOTTLE (NP-19) (QTY:28152 PCS/USD 0.4370 PER PCS) STEEL SALT BOTTLE (NP-19) (QTY:28152 PCS/USD 0.4370 PER PCS),,,,,,,,,4379.2,KGS,257.08125,1125810.21,3.00504091174752,13159.6751607247,412496.8,2025,5,KG,Unknown,,Steel,28152.0,0.437,1538307.01,351.2758060833029,Other,General,0.36639994586654173,No
INNSA1,2025-05-05,301049751,73239990,HOUSEHOLD STEEL HOOK 3PCS SET (2628) (QTY: 167940 SET/USD 0.37 PER SET)HOUSEHOLD STEEL HOOK 3PCS SET (2628) (QTY: 167940 SET/USD 0.,,,,,,,,,5691.3,KGS,947.908057912955,5394829.13,11.0801643239387,63060.5392168323,1976665.4,2025,5,KG,Unknown,,Steel,167940.0,0.37,7371494.529999999,1295.221571521445,Other,General,0.36640000125453465,No
INNSA1,2025-05-04,301049751,73239990,STEEL BASKET BIG (SY-845-4) (QTY: 5232 PC/USD 1.004 PER PC) STEEL BASKET BIG (SY-845-4) (QTY: 5232 PC/USD 1.004 PER PC),,,,,,,,,981.0,KGS,485.03127420999,475815.68,5.66956486510801,5561.84313267095,174338.8,2025,5,KG,Unknown,,Steel,5232.0,1.004,650154.48,662.7466666666667,Other,General,0.3663998630730286,No
INNSA1,2025-05-01,301049751,73239990,SY-845-7 STEEL BASKET ROUND (QTY 50400 PCS/USD 0.5371 PER PCS)SY-845-7 STEEL BASKET ROUND (QTY 50400 PCS/USD 0.5371 PER PC,,,,,,,,,5880.0,KGS,426.133331632653,2505663.99,4.9320987457483,29000.740625,918075.3,2025,5,KG,Unknown,,Steel,50400.0,0.5371,3423739.29,582.2685867346939,Other,General,0.36640000561288344,No
INNSA1,2025-05-01,301049751,73239990,SY-845-4 STEEL BASKET BIG (QTY 14768 PCS/USD 1.0055 PER PCS) SY-845-4 STEEL BASKET BIG (QTY 14768 PCS/USD 1.0055 PER PCS),,,,,,,,,2769.0,KGS,496.384073672806,1374487.5,5.7451860378797,15908.4201388889,503612.2,2025,5,KG,Unknown,,Steel,14768.0,1.0055,1878099.7,678.259191043698,Other,General,0.36639998544912195,No
INNSA1,2025-04-26,301049751,73239990,RYX-02-026-3S MILD STEEL MULTI FUNCTION CLOTH STAND (QTY :848 NUM/CNY 81.50 PER NUM)RYX-02-026-3S MILD STEEL MULTI FUNCTION CLOTH STAND (QTY :84,,,,,,,,,3307.2,KGS,272.327679003387,900642.1,3.15194072920586,10424.0983796296,329995.2,2025,4,KG,Unknown,,Steel,848.0,,1230637.3,372.1085208030963,Other,General,0.36639992734072724,No
INNSA1,2025-04-22,301049751,73239990,MILD STEEL MULTI FUNCTION CLOTH STAND (RYX-02-020) (QTY: 2464 PCS/CNY 101 PER PCS)MILD STEEL MULTI FUNCTION CLOTH STAND (RYX-02-020) (QTY: 246,,,,,,,,,8008.0,KGS,401.150300949051,3212411.61,4.64294329802142,37180.6899305555,1177027.6,2025,4,KG,Unknown,,Steel,2464.0,,4389439.21,548.1317694805194,Other,General,0.36639999567178755,No
INNSA1,2025-04-22,301049751,73239990,HOUSEHOLD STEEL HOOK 3PCS SET (3888) (QTY:6240 PCS/USD:0.255PER PCS)HOUSEHOLD STEEL HOOK 3PCS SET (3888) (QTY:6240 PCS/USD:0.255,,,,,,,,,214.5,KGS,694.29668997669,148926.64,8.03584131917465,1723.68796296296,54566.7,2025,4,KG,Unknown,,Steel,6240.0,,203493.34000000003,948.6868997668998,Other,General,0.3663998596893074,No
INNSA1,2025-04-21,301049751,73231000,STEEL SCRUBBER 2PCS SET (8001-2) (QTY:168000 SETS/USD:0.142PER PCS)STEEL SCRUBBER 2PCS SET (8001-2) (QTY:168000 SETS/USD:0.142,,,,,,,,,4900.0,KGS,437.00727755102,2141335.66,5.05795460128496,24783.9775462963,941331.1,2025,4,KG,Unknown,,Steel,168000.0,,3082666.7600000002,629.1156653061225,Other,General,0.4395999737845864,No
INNSA1,2025-04-18,301049751,73239990,"STEEL BASKET SMALL (SY-845-3) (QTY:8,260 PCS/USD:0.905 PER PCS)STEEL BASKET SMALL (SY-845-3) (QTY:8,260 PCS/USD:0.905 PER P",,,,,,,,,1239.0,KGS,551.819410815174,683704.25,6.38679873628673,7913.24363425926,250509.2,2025,4,KG,Unknown,,Steel,8.0,,934213.45,754.00601291364,Other,General,0.36639994559050937,No
INNSA1,2025-04-18,301049751,73239990,STEEL FRUIT BASKET (SD1078-B) (QTY:20400 PCS/USD:0.844 PER PCS)STEEL FRUIT BASKET (SD1078-B) (QTY:20400 PCS/USD:0.844 PER P,,,,,,,,,3910.0,KGS,402.749961636829,1574752.35,4.66145788931515,18226.3003472222,576989.2,2025,4,KG,Unknown,,Steel,20400.0,,2151741.55,550.3175319693095,Other,General,0.36639996123834956,No
INNSA1,2025-04-15,301049751,73239990,STEEL BASKET BIG (SY845-4) (QTY: 20000 PCS/USD 1.036 PER PCS)STEEL BASKET BIG (SY845-4) (QTY: 20000 PCS/USD 1.036 PER PCS,,,,,,,,,3750.0,KGS,510.659717333333,1914973.94,5.89676347959969,22112.8630484988,701646.5,2025,4,KG,Unknown,,Steel,20000.0,1.036,2616620.44,697.7654506666667,Other,General,0.3664000252661402,No
INNSA1,2025-04-15,301049751,73239990,STEEL BASKET SMALL (SY-845-3) (QTY: 11740 PCS/USD 0.905 PERPCS)STEEL BASKET SMALL (SY-845-3) (QTY: 11740 PCS/USD 0.905 PER,,,,,,,,,1761.0,KGS,557.609852356616,981950.95,6.43891284476461,11338.9255196305,359786.8,2025,4,KG,Unknown,,Steel,11740.0,0.905,1341737.75,761.918086314594,Other,General,0.366399971403867,No
INNSA1,2025-04-15,301049751,73239990,STEEL BASKET SQUARE (SY-845-6) (QTY: 20000 PCS/USD 0.741 PERPCS)STEEL BASKET SQUARE (SY-845-6) (QTY: 20000 PCS/USD 0.741 PER,,,,,,,,,3200.0,KGS,428.0272,1369687.04,4.94257736720554,15816.2475750577,501853.3,2025,4,KG,Unknown,,Steel,20000.0,0.741,1871540.34,584.85635625,Other,General,0.36639997703416977,No
INNSA1,2025-04-05,301049751,73239990,STEEL HANGER WITH HOOK (SL-89) (QTY:70056 PCS/CNY:7.45 PER PCS)STEEL HANGER WITH HOOK (SL-89) (QTY:70056 PCS/CNY:7.45 PER P,,,,,,,,,15568.0,KGS,407.216820400822,6339551.46,4.70227275289633,73204.9822170901,2322811.6,2025,4,KG,Unknown,,Steel,70056.0,,8662363.06,556.4210598663926,Other,General,0.3663999913331408,No
INNSA1,2025-04-04,301049751,73231000,STEEL SCRUBBER 6PCS SET (OKS-4156) (QTY: 98400 SET/USD 0.238PER SET)STEEL SCRUBBER 6PCS SET (OKS-4156) (QTY: 98400 SET/USD 0.238,,,,,,,,,9151.0,KGS,229.461285105453,2099800.22,2.64966841923156,24247.115704388,923072.1,2025,4,KG,Unknown,,Steel,98400.0,0.238,3022872.3200000003,330.33245765490113,Other,General,0.43959996346700064,No
INNSA1,2025-03-29,301049751,73239990,RYX-02-026-3S MILD STEEL MULTI FUNCTION CLOTH STAND (QTY :1696 NUM/CNY 81.50 PER NUM)RYX-02-026-3S MILD STEEL MULTI FUNCTION CLOTH STAND (QTY :16,,,,,,,,,6614.4,KGS,265.4704387397194,1755927.67,3.040898496445812,20113.71901489118,643371.9,2025,3,KG,Unknown,,Steel,1696.0,,2399299.57,362.7388077527818,Other,General,0.36640000097498326,No
INNSA1,2025-03-28,301049751,73239990,STEEL SPRINKLER (AM-430) (QTY: 24000 PCS/USD 0.574 PER PCS) STEEL SPRINKLER (AM-430) (QTY: 24000 PCS/USD 0.574 PER PCS),,,,,,,,,4400.0,KGS,289.6072909090909,1274272.08,3.317380193689472,14596.47285223368,466893.2,2025,3,KG,Unknown,,Steel,24000.0,0.574,1741165.28,395.71938181818183,Other,General,0.3663999292835483,No
INNSA1,2025-03-28,301049751,73239990,STEEL SPRINKLER (AM-430) (QTY: 26400 PC/USD 0.573 PER PCS) STEEL SPRINKLER (AM-430) (QTY: 26400 PC/USD 0.573 PER PCS),,,,,,,,,4180.0,KGS,337.4974593301435,1410739.38,3.865950278695802,16159.67216494845,516894.9,2025,3,KG,Unknown,,Steel,26400.0,0.573,1927634.2799999998,461.15652631578945,Other,General,0.3663999937394532,No
INNSA1,2025-03-27,301049751,73239990,RYX-02-020 MILD STEEL MULTI FUNCTION CLOTH STAND (QTY :4928NUM/CNY 101.00 PER NUM)RYX-02-020 MILD STEEL MULTI FUNCTION CLOTH STAND (QTY :4928,,,,,,,,,16016.0,KGS,387.1595604395605,6200747.52,4.434817416260716,71028.03573883162,2271953.9,2025,3,KG,Unknown,,Steel,4928.0,,8472701.42,529.014823926074,Other,General,0.36640000139854106,No
INNSA1,2025-03-27,301049751,73231000,STEEL SCRUBBER 2PCS SET (8001-2) (QTY:168000 SETS/USD:0.142PER SET)STEEL SCRUBBER 2PCS SET (8001-2) (QTY:168000 SETS/USD:0.142,,,,,,,,,4900.0,KGS,440.2226959183673,2157091.21,5.042642564929752,24708.94856815579,948257.2,2025,3,KG,Unknown,,Steel,168000.0,,3105348.41,633.7445734693878,Other,General,0.4395999555345645,No
INNSA1,2025-03-27,301049751,73239990,STEEL CUTLERY HOLDER (H2740) (QTY: 10008 PCS/USD 1.72 PER PCS)STEEL CUTLERY HOLDER (H2740) (QTY: 10008 PCS/USD 1.72 PER P,,,,,,,,,3919.8,KGS,395.5428057553956,1550448.69,4.530845426751382,17760.00790378007,568084.4,2025,3,KG,Unknown,,Steel,10008.0,1.72,2118533.09,540.4696897800908,Other,General,0.3663999999896804,No
INNSA1,2025-03-12,301049751,73231000,STEEL SCRUBBER 2 PCS SET (8001-2) (QTY:168000 SETS/USD:0.142PER SETS)STEEL SCRUBBER 2 PCS SET (8001-2) (QTY:168000 SETS/USD:0.142,,,,,,,,,4900.0,KGS,443.2040795918368,2171699.99,5.04788245548789,24734.62403189066,954679.3,2025,3,KG,Unknown,,Steel,168000.0,,3126379.29,638.0365897959184,Other,General,0.43959999281484546,No
INNSA1,2025-03-10,301049751,73239990,STEEL ROUND CONTAINER (6856) (QTY: 51768 PCS/USD 0.55 PER SET)STEEL ROUND CONTAINER (6856) (QTY: 51768 PCS/USD 0.55 PER SE,,,,,,,,,4314.0,KGS,592.6117640241075,2556527.15,6.749564510525143,29117.62129840547,936711.5,2025,3,KG,Unknown,,Steel,51768.0,0.55,3493238.65,809.7447032916087,Other,General,0.3663999813184069,No
INNSA1,2025-03-07,301049751,73231000,SS SCRUBBER 3PCS SET (SS410) (QTY: 120240 SET/USD 0.16 PER SET)SS SCRUBBER 3PCS SET (SS410) (QTY: 120240 SET/USD 0.16 PER S,,,,,,,,,7515.0,KGS,242.3211656686627,1821043.56,2.759922160235338,20740.81503416857,800530.8,2025,3,KG,Unknown,,General,120240.0,0.16,2621574.3600000003,348.8455568862276,Other,General,0.43960002801909914,No
INNSA1,2025-02-12,301049751,73239990,STEEL LUNCH BOX SMALL (6587) (QTY: 43560 PCS/USD 1.37 PER PCS)STEEL LUNCH BOX SMALL (6587) (QTY: 43560 PCS/USD 1.37 PER P,,,,,,,,,8839.05,KGS,614.6497700544743,5432920.05,6.953051697448803,61458.37160633483,1990621.9,2025,2,KG,Unknown,,Steel,43560.0,1.37,7423541.949999999,839.8574450874246,Other,General,0.3663999988367213,No
INNSA1,2025-02-12,301049751,73239990,STEEL ROUND CONTAINER (6856) (QTY: 62820 PCS/USD 0.55 PER PCS)STEEL ROUND CONTAINER (6856) (QTY: 62820 PCS/USD 0.55 PER P,,,,,,,,,5235.0,KGS,600.8538013371538,3145469.65,6.796988702908979,35582.23585972851,1152500.1,2025,2,KG,Unknown,,Steel,62820.0,0.55,4297969.75,821.0066380133716,Other,General,0.3664000064346512,No
INNSA1,2025-02-12,301049751,73239990,STEEL LUNCH BOX (6561) (QTY: 41580 PCS/USD 2.15 PER PCS) STEEL LUNCH BOX (6561) (QTY: 41580 PCS/USD 2.15 PER PCS),,,,,,,,,16285.5,KGS,499.7429437229437,8138563.71,5.653200720847781,92065.2003393665,2981969.7,2025,2,KG,Unknown,,Steel,41580.0,2.15,11120533.41,682.8487556415216,Other,General,0.36639999467424456,No
INNSA1,2025-02-12,301049751,73239990,STEEL ROUND CONTAINER (6857) (QTY: 137280 PCS/USD 0.69 PERPCS)STEEL ROUND CONTAINER (6857) (QTY: 137280 PCS/USD 0.69 PER,,,,,,,,,17503.2,KGS,492.6786324786325,8623452.64,5.573287697722087,97550.36923076924,3159633.1,2025,2,KG,Unknown,,Steel,137280.0,0.69,11783085.74,673.19608642991,Other,General,0.36640000611170515,No
INNSA1,2025-02-12,301049751,73239990,STEEL LUNCH BOX 3LAYER (8505) (QTY: 33300 PCS/USD 3.07 PERPCS)STEEL LUNCH BOX 3LAYER (8505) (QTY: 33300 PCS/USD 3.07 PER,,,,,,,,,21645.0,KGS,429.9815412335413,9306950.46,4.864044584089833,105282.2450226244,3410066.7,2025,2,KG,Unknown,3L,Steel,33300.0,3.07,12717017.16,587.5267803187803,Other,General,0.3664000055287712,No
INNSA1,2025-02-12,301049751,73239990,STEEL RECTANGLE CONTAINER BIG (6578) (QTY: 12852 PCS/USD 1.53 PER PCS)STEEL RECTANGLE CONTAINER BIG (6578) (QTY: 12852 PCS/USD 1.,,,,,,,,,3802.05,KGS,470.8354124748491,1790139.78,5.326192448810509,20250.45,655907.3,2025,2,KG,Unknown,,Steel,12852.0,1.53,2446047.08,643.3495298588919,Other,General,0.36640004726334835,No
INNSA1,2025-02-12,301049751,73239990,HOUSEHOLD STEEL HOOK 3 PCS SET (3888) (QTY:206928 SET/USD:0.255 PER SET)HOUSEHOLD STEEL HOOK 3 PCS SET (3888) (QTY:206928 SET/USD:0.,,,,,,,,,7072.0,KGS,694.1584884049772,4909088.83,7.852471588291597,55532.67907239818,1798690.2,2025,2,KG,Unknown,,Steel,206928.0,,6707779.03,948.4981660067874,Other,General,0.36640001073274525,No
INNSA1,2025-02-12,301049751,73239990,STEEL LUNCH BOX (6527) (QTY: 25044 PCS/USD 1.73 PER PCS) STEEL LUNCH BOX (6527) (QTY: 25044 PCS/USD 1.73 PER PCS),,,,,,,,,8723.66,KGS,452.1431234137964,3944342.88,5.114741215088197,44619.26334841629,1445207.3,2025,2,KG,Unknown,,Steel,25044.0,1.73,5389550.18,617.8083717155414,Other,General,0.3664000174345898,No
INNSA1,2025-02-12,301049751,73239990,STEEL RECTANGLE CONTAINER LARGE (6862) (QTY: 43644 PCS/USD1.29 PER PCS)STEEL RECTANGLE CONTAINER LARGE (6862) (QTY: 43644 PCS/USD,,,,,,,,,10911.0,KGS,469.7584272752269,5125534.2,5.314009358317045,57981.15610859729,1877995.7,2025,2,KG,Unknown,,Steel,43644.0,1.29,7003529.9,641.8779121986986,Other,General,0.36639999397526213,No
INNSA1,2025-02-10,301049751,73231000,STEEL SCRUBBER 6PCS SET (OKS-4156) (QTY: 98400 SET/USD 0.238PER SET)STEEL SCRUBBER 6PCS SET (OKS-4156) (QTY: 98400 SET/USD 0.238,,,,,,,,,9151.0,KGS,240.2683673915419,2198695.83,2.717967956917895,24872.12477375566,966546.7,2025,2,KG,Unknown,,Steel,98400.0,0.238,3165242.5300000003,345.8903431318982,Other,General,0.4396000059726315,No
INNSA1,2025-02-06,301049751,73239990,HOUSEHOLD STEEL HOOK 3PCS SET (2628) (QTY: 164808 SET/USD 0.370 PER SET)HOUSEHOLD STEEL HOOK 3PCS SET (2628) (QTY: 164808 SET/USD 0.,,,,,,,,,5585.16,KGS,974.1315647179313,5440680.65,11.18405929641712,62464.76061997705,1993465.4,2025,2,KG,Unknown,,Steel,164808.0,0.37,7434146.050000001,1331.053371792393,Other,General,0.3664000018085972,No
INNSA1,2025-02-03,301049751,73239990,SB-12 STEEL TEA STRAINER BIG (QTY: 23130 PCS/ USD 0.9890 PERPCS)SB-12 STEEL TEA STRAINER BIG (QTY: 23130 PCS/ USD 0.9890 PER,,,,,,,,,5140.0,KGS,441.0095038910507,2266788.85,5.063254924122282,26025.13030998853,830551.5,2025,2,KG,Unknown,,Steel,23130.0,0.989,3097340.35,602.5953988326849,Other,General,0.36640002883373984,No
INNSA1,2025-02-03,301049751,73239990,STEEL HANGER WITH HOOK (SM1168) (QTY: 57792 NOS/USD 1.23 PERNOS)STEEL HANGER WITH HOOK (SM1168) (QTY: 57792 NOS/USD 1.23 PER,,,,,,,,,10836.0,KGS,587.2612929125139,6363563.37,6.742379941590286,73060.42904707234,2331609.7,2025,2,KG,Unknown,,Steel,57792.0,1.23,8695173.07,802.4338381321521,Other,General,0.36640001276517503,No
INNSA1,2025-02-03,301049751,73239990,AM-321 STEEL DRAINER(QTY:16560 PCS/USD 0.7142 PER PCS) AM-321 STEEL DRAINER(QTY:16560 PCS/USD 0.7142 PER PCS),,,,,,,,,2277.0,KGS,514.7024330259113,1171977.44,5.909327589275676,13455.53892078071,429412.5,2025,2,KG,Unknown,,Steel,16560.0,0.7142,1601389.94,703.2893895476504,Other,General,0.36639997097555055,No
INNSA1,2025-01-29,301049751,73239990,RYX-02-026-3S MILD STEEL MULTI FUNCTION CLOTH STAND (QTY :848 NUM/CNY 81.50 PER NUM)RYX-02-026-3S MILD STEEL MULTI FUNCTION CLOTH STAND (QTY :84,,,,,,,,,3307.2,KGS,300.7694515,994704.73,3.453150993,11420.26096,364459.8,2025,1,KG,Unknown,,Steel,848.0,,1359164.53,410.9713745766812,Other,General,0.36639998685841174,No
INNSA1,2025-01-28,301049751,73231000,STEEL SCRUBBER 2PCS SET (8001-2) (QTY: 168000 SET/USD 0.142PER SET)STEEL SCRUBBER 2PCS SET (8001-2) (QTY: 168000 SET/USD 0.142,,,,,,,,,4900.0,KGS,463.2117408,2269737.53,5.318160055,26058.98427,997776.7,2025,1,KG,Unknown,,Steel,168000.0,0.142,3267514.2299999995,666.8396387755101,Other,General,0.43960003604469633,No
INNSA1,2025-01-27,301049751,73239990,STEEL LUNCH BOX 2 LAYER (8504) (QTY: 21660 PCS /USD 2.12 PERPCS)STEEL LUNCH BOX 2 LAYER (8504) (QTY: 21660 PCS /USD 2.12 PER,,,,,,,,,10360.7,KGS,401.2808797,4157550.81,4.607128354,47733.07474,1523326.6,2025,1,KG,Unknown,2L,Steel,21660.0,2.12,5680877.41,548.31019236152,Other,General,0.3663999959630079,No
INNSA1,2025-01-27,301049751,73239990,STEEL LUNCH BOX (6561) (QTY: 21780 PCS /USD 2.15 PER PCS) STEEL LUNCH BOX (6561) (QTY: 21780 PCS /USD 2.15 PER PCS),,,,,,,,,8530.5,KGS,497.0099678,4239743.53,5.7061994,48676.73398,1553442.1,2025,1,KG,Unknown,,Steel,21780.0,2.15,5793185.630000001,679.1144282281227,Other,General,0.36640001665383753,No
INNSA1,2025-01-27,301049751,73239990,STEEL LUNCH BOX SMALL (6587) (QTY: 54648 PCS /USD 1.37 PER PCS)STEEL LUNCH BOX SMALL (6587) (QTY: 54648 PCS /USD 1.37 PER P,,,,,,,,,11088.99,KGS,611.2882841,6778569.67,7.01823518,77825.13972,2483667.9,2025,1,KG,Unknown,,Steel,54648.0,1.37,9262237.57,835.2643090128137,Other,General,0.36639999600387674,No
INNSA1,2025-01-25,301049751,73231000,STEEL SCRUBBER (8001-12) (QTY: 269568 NOS/USD: 0.078 PER NOS)STEEL SCRUBBER (8001-12) (QTY: 269568 NOS/USD: 0.078 PER NOS,,,,,,,,,4838.0,KGS,418.1975486,2023239.74,4.801349582,23228.92928,889416.2,2025,1,KG,Unknown,,Steel,269568.0,,2912655.94,602.0371930549813,Other,General,0.439600005088868,No
INNSA1,2025-01-18,301049751,73239990,STEEL LUNCH BOX 2 LAYER (8504) (QTY : 22500 PCS / USD : 2.12PER PCS)STEEL LUNCH BOX 2 LAYER (8504) (QTY : 22500 PCS / USD : 2.12,,,,,,,,,10762.5,KGS,403.3320985,4340861.71,4.630678513,49837.6775,1590491.7,2025,1,KG,Unknown,2L,Steel,22500.0,,5931353.41,551.1129765389082,Other,General,0.36639999296360903,No
INNSA1,2025-01-18,301049751,73239990,STEEL RECTANGLE CONTAINER LARGE (6862) (QTY : 42552 PCS / USD : 1.29 PER PCS)STEEL RECTANGLE CONTAINER LARGE (6862) (QTY : 42552 PCS / U,,,,,,,,,10638.0,KGS,469.5775729,4995366.22,5.391246531,57352.0806,1830302.1,2025,1,KG,Unknown,,Steel,42552.0,,6825668.32,641.6307877420568,Other,General,0.3663999833830001,No
INNSA1,2025-01-18,301049751,73239990,STEEL LUNCH BOX (6527) (QTY : 26316 PCS / USD : 1.73 PER PCS)STEEL LUNCH BOX (6527) (QTY : 26316 PCS / USD : 1.73 PER PC,,,,,,,,,9166.74,KGS,451.9690512,4143082.78,5.189082103,47566.96648,1518025.6,2025,1,KG,Unknown,,Steel,26316.0,,5661108.38,617.570519072211,Other,General,0.3664000167527428,No
INNSA1,2025-01-18,301049751,73239990,STEEL LUNCH BOX (6561) (QTY : 21216 PCS / USD : 2.15 PER PCS)STEEL LUNCH BOX (6561) (QTY : 21216 PCS / USD : 2.15 PER PC,,,,,,,,,8309.6,KGS,499.5505452,4151065.21,5.735367912,47658.6132,1520950.3,2025,1,KG,Unknown,,Steel,21216.0,,5672015.51,682.5858657456436,Other,General,0.3664000016998047,No
INNSA1,2025-01-18,301049751,73239990,STEEL RECTANGLE CONTAINER (6901) (QTY : 55200 PCS / USD : 0.86 PER PCS)STEEL RECTANGLE CONTAINER (6901) (QTY : 55200 PCS / USD : 0.,,,,,,,,,8970.0,KGS,481.617961,4320113.11,5.529482904,49599.46165,1582889.5,2025,1,KG,Unknown,,Steel,55200.0,,5903002.61,658.0827881828317,Other,General,0.36640001307743536,No
INNSA1,2025-01-18,301049751,73239990,STEEL RECTANGLE CONTAINER BIG (6578) (QTY : 35400 PCS / USD: 1.53 PER PCS)STEEL RECTANGLE CONTAINER BIG (6578) (QTY : 35400 PCS / USD,,,,,,,,,10472.5,KGS,470.6541437,4928925.52,5.403606702,56589.27118,1805958.3,2025,1,KG,Unknown,,Steel,35400.0,,6734883.819999999,643.1018209596562,Other,General,0.36639999786403754,No
INNSA1,2025-01-17,301049751,73239990,STEEL DRAINER (AM-321) (QTY: 43416 PCS /USD 0.7133 PER PCS) STEEL DRAINER (AM-321) (QTY: 43416 PCS /USD 0.7133 PER PCS),,,,,,,,,5969.7,KGS,492.7873846,2941792.85,5.657719686,33774.88921,1077873.0,2025,1,KG,Unknown,,Steel,43416.0,0.7133,4019665.85,673.3446990636046,Other,General,0.3664000339112932,No
INNSA1,2025-01-17,301049751,73239990,STEEL TEA STRAINER BIG (SB-12) (QTY : 50400 PCS /USD 0.9876PER PCS)STEEL TEA STRAINER BIG (SB-12) (QTY : 50400 PCS /USD 0.9876,,,,,,,,,12320.0,KGS,383.787668,4728264.07,4.406287807,54285.46579,1732436.0,2025,1,KG,Unknown,,Steel,50400.0,0.9876,6460700.07,524.4074732142857,Other,General,0.36640000946478435,No
INNSA1,2025-01-15,301049751,73239990,RYX-02-026-3S MILD STEEL MULTI FUNCTION CLOTH STAND (QTY :848 NUM/CNY 81.50 PER NUM)RYX-02-026-3S MILD STEEL MULTI FUNCTION CLOTH STAND (QTY :84,,,,,,,,,3307.2,KGS,301.4711448,997025.37,3.481191048,11512.99503,365310.1,2025,1,KG,Unknown,,Steel,848.0,,1362335.47,411.930173560716,Other,General,0.36640000444522286,No
INNSA1,2025-01-14,301049751,73239990,STEEL SALT BOTTLE (NP-19) (QTY:612 PCS/USD:0.445 PER PCS) STEEL SALT BOTTLE (NP-19) (QTY:612 PCS/USD:0.445 PER PCS),,,,,,,,,95.2,KGS,269.460084,25652.6,3.111548314,296.2193995,9399.1,2025,1,KG,Unknown,,Steel,612.0,,35051.7,368.19012605042013,Other,General,0.36639950726242176,No
INNSA1,2025-01-14,301049751,73239990,STEEL SPRINKLER (AM-430) (QTY:50664 PCS/USD:0.566 PER PCS) STEEL SPRINKLER (AM-430) (QTY:50664 PCS/USD:0.566 PER PCS),,,,,,,,,8021.8,KGS,336.7162121,2701070.11,3.888177969,31190.18603,989672.1,2025,1,KG,Unknown,,Steel,50664.0,,3690742.21,460.0890336333491,Other,General,0.36640000433013564,No
INNSA1,2025-01-14,301049751,73239990,STEEL TEA STRAINER BIG (SB-12) (QTY: 25200 PCS/USD 0.988 PERPCS)STEEL TEA STRAINER BIG (SB-12) (QTY: 25200 PCS/USD 0.988 PER,,,,,,,,,6160.0,KGS,391.6578864,2412612.58,4.522608388,27859.26767,883981.3,2025,1,KG,Unknown,,Steel,25200.0,0.988,3296593.88,535.1613441558442,Other,General,0.3664000210095895,No
INNSA1,2025-01-14,301049751,73239990,STEEL DRAINER (AM-321) (QTY: 20784 PCS/USD 0.713 PER PCS) STEEL DRAINER (AM-321) (QTY: 20784 PCS/USD 0.713 PER PCS),,,,,,,,,2857.8,KGS,502.4778326,1435981.15,5.802284441,16581.76848,526143.4,2025,1,KG,Unknown,,Steel,20784.0,0.713,1962124.5499999998,686.5856777941073,Other,General,0.36639993498521906,No
INNSA1,2025-01-13,301049751,73239990,STEEL HANGER WITH HOOK (SL-89) (QTY:70056 PCS/ CNY:7.45 PERPCS)STEEL HANGER WITH HOOK (SL-89) (QTY:70056 PCS/ CNY:7.45 PER,,,,,,,,,15568.0,KGS,411.7987693,6410883.24,4.755182093,74028.67483,2348947.6,2025,1,KG,Unknown,,Steel,70056.0,,8759830.84,562.6818371017472,Other,General,0.36639999701507586,No
INNSA1,2025-01-09,301049751,73239990,STEEL SALT BOTTLE (NP-19) (QTY: 2916 PCS/USD 0.438 PER PCS) STEEL SALT BOTTLE (NP-19) (QTY: 2916 PCS/USD 0.438 PER PCS),,,,,,,,,453.6,KGS,265.9902116402116,120653.16,3.071480503928541,1393.223556581986,44207.3,2025,1,KG,Unknown,,Steel,2916.0,0.438,164860.46000000002,363.4489858906526,Other,General,0.36639985227075694,No
INNSA1,2025-01-08,301049751,73231000,STEEL SCRUBBER 2PCS SET (8001-2) (QTY: 168000 SET/USD 0.142PER SET)STEEL SCRUBBER 2PCS SET (8001-2) (QTY: 168000 SET/USD 0.142,,,,,,,,,4900.0,KGS,460.5525224489796,2256707.36,5.318158457840411,26058.97644341801,992048.5,2025,1,KG,Unknown,,Steel,168000.0,0.142,3248755.86,663.0114,Other,General,0.43959997542614476,No
INNSA1,2025-01-04,301049751,73231000,STEEL SCRUBBER 6 PCS SET (OKS-4156) (QTY: 98400 SET/USD: 0.238 PER SET)STEEL SCRUBBER 6 PCS SET (OKS-4156) (QTY: 98400 SET/USD: 0.2,,,,,,,,,9151.0,KGS,241.527206862638,2210215.47,2.788997769776421,25522.11859122402,971610.7,2025,1,KG,Unknown,,Steel,98400.0,,3181826.17,347.70256474702217,Other,General,0.43959999067421235,No
INNSA1,2025-01-03,301049751,73239990,STEEL ROUND CONTAINER (6856) (QTY : 122400 PCS / USD 0.55 PER PCS)STEEL ROUND CONTAINER (6856) (QTY : 122400 PCS / USD 0.55 P,,,,,,,,,10200.0,KGS,591.4582637254903,6032874.29,6.829772098446768,69663.67540415705,2210445.2,2025,1,KG,Unknown,,Steel,122400.0,0.55,8243319.49,808.1685774509804,Other,General,0.3664000099693773,No
INNSA1,2025-01-03,301049751,73239990,STEEL RECTANGLE CONTAINER LARGE (6862) (QTY : 42684 PCS / USD 1.29 PER PCS)STEEL RECTANGLE CONTAINER LARGE (6862) (QTY : 42684 PCS / U,,,,,,,,,10671.0,KGS,462.412824477556,4934407.25,5.339640005514504,56979.29849884527,1807966.7,2025,1,KG,Unknown,,Steel,42684.0,1.29,6742373.95,631.8408724580639,Other,General,0.3663999764105405,No
INNSA1,2025-01-03,301049751,73239990,STEEL ROUND CONTAINER MEDIUM (6581) (QTY : 87792 PCS / USD0.83 PER PCS)STEEL ROUND CONTAINER MEDIUM (6581) (QTY : 87792 PCS / USD,,,,,,,,,10608.2,KGS,615.5616211986952,6530000.79,7.108101861416807,75404.16616628176,2392592.3,2025,1,KG,Unknown,,Steel,87792.0,0.83,8922593.09,841.1034001998453,Other,General,0.36640000161470115,No
INNSA1,2025-01-03,301049751,73239990,STEEL RECTANGLE CONTAINER BIG (6578) (QTY : 26364 PCS / USD1.53 PER PCS)STEEL RECTANGLE CONTAINER BIG (6578) (QTY : 26364 PCS / USD,,,,,,,,,7799.35,KGS,463.4730573701654,3614788.59,5.351882879563111,41741.20773672056,1324458.6,2025,1,KG,Unknown,,Steel,26364.0,1.53,4939247.1899999995,633.2895933635494,Other,General,0.36640001677110534,No
INNSA1,2025-01-03,301049751,73239990,STEEL ROUND CONTAINER (6857) (QTY : 66840 PCS / USD 0.69 PER PCS)STEEL ROUND CONTAINER (6857) (QTY : 66840 PCS / USD 0.69 PE,,,,,,,,,8522.1,KGS,484.9747163257882,4133003.03,5.600169934477925,47725.20819861432,1514332.3,2025,1,KG,Unknown,,Steel,66840.0,0.69,5647335.33,662.6694511916077,Other,General,0.3663999975339965,No
INNSA1,2025-01-03,301049751,73239990,STEEL LUNCH BOX 2 LAYER (8504) (QTY : 22080 PCS / USD 2.12PER PCS)STEEL LUNCH BOX 2 LAYER (8504) (QTY : 22080 PCS / USD 2.12,,,,,,,,,10561.6,KGS,397.1782040599909,4194837.32,4.586353395611906,48439.23002309469,1536988.4,2025,1,KG,Unknown,2L,Steel,22080.0,2.12,5731825.720000001,542.7042985911226,Other,General,0.3664000014188869,No
INNSA1,2025-01-03,301049751,73239990,STEEL LUNCH BOX SMALL (6587) (QTY : 54792 PCS / USD 1.37 PER PCS)STEEL LUNCH BOX SMALL (6587) (QTY : 54792 PCS / USD 1.37 PE,,,,,,,,,11118.21,KGS,605.0385035001137,6726945.14,6.986587800232263,77678.35034642032,2464752.7,2025,1,KG,Unknown,,Steel,54792.0,1.37,9191697.84,826.724611245875,Other,General,0.3664000001046538,No
INNSA1,2025-01-02,301049751,73239990,STEEL SALT BOTTLE (NP-19) (QTY : 112896 PCS/USD 0.438 PER PCS)STEEL SALT BOTTLE (NP-19) (QTY : 112896 PCS/USD 0.438 PER P,,,,,,,,,17561.6,KGS,257.9793697612974,4530530.5,3.001505174651512,52711.23327515998,1659986.4,2025,1,KG,Unknown,,Steel,112896.0,0.438,6190516.9,352.5030122540088,Other,General,0.3664000054739726,No
INNSA1,2025-01-02,301049751,73239990,STEEL TEA STRAINER BIG (SB-12) (QTY : 2070 PCS / USD 0.994 PER PCS)STEEL TEA STRAINER BIG (SB-12) (QTY : 2070 PCS / USD 0.994 P,,,,,,,,,506.0,KGS,372.5654545454545,188518.12,4.334676609022159,2193.346364165212,69073.1,2025,1,KG,Unknown,,Steel,2070.0,0.994,257591.22,509.07355731225294,Other,General,0.36640032268516154,No
INNSA1,2025-01-02,301049751,73239990,STEEL TEA STRAINER (NP-55) (QTY : 201600 PCS / USD 0.274 PERPCS)STEEL TEA STRAINER (NP-55) (QTY : 201600 PCS / USD 0.274 PER,,,,,,,,,8400.0,KGS,602.5016511904762,5061013.87,7.009908681680932,58883.23292611983,1854355.5,2025,1,KG,Unknown,,Steel,201600.0,0.274,6915369.37,823.2582583333334,Other,General,0.36640000356292246,No
INNSA1,2025-01-02,301049751,73239990,STEEL KITCHEN BASKET (AM-322) (QTY:15000 PCS / USD 1.186 PER PCS)STEEL KITCHEN BASKET (AM-322) (QTY:15000 PCS / USD 1.186 PE,,,,,,,,,4125.0,KGS,395.1376436363636,1629942.78,4.597296610079857,18963.8485165794,597211.1,2025,1,KG,Unknown,,Steel,15000.0,1.186,2227153.88,539.916092121212,Other,General,0.36640004012901606,No
INNSA1,2025-01-02,301049751,73239990,STEEL DRAINER (AM-321) (QTY : 20040 PCS / USD 0.716 PER PCS) STEEL DRAINER (AM-321) (QTY : 20040 PCS / USD 0.716 PER PCS),,,,,,,,,2755.5,KGS,477.0971076029758,1314641.08,5.550868034938637,15295.41687027342,481684.5,2025,1,KG,Unknown,,Steel,20040.0,0.716,1796325.58,651.9054908365089,Other,General,0.3664000063043823,No
INNSA1,2024-12-20,301049751,73239990,STEEL SALT BOTTLE (NP-19) (QTY: 28800 PCS/USD 0.441 PER PCS) STEEL SALT BOTTLE (NP-19) (QTY: 28800 PCS/USD 0.441 PER PCS),,,,,,,,,4480.0,KGS,268.1586361607143,1201350.69,3.119937593492894,13977.32041884817,440174.8,2024,12,KG,Unknown,,Steel,28800.0,0.441,1641525.49,366.41193973214286,Other,General,0.3663999227402949,No
INNSA1,2024-12-20,301049751,73239990,STEEL SALT BOTTLE (NP-19) (QTY: 7200 PC/USD 0.441 PER PC) STEEL SALT BOTTLE (NP-19) (QTY: 7200 PC/USD 0.441 PER PC),,,,,,,,,1120.0,KGS,262.0184375,293460.65,3.048498400232694,3414.318208260617,107523.9,2024,12,KG,Unknown,,Steel,7200.0,0.441,400984.55000000005,358.0219196428572,Other,General,0.3663997200306071,No
INNSA1,2024-12-04,301049751,73239990,RYX-02-020 MILD STEEL MULTI FUNCTION CLOTH STAND (QTY :1232NUM/CNY 101.00 PER NUM),,,,,,,,,4004.0,KGS,412.0053346653347,1649669.36,4.82724469438002,19328.2877562976,604438.9,2024,12,KG,Unknown,,Steel,1232.0,,2254108.2600000002,562.9641008991009,Other,General,0.36640002818504186,No
INNSA1,2024-11-30,301049751,73239990,RYX-02-020 MILD STEEL MULTI FUNCTION CLOTH STAND (QTY :1232NUM/CNY 101.00 PER NUM),,,,,,,,,4004.0,KGS,412.0053347,1649669.36,4.827244694,19328.28776,604438.9,2024,11,KG,Unknown,,Steel,1232.0,,2254108.2600000002,562.9641008991009,Other,General,0.36640002818504186,No
INNSA1,2024-11-27,301049751,73239990,GS-47 STEEL GIFT BOX HEART SHAPE (QTY:44280 PCS/USD 0.212 PER PCS),,,,,,,,,3075.0,KGS,292.7933756,900339.63,3.43050235,10548.79473,329884.4,2024,11,KG,Unknown,,Steel,44280.0,0.212,1230224.03,400.0728552845529,Other,General,0.36639995509250217,No
INNSA1,2024-11-27,301049751,73239990,GS-47 STEEL GIFT BOX HEART SHAPE (QTY:6120 PCS/UDS 0.211 PERPCS),,,,,,,,,425.0,KGS,282.3745412,120009.18,3.308430477,1406.082953,43971.3,2024,11,KG,Unknown,,Steel,6120.0,,163980.47999999998,385.8364235294117,Other,General,0.36639947044051135,No
INNSA1,2024-11-19,301049751,73231000,SS SCRUBBER 3PCS SET (SS410) (QTY: 119160 SET/USD 0.16 PER SET),,,,,,,,,7447.5,KGS,247.0289869083585,1839748.38,2.896002191188259,21567.97631887456,808753.4,2024,11,KG,Unknown,,General,119160.0,0.16,2648501.78,355.6229311849614,Other,General,0.4396000066052511,No
INNSA1,2024-11-12,301049751,73231000,STEEL SCRUBBER (8001-12) (QTY: 278640 NOS/USD 0.084 PER NOS),,,,,,,,,4838.0,KGS,446.5811451012817,2160559.58,5.241562735930534,25358.68051643193,949782.0,2024,11,KG,Unknown,,Steel,278640.0,0.084,3110341.58,642.8982182720132,Other,General,0.4396000039952612,No
INNSA1,2024-11-12,301049751,73231000,STEEL SCRUBBER 2 PCS SET (8001-2) (QTY:168000 SETS/USD:0.148PER SET),,,,,,,,,4900.0,KGS,466.2892346938776,2284817.25,5.472878341477437,26817.10387323944,1004405.6,2024,11,KG,Unknown,,Steel,168000.0,,3289222.85,671.2699693877552,Other,General,0.4395999723829116,No
INNSA1,2024-11-05,301049751,73239990,HOUSEHOLD STEEL HOOK 3PCS SET (3888) (QTY: 181872 PCS / USD0.260 PER PCS),,,,,,,,,6062.4,KGS,680.6434415413038,4126332.8,8.012283008137771,48573.66450853444,1511888.4,2024,11,KG,Unknown,,Steel,181872.0,0.26,5638221.199999999,930.0312087622063,Other,General,0.36640001504483594,No
INNSA1,2024-11-05,301049751,73231000,STEEL SCRUBBER 6PCS SET (OKS-4156) (QTY: 98400 NOS /USD 0.238 PER NOS),,,,,,,,,9151.0,KGS,229.7309725713037,2102268.13,2.704308093835241,24747.12336668628,924157.1,2024,11,KG,Unknown,,Steel,98400.0,0.238,3026425.23,330.72071139766143,Other,General,0.4396000142950367,No
INNSA1,2024-10-30,301049751,73239990,MILD STEEL MULTI FUNCTION CLOTH STAND (RYX-02-020) (QTY: 1232 NOS/CNY 101 PER NOS),,,,,,,,,4004.0,KGS,413.8107067932068,1656898.07,4.871226683851757,19504.39164214244,607087.5,2024,10,KG,Unknown,,Steel,1232.0,,2263985.5700000003,565.4309615384616,Other,General,0.3664000284579968,No
INNSA1,2024-10-22,301049751,73239990,MILD STEEL MULTI FUNCTION CLOTH STAND (RYX-02-021A) (QTY: 3888 NOS/CNY 61.50 PER NOS),,,,,,,,,14256.0,KGS,214.7052160493828,3060837.56,2.527430442017454,36031.04838140083,1121490.9,2024,10,KG,Unknown,,Steel,3888.0,,4182328.46,293.37320847362514,Other,General,0.3664000058859706,No
INNSA1,2024-10-18,301049751,73239990,HOUSEHOLD STEEL HOOK 3PCS SET (3888) (QTY: 30288 SET/USD 0.26PER SET),,,,,,,,,1009.6,KGS,672.8216323296355,679280.72,7.920207561267045,7996.241553855209,248888.4,2024,10,KG,Unknown,,Steel,30288.0,0.26,928169.12,919.3434231378764,Other,General,0.36639991784250847,No
INNSA1,2024-10-16,301049751,73231000,STEEL SCRUBBER 2PCS SET (8001-2) (QTY: 168000 NOS /USD 0.148PER NOS),,,,,,,,,4914.0,KGS,439.3085958485958,2158762.44,5.174423979370975,25427.11943462897,948991.9,2024,10,KG,Unknown,,Steel,168000.0,0.148,3107754.34,632.4286406186405,Other,General,0.43959996821141656,No
INNSA1,2024-10-14,301049751,73231000,STEEL SCRUBBER 6PCS SET (OKS-4156) (QTY: 98400 SET/USD 0.238PER SET),,,,,,,,,9151.0,KGS,222.5063785378647,2036155.87,2.620805400917134,23982.99022379269,895094.1,2024,10,KG,Unknown,,Steel,98400.0,0.238,2931249.97,320.32018030816306,Other,General,0.4395999899555823,No
INNSA1,2024-10-13,301049751,73239990,MILD STEEL MULTI FUNCTION CLOTH STAND (RYX-02-020) (QTY:1232NOS / CNY 101.00 PER NOS),,,,,,,,,4004.0,KGS,399.8823226773227,1601128.82,4.710039136364225,18858.99670200235,586653.7,2024,10,KG,Unknown,,Steel,1232.0,,2187782.52,546.3992307692308,Other,General,0.3664000626757814,No
INNSA1,2024-10-08,301049751,73239990,HOUSEHOLD STEEL HOOK 2PCS SET (2758) (QTY: 2400 SET/USD 0.265 PER SET),,,,,,,,,64.0,KGS,854.61203125,54695.17,10.06610166372202,644.2305064782096,20040.3,2024,10,KG,Unknown,,Steel,2400.0,0.265,74735.47,1167.74171875,Other,General,0.3663998119029523,No
INNSA1,2024-10-05,301049751,73239990,RYX-02-020 MILD STEEL MULTI FUNCTION CLOTH STAND (QTY :1232NUM/CNY 101.00 PER NUM),,,,,,,,,4004.0,KGS,393.9698276723277,1577455.19,4.640398441370173,18580.15535924617,577979.5,2024,10,KG,Unknown,,Steel,1232.0,,2155434.69,538.3203521478522,Other,General,0.3663999482609709,No
INNSA1,2024-10-01,301049751,73231000,STEEL SCRUBBER 6PCS SET (OKS-4156) (QTY: 89160 SET/USD 0.238PER SET),,,,,,,,,7250.0,KGS,257.4036744827586,1866176.64,3.04259662509171,22058.8255319149,820371.2,2024,10,KG,Unknown,,Steel,89160.0,0.238,2686547.84,370.55832275862065,Other,General,0.43959997270140516,No
INNSA1,2024-09-28,301049751,73239990,RYX-02-026-3S MILD STEEL MULTI FUNCTION CLOTH STAND (QTY :848 NUM/CNY 82.00 PER NUM),,,,,,,,,3307.2,KGS,283.3451681180455,937079.14,3.349233665697937,11076.58557919622,343345.8,2024,9,KG,Unknown,,Steel,848.0,,1280424.94,387.1628386550556,Other,General,0.36640000331242034,No
INNSA1,2024-09-28,301049751,73239990,RYX-02-021A MILD STEEL MULTI FUNCTION CLOTH STAND (QTY :3888NUM/CNY 61.50 PER NUM),,,,,,,,,14256.0,KGS,222.983730359147,3178856.06,2.635741493606939,37575.13073286053,1164732.8,2024,9,KG,Unknown,,Steel,3888.0,,4343588.86,304.68496492704827,Other,General,0.3663999810044875,No
INNSA1,2024-09-25,301049751,73239990,RYX-02-020 MILD STEEL MULTI FUNCTION CLOTH STAND (QTY :1232NUM/CNY 101.00 PER NUM),,,,,,,,,4004.0,KGS,399.2651923076924,1598657.83,4.719446717585017,18896.6646572104,585748.3,2024,9,KG,Unknown,,Steel,1232.0,,2184406.13,545.5559765234765,Other,General,0.3664000444673017,No
INNSA1,2024-09-11,301049751,73231000,STEEL WIRE CLEANING CLOTH 3PCS SET (AM-793) (QTY: 1250 SET /USD 0.184 PER SET),,,,,,,,,50.0,KGS,420.5412,21027.06,4.953371025,247.6685512,9243.4,2024,9,KG,Unknown,,Steel,1250.0,0.184,30270.46,605.4091999999999,Other,General,0.4395954546189529,No
INNSA1,2024-09-06,301049751,73239990,RYX-02-020 MILD STEEL MULTI FUNCTION CLOTH STAND (QTY :2464NUM/CNY 101.00 PER NUM),,,,,,,,,8008.0,KGS,406.7741021478521,3257447.01,4.791214395145492,38368.04487632508,1193528.5,2024,9,KG,Unknown,,Steel,2464.0,,4450975.51,555.8161226273726,Other,General,0.3663999740704915,No
INNSA1,2024-09-05,301049751,73231000,SS SCRUBBER 3PCS SET (SS410) (QTY: 118680 SET/USD 0.16 PER SET),,,,,,,,,7417.5,KGS,234.1158328277722,1736554.19,2.759173044522949,20466.16605774897,763389.2,2024,9,KG,Unknown,,General,118680.0,0.16,2499943.3899999997,337.0331499831479,Other,General,0.43959998737499806,No
INNSA1,2024-09-03,301049751,73231000,STEEL SCRUBBER 6PCS SET (OKS-4156) (QTY: 98400 SET/USD 0.238 PER SET),,,,,,,,,9151.0,KGS,230.3877259315921,2108278.08,2.715235426418293,24847.1193871538,926799.1,2024,9,KG,Unknown,,Steel,98400.0,0.238,3035077.18,331.66617637416675,Other,General,0.43960002657713915,No
INNSA1,2024-08-29,301049751,73239990,AM-625 STEEL HANGER (QTY:10500 PCS/USD 0.5610 PER PCS),,,,,,,,,1750.0,KGS,307.56428,538237.49,3.6248,6343.400000000001,197210.2,2024,8,KG,Unknown,,Steel,10500.0,0.561,735447.69,420.25582285714285,Other,General,0.3663999696490856,No
INNSA1,2024-08-26,301049751,73239990,RYX-02-020 MILD STEEL MULTI FUNCTION CLOTH STAND (QTY :1232NUM/CNY 101.00 PER NUM),,,,,,,,,4004.0,KGS,419.5406618381618,1679840.81,4.944498077055532,19797.77030053035,615493.7,2024,8,KG,Unknown,,Steel,1232.0,,2295334.51,573.260367132867,Other,General,0.3664000162015352,No
INNSA1,2024-08-26,301049751,73239990,RYX-02-021A MILD STEEL MULTI FUNCTION CLOTH STAND (QTY :3888NUM/CNY 61.50 PER NUM),,,,,,,,,14256.0,KGS,241.0090551346801,3435825.09,2.840413142424044,40492.92975839717,1258886.3,2024,8,KG,Unknown,,Steel,3888.0,,4694711.39,329.3147720258137,Other,General,0.3663999962233235,No
INNSA1,2024-08-24,301049751,73239990,HOUSEHOLD STEEL HOOK 3PCS SET (2628) (QTY: 167040 NOS/USD 0.375 PER NOS),,,,,,,,,5660.8,KGS,969.7585376625212,5489609.13,11.42909296007686,64697.80942840307,2011392.8,2024,8,KG,Unknown,,Steel,167040.0,0.375,7501001.93,1325.0780684708875,Other,General,0.3664000026901733,No
INNSA1,2024-08-20,301049751,73231000,STEEL SCRUBBER 2PCS SET (8001-2) (QTY: 168000 SET/USD 0.148PER SET),,,,,,,,,4914.0,KGS,461.7556084656085,2269067.06,5.442022492228738,26742.09852681203,997481.8,2024,8,KG,Unknown,,Steel,168000.0,0.148,3266548.8600000003,664.7433577533578,Other,General,0.43959996493008013,No
INNSA1,2024-08-16,301049751,73239990,STEEL SPRINKLER (AM-430) (QTY: 38496 PC/ USD 0.572 PER PC),,,,,,,,,7057.6,KGS,293.6619516549535,2072548.59,3.460954056039523,24426.02934590454,759381.8,2024,8,KG,Unknown,,Steel,38496.0,0.572,2831930.39,401.2596902629789,Other,General,0.36639999837108767,No
INNSA1,2024-08-16,301049751,73239990,RYX-02-020 MILD STEEL MULTI FUNCTION CLOTH STAND (QTY :1232NUM/CNY 101.00 PER NUM),,,,,,,,,4004.0,KGS,419.5306893106893,1679800.88,4.944380545794807,19797.29970536241,615479.1,2024,8,KG,Unknown,,Steel,1232.0,,2295279.98,573.2467482517483,Other,General,0.3664000342707286,No
INNSA1,2024-08-13,301049751,73239990,RYX-02-021A MILD STEEL MULTI FUNCTION CLOTH STAND (QTY :3888NUM/CNY 61.50 PER NUM),,,,,,,,,14256.0,KGS,238.3682877384961,3398178.31,2.817592053646526,40167.59231678488,1245092.6,2024,8,KG,Unknown,,Steel,3888.0,,4643270.91,325.7064330808081,Other,General,0.36640001978000974,No
INNSA1,2024-08-12,301049751,73231000,STEEL SCRUBBER 6PCS SET (OKS-4156) (QTY:98400 PCS/USD:0.238PER PCS),,,,,,,,,8856.0,KGS,247.6240401987353,2192958.5,2.926998111096162,25921.49527186761,964024.6,2024,8,KG,Unknown,,Steel,98400.0,,3156983.1,356.4795731707317,Other,General,0.4396000197906162,No
INNSA1,2024-08-10,301049751,73239990,HOUSEHOLD STEEL HOOK 3PCS SET (3888) (QTY:3168 SET/USD 0.265PER SET),,,,,,,,,146.5,KGS,533.2972013651877,78128.04,6.303749425120423,923.4992907801418,28626.2,2024,8,KG,Unknown,,Steel,3168.0,0.265,106754.23999999999,728.6978839590444,Other,General,0.3664011026002957,No
INNSA1,2024-08-05,301049751,73239990,STEEL CUTLERY HOLDER (H2740) (QTY: 960 NOS/USD 1.95 PER NOS),,,,,,,,,460.0,KGS,390.5511304347826,179653.52,4.616443622160551,2123.564066193853,65825.1,2024,8,KG,Unknown,,Steel,960.0,1.95,245478.62,533.6491739130435,Other,General,0.3664002798275258,No
INNSA1,2024-08-02,301049751,73239990,AM-430 STEEL SPRINKLER (QTY: 62400 PCS/USD 0.5712 PER PCS),,,,,,,,,11440.0,KGS,290.5159895104895,3323502.92,3.433995147878127,39284.90449172576,1217731.5,2024,8,KG,Unknown,,Steel,62400.0,0.5712,4541234.42,396.9610506993007,Other,General,0.36640000906032,No
INNSA1,2024-08-02,301049751,73231000,STEEL SCRUBBER 2PCS SET (8001-2) (QTY: 168480 SET/USD 0.148PER SET),,,,,,,,,4914.0,KGS,472.3843650793651,2321296.77,5.583739539945213,27438.49609929079,1020442.1,2024,8,KG,Unknown,,Steel,168480.0,0.148,3341738.87,680.0445400895401,Other,General,0.43960001719211456,No
INNSA1,2024-08-02,301049751,73239990,STEEL HANGER WITH HOOK (SM1168) (QTY: 57792 NOS/USD 1.23 PERNOS),,,,,,,,,10836.0,KGS,574.5712532299741,6226054.1,6.791622378604895,73594.02009456264,2281226.2,2024,8,KG,Unknown,,Steel,57792.0,1.23,8507280.3,785.0941583610189,Other,General,0.36639999642791415,No
INNSA1,2024-07-30,301049751,73239990,RYX-02-020 MILD STEEL MULTI FUNCTION CLOTH STAND (QTY :1232NUM/CNY 101.00 PER NUM),,,,,,,,,4004.0,KGS,411.6056768231768,1648069.13,4.882629618305775,19550.04899169632,603852.5,2024,7,KG,Unknown,,Steel,1232.0,,2251921.63,562.4179895104895,Other,General,0.36639998226287995,No
INNSA1,2024-07-30,301049751,73239990,SY604A-4 STEEL HOOK 4PCS SET(QTY :25200 SET/USD 0.5207 PERSET),,,,,,,,,2940.0,KGS,414.1170408163266,1217504.1,4.912420413005059,14442.51601423488,446093.5,2024,7,KG,Unknown,,Steel,25200.0,0.5207,1663597.6,565.8495238095238,Other,General,0.36639999816017044,No
INNSA1,2024-07-26,301049751,73239990,MILD STEEL MULTI FUNCTION CLOTH STAND (RYX-02-020) (QTY: 1232 NOS/CNY 101 PER NOS),,,,,,,,,4004.0,KGS,444.9483616383616,1781573.24,5.278153756089699,21133.72763938316,652768.4,2024,7,KG,Unknown,,Steel,1232.0,,2434341.64,607.9774325674326,Other,General,0.3663999802781052,No
INNSA1,2024-07-26,301049751,73239990,HOUSEHOLD STEEL HOOK 3PCS SET (2628) (QTY: 167040 SET/USD 0.375 PER SET),,,,,,,,,5660.8,KGS,982.0263549321652,5559054.79,11.64918570500789,65943.71043890866,2036837.7,2024,7,KG,Unknown,,Steel,167040.0,0.375,7595892.49,1341.8408157857546,Other,General,0.36640000448709376,No
INNSA1,2024-07-19,301049751,73231000,STEEL SCRUBBER 6PCS SET (OKS-4156) (QTY: 98400 SET/USD 0.238PER SET),,,,,,,,,8856.0,KGS,255.776303071364,2265154.94,3.0341198466354,26870.1653618031,995762.1,2024,7,KG,Unknown,,Steel,98400.0,0.238,3260917.04,368.21556458897925,Other,General,0.4395999948683422,No
INNSA1,2024-07-18,301049751,73231000,STEEL SCRUBBER 2PCS SET (8001-2) (QTY: 166320 SET/USD 0.151PER SET),,,,,,,,,4851.0,KGS,509.081708925995,2469555.37,6.03892893150646,29294.8442467378,1085616.6,2024,7,KG,Unknown,,Steel,166320.0,0.151,3555171.97,732.8740404040404,Other,General,0.4396000240318564,No
INNSA1,2024-07-18,301049751,73231000,STEEL SCRUBBER 2PCS SET (8001-2) (QTY: 166920 SET/USD 0.151PER SET),,,,,,,,,4869.0,KGS,508.771285684946,2477207.39,6.0352465680302,29385.615539739,1088980.3,2024,7,KG,Unknown,,Steel,166920.0,0.151,3566187.6900000004,732.4271287738757,Other,General,0.43959997228976455,No
INNSA1,2024-07-15,301049751,73239990,STEEL HANGER WITH HOOK (SL-89) (QTY: 70056 PCS/CNY 7.45 PERPCS),,,,,,,,,15568.0,KGS,409.112718396711,6369066.8,4.85305715773086,75552.393831554,2333626.1,2024,7,KG,Unknown,,Steel,70056.0,,8702692.9,559.0116199897225,Other,General,0.36640000384357724,No
INNSA1,2024-07-07,301049751,73239990,MILD STEEL MULTI FUNCTION CLOTH STAND (RYX-02-021A) (QTY: 3888 NOS/CNY 61.50 PER NOS),,,,,,,,,14256.0,KGS,280.6824116,4001408.46,3.329565974,47466.29253,1466116.1,2024,7,KG,Unknown,,Steel,3888.0,,5467524.5600000005,383.52445005611673,Other,General,0.3664000100604576,No
INNSA1,2024-07-02,301049751,73239990,STEEL HANGER 10PCS SET (SY772-42) (QTY: 10080 SET/USD 1.2326PER SET),,,,,,,,,5264.0,KGS,224.3292401,1180869.12,2.661082326,14007.93737,432670.4,2024,7,KG,Unknown,,Steel,10080.0,1.2326,1613539.52,306.52346504559273,Other,General,0.3663999614114729,No
INNSA1,2024-06-29,301049751,73239990,MILD STEEL MULTI FUNCTION CLOTH STAND (RYX-02-020) (QTY: 1232 NOS / CNY 101.00 PER NOS),,,,,,,,,4004.0,KGS,463.6565284715285,1856480.74,5.500077443315877,22022.31008303677,680214.5,2024,6,KG,Unknown,,Steel,1232.0,,2536695.24,633.5402697302698,Other,General,0.3663999767646391,No
INNSA1,2024-06-27,301049751,73239990,RYX-02-020 MILD STEEL MULTI FUNCTION CLOTH STAND (QTY :1232NUM/CNY 101.00 PER NUM),,,,,,,,,4004.0,KGS,395.2312462537462,1582505.91,4.688389635275756,18772.31209964413,579830.2,2024,6,KG,Unknown,,Steel,1232.0,,2162336.11,540.0439835164835,Other,General,0.36640002184889153,No
INNSA1,2024-06-27,301049751,73231000,STEEL SCRUBBER 2PCS SET (8001-2) (QTY: 167880 SET/USD 0.151PER SET),,,,,,,,,4896.0,KGS,507.5635375816994,2485031.08,6.02091978151482,29478.42325029656,1092419.6,2024,6,KG,Unknown,,Steel,167880.0,0.151,3577450.68,730.688455882353,Other,General,0.4395999747415634,No
INNSA1,2024-06-24,301049751,73239990,STEEL HANGER 10PCS SET (SY772-42) (QTY: 5040 SET/USD 1.2517PER SET),,,,,,,,,2632.0,KGS,230.5358738601824,606770.42,2.734707874972508,7197.75112692764,222320.7,2024,6,KG,Unknown,,Steel,5040.0,1.2517,829091.1200000001,315.0042249240122,Other,General,0.36640002984984005,No
INNSA1,2024-06-22,301049751,73239990,STEEL GIFT BOX HEART SHAPE (GS-47) (QTY: 1008 PCS/USD 0.222PER PCS),,,,,,,,,60.9,KGS,366.3,22307.67,4.345195729537366,264.6224199288256,8173.5,2024,6,KG,Unknown,,Steel,1008.0,0.222,30481.17,500.5118226600985,Other,General,0.3663986422607113,No
INNSA1,2024-06-22,301049751,73239990,STEEL GIFT BOX SQUARE SHAPE (GS-48) (QTY: 480 PCS/USD 0.776PER PCS),,,,,,,,,108.0,KGS,343.8049074074074,37130.93,4.078350028557622,440.4618030842231,13604.8,2024,6,KG,Unknown,,Steel,480.0,0.776,50735.729999999996,469.7752777777777,Other,General,0.3664007338356459,No
INNSA1,2024-06-21,301049751,73239990,STEEL LUNCH BOX (6717) (QTY: 336 NOS/USD 2.960 PER NOS),,,,,,,,,128.8,KGS,724.9812111801242,93377.58,8.600014367498508,1107.681850533808,34213.6,2024,6,KG,Unknown,,Steel,336.0,2.96,127591.18,990.6147515527949,Other,General,0.36640058566521,No
INNSA1,2024-06-21,301049751,73239990,STEEL ROUND CONTAINER (6856) (QTY: 16056 NOS/USD 0.568 PER NOS),,,,,,,,,1338.0,KGS,639.9429671150971,856243.69,7.59125702390388,10157.10189798339,313727.7,2024,6,KG,Unknown,,Steel,16056.0,0.568,1169971.39,874.4180792227204,Other,General,0.36640001399601557,No
INNSA1,2024-06-21,301049751,73239990,STEEL ROUND CONTAINER (6857) (QTY: 27984 NOS/USD 0.718 PER NOS),,,,,,,,,3567.96,KGS,528.7201229834415,1886452.25,6.27188757987475,22377.84400948992,691196.1,2024,6,KG,Unknown,,Steel,27984.0,0.718,2577648.35,722.4431748113768,Other,General,0.3663999976675794,No
INNSA1,2024-06-20,301049751,73231000,SS SCRUBBER 3PCS SET (SS410) (QTY: 120360 SET/USD 0.16 PER SET),,,,,,,,,7522.5,KGS,258.4188434695913,1943955.75,3.065466707824333,23059.97330960854,854563.0,2024,6,KG,Unknown,,General,120360.0,0.16,2798518.75,372.01977401129943,Other,General,0.4396000269039046,No
INNSA1,2024-06-20,301049751,73239990,MILD STEEL MULTI FUNCTION CLOTH STAND (RYX-02-020) (QTY: 1232 NOS/CNY 101 PER NOS),,,,,,,,,4004.0,KGS,443.655322177822,1776395.91,5.262815209701332,21072.31209964413,650871.5,2024,6,KG,Unknown,,Steel,1232.0,,2427267.41,606.2106418581419,Other,General,0.36640002171587976,No
INNSA1,2024-06-17,301049751,73231000,STEEL SCRUBBER 6PCS SET (OKS-4156) (QTY: 98400 SET/USD 0.239PER SET),,,,,,,,,8782.0,KGS,246.8992780687771,2168269.46,2.928817058941602,25720.87141162515,953171.3,2024,6,KG,Unknown,,Steel,98400.0,0.239,3121440.76,355.4362058756547,Other,General,0.4396000209309779,No
INNSA1,2024-06-15,301049751,73231000,STEEL SCRUBBER (8001-2) (QTY: 168000 SET/0.151 PER SET),,,,,,,,,4900.0,KGS,474.342393877551,2324277.73,5.626837412545089,27571.50332147094,1021752.5,2024,6,KG,Unknown,,Steel,168000.0,,3346030.23,682.863312244898,Other,General,0.4396000042559458,No
INNSA1,2024-06-11,301049751,73239990,STEEL HOOK 4PCS SET (SY604A-4) (QTY: 10200 SET/USD 0.5285 PER SET),,,,,,,,,1164.5,KGS,419.7833319021039,488837.69,4.979636202871934,5798.786358244365,179110.1,2024,6,KG,Unknown,,Steel,10200.0,0.5285,667947.79,573.5919192786604,Other,General,0.3663999394154735,No
INNSA1,2024-06-06,301049751,73239990,STEEL SPRINKLER (AM-430) (QTY: 30120 PCS/ USD 0.5744 PER PCS),,,,,,,,,5522.0,KGS,283.3059416877942,1564415.41,3.358695218586773,18546.71499703616,573201.8,2024,6,KG,Unknown,,Steel,30120.0,0.5744,2137617.21,387.10923759507426,Other,General,0.3663999960215171,No
INNSA1,2024-06-04,301049751,73239990,STEEL ROUND CONTAINER (6857) (QTY: 30936 NOS/USD 0.718 PER NOS),,,,,,,,,3944.34,KGS,504.6247737264029,1990411.68,5.982510654729139,23597.05607587433,729286.8,2024,6,KG,Unknown,,Steel,30936.0,0.718,2719698.48,689.5192807922238,Other,General,0.366399980128734,No
INNSA1,2024-06-04,301049751,73239990,STEEL ROUND CONTAINER MEDIUM (6581) (QTY: 79752 NOS/USD 0.875 PER NOS),,,,,,,,,9636.7,KGS,648.896679361192,6253222.63,7.69290669070767,74134.23390634263,2291180.8,2024,6,KG,Unknown,,Steel,79752.0,0.875,8544403.43,886.6524256228792,Other,General,0.36640000453654087,No
INNSA1,2024-06-01,301049751,73239990,STAINLESS STEEL GRATER WITH HANDLE (KL324H-9S) (QTY: 59040 NOS/USD 0.62 PER NOS),,,,,,,,,9676.0,KGS,333.0922591980157,3223000.7,3.94893016239497,38209.84825133374,1180907.4,2024,6,KG,Unknown,,Steel,59040.0,0.62,4403908.1,455.1372571310458,Other,General,0.36639998247595784,No
INNSA1,2024-05-31,301049751,73231000,SS SCRUBBER 3PCS SET (SS410) (QTY: 118560 SET/USD 0.16 PER SET),,,,,,,,,7410.0,KGS,237.0249851551957,1756355.14,2.810017607056262,20822.2304682869,772093.7,2024,5,KG,Unknown,,General,118560.0,0.16,2528448.84,341.2211659919028,Other,General,0.4395999888724099,No
INNSA1,2024-05-28,301049751,73239990,MILD STEEL MULTI FUNCTION CLOTH STAND (RYX-02-021A) (QTY: 6480 NOS/CNY 61.50 PER NOS),,,,,,,,,23760.0,KGS,228.0457066498317,5418365.99,2.703564986957103,64236.70409010077,1985289.3,2024,5,KG,Unknown,,Steel,6480.0,,7403655.29,311.60165361952863,Other,General,0.3664000002332807,No
INNSA1,2024-05-28,301049751,73239990,MILD STEEL MULTI FUNCTION CLOTH STAND (RYX-02-020) (QTY: 1232 NOS/CNY 100 PER CNY),,,,,,,,,4004.0,KGS,418.3452697302697,1675054.46,4.959635681449551,19858.38126852401,613740.0,2024,5,KG,Unknown,,Steel,1232.0,,2288794.46,571.626988011988,Other,General,0.36640002737582633,No
INNSA1,2024-05-24,301049751,73239990,HOUSEHOLD STEEL HOOK 3PCS SET (3888) (QTY: 208992 SET/USD 0.265 PER SET),,,,,,,,,6966.4,KGS,692.1781479673863,4821989.85,8.206024279399957,57166.44754001185,1766777.1,2024,5,KG,Unknown,,Steel,208992.0,0.265,6588766.949999999,945.7922241042719,Other,General,0.36640000393198674,No
INNSA1,2024-05-23,301049751,73239990,STEEL TEA STRAINER (AM-603) (QTY: 10080 PCS/USD 0.5547 PER PCS),,,,,,,,,560.0,KGS,887.0260714285713,496734.6,10.51601744432213,5888.969768820391,182003.6,2024,5,KG,Unknown,,Steel,10080.0,0.5547,678738.2,1212.0325,Other,General,0.36640008567955606,No
INNSA1,2024-05-23,301049751,73239990,STEEL HAND BLENDER (AM-474) (QTY: 15000 PCS/USD 0.6518 PER PCS),,,,,,,,,1500.0,KGS,579.0549266666667,868582.39,6.864907251531318,10297.36087729698,318248.6,2024,5,KG,Unknown,,Steel,15000.0,0.6518,1186830.99,791.22066,Other,General,0.3664000141656107,No
INNSA1,2024-05-23,301049751,73239990,STEEK HANGER WITH HOOK (AM-624) (QTY: 1440 PCS/USD 0.3190 PER PCS),,,,,,,,,195.0,KGS,209.2781538461538,40809.24,2.48106880671196,483.8084173088322,14952.5,2024,5,KG,Unknown,,General,1440.0,0.319,55761.74,285.957641025641,Other,General,0.3663998643444475,No
INNSA1,2024-05-23,301049751,73231000,STEEL SCRUBBER 2PCS SET (8001-2) (QTY: 168000 SET/USD 0.151PER SET),,,,,,,,,4900.0,KGS,463.8649102040816,2272938.06,5.499287613563506,26946.50930646118,999183.6,2024,5,KG,Unknown,,Steel,168000.0,0.151,3272121.66,667.7799306122449,Other,General,0.4396000126813838,No
INNSA1,2024-05-23,301049751,73239990,STEEL TEA STRAINER (NP-55) (QTY: 50400 PCS/USD 0.2787 PER PCS),,,,,,,,,2310.0,KGS,540.2078744588745,1247880.19,6.404361285819496,14794.07457024304,457223.3,2024,5,KG,Unknown,,Steel,50400.0,0.2787,1705103.49,738.140038961039,Other,General,0.3663999987050039,No
INNSA1,2024-05-23,301049751,73239990,STEEL HANGER (AM-625) (QTY: 750 PCS/USD 0.5825 PER PCS),,,,,,,,,125.0,KGS,310.49712,38812.14,3.681056550088916,460.1320687611145,14220.7,2024,5,KG,Unknown,,Steel,750.0,0.5825,53032.84,424.26271999999994,Other,General,0.36639824549741395,No
INNSA1,2024-05-23,301049751,73239990,STEEL FOLDABLE HANGER (AM-623) (QTY: 360 PCS/USD 1.0540 PERPCS),,,,,,,,,120.0,KGS,280.9100833333333,33709.21,3.330291444378581,399.6349733254298,12351.0,2024,5,KG,Unknown,,Steel,360.0,1.054,46060.21,383.83508333333333,Other,General,0.3663983819258891,No
INNSA1,2024-05-22,301049751,73239990,STEEL SALT BOTTLE (NP-19) (QTY: 18000 PCS / USD : 0.4450 PER PCS),,,,,,,,,3730.0,KGS,195.9894235924933,731040.55,2.323526065115511,8666.752222880854,267853.2,2024,5,KG,Unknown,,Steel,18000.0,,998893.75,267.7999329758713,Other,General,0.36639992131763416,No
INNSA1,2024-05-22,301049751,73239990,STEEL BASKET SMALL (SY-845-3) (QTY: 7600 PCS / USD : 0.9666PER PCS),,,,,,,,,1330.0,KGS,504.1011278195489,670454.5,5.976302641606983,7948.482513337286,245654.5,2024,5,KG,Unknown,,Steel,7600.0,,916109.0,688.8037593984963,Other,General,0.36639995704406486,No
INNSA1,2024-05-22,301049751,73239990,SLEEL GRATER (SY320F) (QTY: 25200 PCS/USD 0.3755 PER PCS),,,,,,,,,2520.0,KGS,341.8951468253968,861575.77,4.053291604331912,10214.29484291642,315681.4,2024,5,KG,Unknown,,General,25200.0,0.3755,1177257.17,467.1655436507936,Other,General,0.3664000439566679,No
INNSA1,2024-05-22,301049751,73239390,NON STICK SAUCE PAN 16CM (AN-02) (QTY: 18210 PCS/USD 0.5674PER PCS),,,,,,,,,4673.9,KGS,199.2951304050151,931485.51,2.362716424481507,11043.10029638412,341296.3,2024,5,KG,Unknown,16CM,General,18210.0,0.5674,1272781.81,272.31686814009714,Other,General,0.36640000980798937,No
INNSA1,2024-05-22,301049751,73239990,STEEL BASKET SMALL (SY-845-3) (QTY: 840 PCS/USD 0.9666 PER PCS),,,,,,,,,147.0,KGS,502.9091836734692,73927.65,5.962171709229037,876.4392412566687,27087.1,2024,5,KG,Unknown,,Steel,840.0,0.9666,101014.75,687.1751700680272,Other,General,0.3664001222817173,No
INNSA1,2024-05-22,301049751,73239990,STEEL HAND BLENDER (AM-474) (QTY: 15000 PCS/USD 0.6536 PER PCS),,,,,,,,,1500.0,KGS,589.2358133333332,883853.72,6.985605374431932,10478.4080616479,323844.0,2024,5,KG,Unknown,,Steel,15000.0,0.6536,1207697.72,805.1318133333333,Other,General,0.3663999965967219,No
INNSA1,2024-05-22,301049751,73239990,STEEL SOAP DISPENSER (SY-XL8168) (QTY: 2040 PCS / USD : 2.3504 PER PCS),,,,,,,,,357.0,KGS,1225.781456582633,437603.98,14.53208602943252,5187.95471250741,160338.1,2024,5,KG,Unknown,,Steel,2040.0,,597942.08,1674.9077871148459,Other,General,0.3664000039487758,No
INNSA1,2024-05-22,301049751,73239990,STEEL FRUIT BASKET (SD1078-B) (QTY: 20160 PCS/USD 0.8762 PERPCS),,,,,,,,,3864.0,KGS,412.1295238095238,1592468.48,4.885945747593643,18879.29436870184,583480.5,2024,5,KG,Unknown,,Steel,20160.0,0.8762,2175948.98,563.1337939958593,Other,General,0.36640003072462696,No
INNSA1,2024-05-22,301049751,73239990,STEEL LEMON SQUEEZER (AM-217) (QTY: 6000 PCS/USD 1.8080 PERPCS),,,,,,,,,1750.0,KGS,558.8415771428572,977972.76,6.625270624100264,11594.22359217546,358329.3,2024,5,KG,Unknown,,Steel,6000.0,1.808,1336302.06,763.6011771428572,Other,General,0.3664000825544466,No
INNSA1,2024-05-22,301049751,73239390,NON STICK FRY PAN 16CM (AN-01) (QTY: 14100 PCS/USD 0.5048 PER PCS),,,,,,,,,3196.0,KGS,200.7746214017522,641675.69,2.380256329599908,7607.299229401304,235109.9,2024,5,KG,Unknown,16CM,General,14100.0,0.5048,876785.59,274.33841989987485,Other,General,0.36639988652211525,No
INNSA1,2024-05-19,301049751,73239990,STEEL SALT BOTTLE (NP-19) (QTY: 23976 PCS/USD 0.4450 PER PCS,,,,,,,,,3729.6,KGS,262.8018715143715,980145.86,3.115611991871624,11619.98648488441,359125.5,2024,5,KG,Unknown,,Steel,23976.0,0.445,1339271.3599999999,359.09249249249245,Other,General,0.3664000580485031,No
INNSA1,2024-05-19,301049751,73239990,STEEL SPRINKLER (AM-430) (QTY: 71592PCS/USD 0.5744 PER PCS),,,,,,,,,13125.2,KGS,287.8240118245817,3777747.72,3.412258587131971,44786.57640782455,1384166.8,2024,5,KG,Unknown,,Steel,71592.0,0.5744,5161914.5200000005,393.2827324536007,Other,General,0.3664000093685451,No
INNSA1,2024-05-17,301049751,73239990,STEEL BASKET SQUARE (SY-845-6) (QTY: 20000 PCS/USD 0.7975 PER PCS),,,,,,,,,3500.0,KGS,413.4393342857143,1447037.67,4.901474028283513,17155.1590989923,530194.6,2024,5,KG,Unknown,,Steel,20000.0,0.7975,1977232.27,564.9235057142857,Other,General,0.3663999984188387,No
INNSA1,2024-05-17,301049751,73239990,STEEL BASKET ROUND (SY-845-7) (QTY: 20400 PCS/USD 0.5686 PERPCS),,,,,,,,,2635.0,KGS,399.3701366223909,1052340.31,4.734678561024197,12475.87800829875,385577.5,2024,5,KG,Unknown,,Steel,20400.0,0.5686,1437917.81,545.6993586337761,Other,General,0.3664000098979388,No
INNSA1,2024-05-17,301049751,73239990,STEEL CUTLERY HOLDER (SY-845-2) (QTY: 20000 PCS/USD 0.8321 PER PCS),,,,,,,,,2800.0,KGS,539.2207428571429,1509818.08,6.392658480819716,17899.4437462952,553197.4,2024,5,KG,Unknown,,Steel,20000.0,0.8321,2063015.48,736.7912428571428,Other,General,0.36640003675144756,No
INNSA1,2024-05-17,301049751,73239390,NON STICK FRY PAN 16CM (AN-01) (QTY: 26400 PCS/USD 0.5034 PER PCS),,,,,,,,,5984.0,KGS,211.8011062834225,1267417.82,2.510979327604298,15025.70029638412,464382.0,2024,5,KG,Unknown,16CM,General,26400.0,0.5034,1731799.82,289.4050501336898,Other,General,0.3664000873839694,No
INNSA1,2024-05-17,301049751,73239390,NON STICK SAUCE PAN 16CM (AN-02) (QTY: 41790 PCS/USD 0.5658PER PCS),,,,,,,,,10726.1,KGS,210.230681235491,2254955.31,2.492361366158756,26733.31724955542,826215.7,2024,5,KG,Unknown,16CM,General,41790.0,0.5658,3081171.01,287.2592097780181,Other,General,0.36640003300109747,No
INNSA1,2024-05-17,301049751,73239990,STEEL BASKET BIG (SY-845-4) (QTY: 10000 PCS/USD 1.1026 PER PCS),,,,,,,,,2250.0,KGS,444.5847555555557,1000315.7,5.270714351577422,11859.1072910492,366515.6,2024,5,KG,Unknown,,Steel,10000.0,1.1026,1366831.2999999998,607.4805777777777,Other,General,0.3663999275428747,No
INNSA1,2024-05-17,301049751,73239990,STEEL BASKET SMALL (SY-845-3) (QTY: 2700 PCS/USD 0.9639 PERPCS),,,,,,,,,612.5,KGS,385.4862040816328,236110.3,4.570079479331745,2799.173681090693,86510.9,2024,5,KG,Unknown,,Steel,2700.0,0.9639,322621.19999999995,526.7284897959183,Other,General,0.36640036457537006,No
INNSA1,2024-05-15,301049751,73231000,STEEL SCRUBBER 2PCS SET (8001-2) (QTY: 168960 SET/USD 0.151PER SET),,,,,,,,,4928.0,KGS,463.7218932629871,2285221.49,5.497592095589652,27092.1338470658,1004583.3,2024,5,KG,Unknown,,Steel,168960.0,0.151,3289804.79,667.5740239448052,Other,General,0.4395999706794285,No
INNSA1,2024-05-07,301049751,73239990,STEEL RECTANGLE CONTAINER BIG (6578) (QTY:9132 PCS/USD 1.598 PER PCS),,,,,,,,,2701.55,KGS,469.0563491,1267179.18,5.560834015,15022.87113,464294.4,2024,5,KG,Unknown,,Steel,9132.0,1.598,1731473.58,640.9185763728229,Other,General,0.36639995931751346,No
INNSA1,2024-05-07,301049751,73239990,STEEL ROUND CONTAINER (6857) (QTY:46296 PCS/USD 0.718 PER PCS),,,,,,,,,5902.74,KGS,489.0008098,2886444.64,5.797282867,34219.85347,1057593.3,2024,5,KG,Unknown,,Steel,46296.0,0.718,3944037.9400000004,668.1707037748572,Other,General,0.36639999442358956,No
INNSA1,2024-05-07,301049751,73239990,STEEL LUNCH BOX SMALL (6587) (QTY:51000 PCS/USD 1.470 PER PCS),,,,,,,,,10348.75,KGS,629.0640802,6510026.9,7.457783998,77178.74215,2385273.8,2024,5,KG,Unknown,,Steel,51000.0,1.47,8895300.7,859.5531537625317,Other,General,0.3663999913733075,No
INNSA1,2024-05-07,301049751,73239990,STEEL RECTANGLE CONTAINER LARGE (6862) (QTY:43200 PCS/USD 1.380 PER PCS),,,,,,,,,10800.0,KGS,479.3297241,5176761.02,5.68262862,61372.38909,1896765.2,2024,5,KG,Unknown,,Steel,43200.0,1.38,7073526.22,654.9561314814814,Other,General,0.36639999271204526,No
INNSA1,2024-05-07,301049751,73239990,STEEL ROUND CONTAINER MEDIUM (6581) (QTY:8040 PCS/USD 0.875PER PCS),,,,,,,,,971.5,KGS,628.8058363,610884.87,7.454722422,7242.262833,223828.2,2024,5,KG,Unknown,,Steel,8040.0,0.875,834713.0700000001,859.2002779207412,Other,General,0.3663999732060806,No
INNSA1,2024-05-06,301049751,73239990,HOUSEHOLD STEEL HOOK 3PCS SET (3888) (QTY:215808 PCS/USD 0.265 PER PCS),,,,,,,,,7193.6,KGS,687.9634564,4948933.92,8.156057574,58671.41577,1813289.4,2024,5,KG,Unknown,,Steel,215808.0,0.265,6762223.32,940.0332684608541,Other,General,0.3664000023665703,No
INNSA1,2024-05-04,301049751,73239990,STEEL TEA STRAINER BIG (SB-12) (QTY: 24372 PCS/USD 1.0347 PER PCS),,,,,,,,,5957.6,KGS,379.329663,2259894.4,4.49709144,26791.87196,828025.3,2024,5,KG,Unknown,,Steel,24372.0,1.0347,3087919.7,518.3160500872834,Other,General,0.36639999638921184,No
INNSA1,2024-05-04,301049751,73239990,STEEL DRAINER (AM-321) (QTY: 25200 PCS/USD 0.7277 PER PCS),,,,,,,,,3465.0,KGS,474.2771429,1643370.3,5.622728427,19482.754,602130.9,2024,5,KG,Unknown,,Steel,25200.0,0.7277,2245501.2,648.0522943722945,Other,General,0.36640001343580325,No
INNSA1,2024-05-04,301049751,73239990,STEEL HAND BLENDER (AM-474) (QTY: 15000 PCS/USD 0.6527 PER PCS),,,,,,,,,1500.0,KGS,584.9195,877379.25,6.934433906,10401.65086,321471.8,2024,5,KG,Unknown,,Steel,15000.0,0.6527,1198851.05,799.2340333333334,Other,General,0.36640004878164145,No
INNSA1,2024-04-30,301049751,73239990,MILD STEEL MULTI FUNCTION CLOTH STAND (RYX-02-020) (QTY:1232NOS/ CNY 100.00 PER NOS),,,,,,,,,4004.0,KGS,387.9460564435565,1553336.01,4.596517256440242,18404.45509478673,569142.3,2024,4,KG,Unknown,,Steel,1232.0,,2122478.31,530.089488011988,Other,General,0.3663999909459384,No
INNSA1,2024-04-30,301049751,73239990,STEEL SALT BOTTLE (NP-19) (QTY: 36720 PCS/USD 0.4444 PER PCS),,,,,,,,,5712.0,KGS,265.3941631652661,1515931.46,3.144480606223532,17961.27322274881,555437.3,2024,4,KG,Unknown,,Steel,36720.0,0.4444,2071368.76,362.6345868347339,Other,General,0.36640000861252664,No
INNSA1,2024-04-27,301049751,73239990,MILD STEEL MULTI FUNCTION CLOTH STAND (RYX-02-021A) (QTY: 6480 NOS/ CNY 61.50 PER NOS),,,,,,,,,23760.0,KGS,217.9782798821549,5179163.93,2.582681041257759,61364.50154028435,1897645.7,2024,4,KG,Unknown,,Steel,6480.0,,7076809.63,297.8455231481481,Other,General,0.36640000696019676,No
INNSA1,2024-04-20,301049751,73231000,STEEL SCRUBBER 2PCS SET (8001-2) (QTY: 168000 NOS / USD 0.151 PER NOS),,,,,,,,,4900.0,KGS,451.8355632653061,2213994.26,5.353501934423058,26232.15947867298,973271.9,2024,4,KG,Unknown,,Steel,168000.0,0.151,3187266.1599999997,650.462481632653,Other,General,0.4396000105257726,No
INNSA1,2024-04-17,301049751,73231000,STEEL SCRUBBER 6PCS SET (OKS-4156) (QTY: 98400 NOS /USD: 0.239 PER NOS),,,,,,,,,8782.0,KGS,234.1808767934411,2056576.46,2.776299665600962,24381.46366330765,904071.0,2024,4,KG,Unknown,,Steel,98400.0,,2960647.46,337.12678888635844,Other,General,0.4395999942545292,No
INNSA1,2024-04-17,301049751,73239990,STEEL TEA STRAINER BIG (SB-12) (QTY: 12006 NOS/ USD 1.0347 PER NOS),,,,,,,,,2934.8,KGS,376.0516593975739,1103636.41,4.458229512715755,13084.0119739182,404372.4,2024,4,KG,Unknown,,Steel,12006.0,1.0347,1508008.81,513.8369940029985,Other,General,0.36640001755650675,No
INNSA1,2024-04-17,301049751,73239990,STEEL DRAINER (AM-321) (QTY: 50400 PCS/CNY 0.7277 PER PCS),,,,,,,,,6930.0,KGS,470.1786464646465,3258338.02,5.574139258620587,38628.78506224067,1193855.1,2024,4,KG,Unknown,,Steel,50400.0,,4452193.12,642.4521096681096,Other,General,0.3664000151832007,No
INNSA1,2024-04-17,301049751,73239990,STEEL TEA STRAINER (NP-55) (QTY: 50400 NOS/ USD 0.2791 PER NOS),,,,,,,,,2310.0,KGS,540.9929696969697,1249693.76,6.413668876075516,14815.57510373444,457887.9,2024,4,KG,Unknown,,Steel,50400.0,0.2791,1707581.6600000001,739.2128398268399,Other,General,0.3664000850896463,No
INNSA1,2024-04-13,301049751,73239990,STEEL SALT BOTTLE (NP-19) (QTY:13932 PCS/USD 0.4450 PER PCS),,,,,,,,,2167.2,KGS,263.6085225175342,571292.39,3.125175133580726,6772.879549496148,209321.5,2024,4,KG,Unknown,,Steel,13932.0,0.445,780613.89,360.1946705426357,Other,General,0.36639994451877783,No
INNSA1,2024-04-12,301049751,73239990,STEEL LUNCH BOX (6561) (QTY: 19524 PCS/CNY 2.350 PER PCS),,,,,,,,,7646.9,KGS,524.3423661876054,4009593.64,6.216269901453533,47535.19430942502,1469115.1,2024,4,KG,Unknown,,Steel,19524.0,,5478708.74,716.4614078907794,Other,General,0.36639999758179986,No
INNSA1,2024-04-12,301049751,73239990,STEEL LUNCH BOX (6717) (QTY: 204 PCS/ USD 2.960 PER PCS),,,,,,,,,78.2,KGS,674.8057544757032,52769.81,8.00006822140727,625.6053349140486,19334.9,2024,4,KG,Unknown,,Steel,204.0,2.96,72104.70999999999,922.055115089514,Other,General,0.3664007886327429,No
INNSA1,2024-04-12,301049751,73239990,STEEL LUNCH BOX (6728) (QTY: 2268 PCS/ USD 1.930 PER PCS),,,,,,,,,786.24,KGS,486.5292404354904,382528.75,5.767981510794196,4535.017783046829,140158.6,2024,4,KG,Unknown,,Steel,2268.0,1.93,522687.35,664.793638074888,Other,General,0.3664001725360512,No
INNSA1,2024-04-11,301049751,73239990,STEEL RECTANGLE CONTAINER BIG (6578) (QTY: 37200 PCS / USD 1.598 PER PCS),,,,,,,,,11005.0,KGS,464.8086051794639,5115218.7,5.510475461522987,60642.78245406047,1874216.1,2024,4,KG,Unknown,,Steel,37200.0,1.598,6989434.800000001,635.114475238528,Other,General,0.3663999938067164,No
INNSA1,2024-04-11,301049751,73239990,STEEL LUNCH BOX (6717) (QTY: 24960 PCS / USD 2.960 PER PCS),,,,,,,,,9568.0,KGS,664.4458925585284,6357418.3,7.877248281666016,75369.51155898045,2329358.1,2024,4,KG,Unknown,,Steel,24960.0,2.96,8686776.4,907.8988712374583,Other,General,0.36640000548650387,No
INNSA1,2024-04-11,301049751,73239990,STEEL LUNCH BOX (6728) (QTY: 31296 PCS / USD 1.930 PER PCS),,,,,,,,,10849.28,KGS,479.0598251681217,5197454.18,5.67942886980583,61617.714048607,1904347.2,2024,4,KG,Unknown,,Steel,31296.0,1.93,7101801.38,654.5873440449504,Other,General,0.3663999977773734,No
INNSA1,2024-04-11,301049751,73239990,STEEL LUNCH BOX (6561) (QTY: 19812 PCS / USD 2.350 PER PCS),,,,,,,,,7759.7,KGS,516.2924249648827,4006274.33,6.120834913632279,47495.84267931239,1467899.0,2024,4,KG,Unknown,,Steel,19812.0,2.35,5474173.33,705.4619804889364,Other,General,0.3664000213385287,No
INNSA1,2024-04-11,301049751,73239990,DS-25 STAINLESS STEEL GRATER WITH HANDLE (QTY:51000 PCS USD0.2067 PER PCS),,,,,,,,,1615.0,KGS,581.197399380805,938633.8,6.890307046601126,11127.84588026082,343915.5,2024,4,KG,Unknown,,Steel,51000.0,0.2067,1282549.3,794.1481733746131,Other,General,0.3664000806278231,No
INNSA1,2024-04-06,301049751,73239990,STEEL SHOWER CADDY (B57894 ) (QTY:400 NOS/ USD 2.71 PER NOS),,,,,,,,,338.0,KGS,296.9714793,100376.36,3.535374753,1194.956667,36777.9,2024,4,KG,Unknown,,Steel,400.0,2.71,137154.26,405.78183431952664,Other,General,0.36640001689640866,No
INNSA1,2024-04-06,301049751,73239990,STEEL SPOON HOLDER (B51539-DL) (QTY:960 NOS/ USD 1.18 PER NOS),,,,,,,,,279.2,KGS,375.6989613,104895.15,4.472606682,1248.751786,38433.6,2024,4,KG,Unknown,,Steel,960.0,1.18,143328.75,513.3551217765043,Other,General,0.36640016244793017,No
INNSA1,2024-04-06,301049751,73239990,STEEL HOOK (B52693) (QTY:720 NOS/ USD 1.78 PER NOS),,,,,,,,,435.6,KGS,272.4374197,118673.74,3.243302615,1412.782619,43482.0,2024,4,KG,Unknown,,Steel,720.0,1.78,162155.74,372.25835629017445,Other,General,0.36639950843379504,No
INNSA1,2024-04-06,301049751,73239990,STEEL HOOK (B66988-5) (QTY:240 NOS/ USD 1.72 PER NOS),,,,,,,,,99.6,KGS,383.7802209,38224.51,4.568812153,455.0536905,14005.5,2024,4,KG,Unknown,,Steel,240.0,1.72,52230.01,524.3976907630523,Other,General,0.3664010343101847,No
INNSA1,2024-04-06,301049751,73239990,STEEL KITCHEN DISH HOLDER (B52193) (QTY:720 NOS/ USD 1.12 PER NOS),,,,,,,,,255.6,KGS,292.1405321,74671.12,3.477863477,888.9419048,27359.5,2024,4,KG,Unknown,,Steel,720.0,1.12,102030.62,399.18082942097027,Other,General,0.3664000218558393,No
INNSA1,2024-04-06,301049751,73239990,STEEL CORNER RACK (B68261-2 ) (QTY:600 NOS/ USD 1.45 PER NOS),,,,,,,,,198.0,KGS,406.8705556,80560.37,4.84369709,959.0520238,29517.3,2024,4,KG,Unknown,,Steel,600.0,1.45,110077.67,555.9478282828283,Other,General,0.36639975710141354,No
INNSA1,2024-04-06,301049751,73239990,STEEL SPOON HOLDER ROUND (B60157) (QTY:708 NOS/ USD 1.00 PERNOS),,,,,,,,,179.95,KGS,364.3205335,65559.48,4.337149208,780.47,24021.0,2024,4,KG,Unknown,,Steel,708.0,1.0,89580.48,497.8076132258961,Other,General,0.3664000995737001,No
INNSA1,2024-04-06,301049751,73239990,STEEL BASKET (B62152 ) (QTY:720 NOS/ USD 1.80 PER NOS),,,,,,,,,360.0,KGS,333.3532778,120007.18,3.968491402,1428.656905,43970.6,2024,4,KG,Unknown,,Steel,720.0,1.8,163977.78,455.4938333333333,Other,General,0.36639974374866574,No
INNSA1,2024-04-06,301049751,73239990,STEEL CUTLERY HOLDER (B53773) (QTY:696 NOS/ USD 1.22 PER NOS),,,,,,,,,198.36,KGS,396.3849062,78626.91,4.718867931,936.0346429,28808.9,2024,4,KG,Unknown,,Steel,696.0,1.22,107435.81,541.6203367614438,Other,General,0.3664000022384194,No
INNSA1,2024-04-06,301049751,73239990,MILD STEEL MULTI FUNCTION CLOTH STAND (RYX-02-020) (QTY: 1232 NOS/ CNY 100 PER NOS),,,,,,,,,4004.0,KGS,384.770482,1540621.01,4.580600976,18340.72631,564483.5,2024,4,KG,Unknown,,Steel,1232.0,,2105104.51,525.750377122877,Other,General,0.36639997529308005,No
INNSA1,2024-04-06,301049751,73239990,STEEL BASKET SMALL (B54091) (QTY:720 NOS/ USD 1.33 PER NOS),,,,,,,,,258.0,KGS,343.6897287,88671.95,4.091544389,1055.618452,32489.4,2024,4,KG,Unknown,,Steel,720.0,1.33,121161.35,469.61763565891476,Other,General,0.36639997203174174,No
INNSA1,2024-04-06,301049751,73239990,STEEL BASKET (B66053) (QTY:720 NOS/ USD 1.53 PER NOS),,,,,,,,,273.6,KGS,372.8292398,102006.08,4.438443331,1214.358095,37375.0,2024,4,KG,Unknown,,Steel,720.0,1.53,139381.08000000002,509.43377192982456,Other,General,0.3663997283299191,No
INNSA1,2024-04-03,301049751,73239990,MILD STEEL MULTI FUNCTION CLOTH STAND (RYX-02-021A) (QTY:6480 NOS/ CNY 61.50 PER NOS),,,,,,,,,23760.0,KGS,216.5640543,5145561.93,2.578143503,61256.68964,1885333.9,2024,4,KG,Unknown,,Steel,6480.0,,7030895.83,295.91312415824916,Other,General,0.36640000171954007,No
INNSA1,2024-03-23,301049751,73239990,MILD STEEL MULTI FUNCTION CLOTH STAND (RYX-02-026-3S) (QTY:848 NOS/ CNY 82.00 PER NOS),,,,,,,,,3307.2,KGS,273.906083696178,905862.2,3.270520402342424,10816.26507462686,331907.8,2024,3,KG,Unknown,,Steel,848.0,,1237770.0,374.26523947750366,Other,General,0.3663998784804135,No
INNSA1,2024-03-21,301049751,73239990,STEEL SPRINKLER (AM-430) (QTY: 408 PCS / USD : 0.5776 PER PCS),,,,,,,,,74.8,KGS,276.8823529411765,20710.8,3.306057945566286,247.2931343283582,7588.5,2024,3,KG,Unknown,,Steel,408.0,,28299.3,378.33288770053474,Other,General,0.3664030360971088,No
INNSA1,2024-03-21,301049751,73239990,MILD STEEL MULTI FUNCTION CLOTH STAND (RYX-02-021A) (QTY:6480 PCS/CNY 61.50 PER PCS),,,,,,,,,23760.0,KGS,214.0511426767677,5085855.15,2.555834539424092,60726.62865671643,1863457.3,2024,3,KG,Unknown,,Steel,6480.0,,6949312.45,292.4794802188552,Other,General,0.36639999469902323,No
INNSA1,2024-03-21,301049751,73239990,MILD STEEL MULTI FUNCTION CLOTH STAND (RYX-02-020) (QTY:1232PCS/CNY 100 PER PCS),,,,,,,,,4004.0,KGS,392.672524975025,1572260.79,4.688627163880897,18773.2631641791,576076.4,2024,3,KG,Unknown,,Steel,1232.0,,2148337.19,536.5477497502497,Other,General,0.3664000296032314,No
INNSA1,2024-03-21,301049751,73239990,STEEL SALT BOTTLE (NP-19) (QTY: 4752 PCS / USD : 0.4475 PERPCS),,,,,,,,,739.2,KGS,252.8240665584415,186887.55,3.018794824578406,2231.493134328358,68475.6,2024,3,KG,Unknown,,Steel,4752.0,,255363.15,345.4588068181818,Other,General,0.3664000089893629,No
INNSA1,2024-03-20,301049751,73239990,STEEL ROUND CONTAINER (6856) (QTY: 116424 NOS/ USD 0.568 PERNOS),,,,,,,,,9702.0,KGS,585.7882148010721,5683317.26,6.994486146878471,67860.50459701492,2082367.5,2024,3,KG,Unknown,,Steel,116424.0,0.568,7765684.76,800.4210224695938,Other,General,0.3664000098421393,No
INNSA1,2024-03-20,301049751,73239990,STEEL LUNCH BOX (6728) (QTY: 31332 NOS/ USD 1.930 PER NOS),,,,,,,,,10861.76,KGS,478.4717449105854,5197045.26,5.71309546161893,62054.27176119402,1904197.4,2024,3,KG,Unknown,,Steel,31332.0,1.93,7101242.66,653.7837937866423,Other,General,0.36640000322029137,No
INNSA1,2024-03-20,301049751,73239990,STEEL RECTANGLE CONTAINER BIG (6578) (QTY: 28068 NOS/ USD 1.598 PER NOS),,,,,,,,,8303.45,KGS,464.2380203409425,3854777.19,5.543140541384388,46027.19032835821,1412390.3,2024,3,KG,Unknown,,Steel,28068.0,1.598,5267167.49,634.3348234769885,Other,General,0.36639998380814326,No
INNSA1,2024-03-20,301049751,73239990,RYX-02-026-3S MILD STEEL MULTI FUNCTION CLOTH STAND (QTY :848 NUM/CNY 82.00 PER NUM),,,,,,,,,3307.2,KGS,267.4232583454282,884422.2,3.193113532482724,10560.26507462686,324052.2,2024,3,KG,Unknown,,Steel,848.0,,1208474.4,365.4071117561684,Other,General,0.3663998936254653,No
INNSA1,2024-03-20,301049751,73239990,STEEL LUNCH BOX (6561) (QTY: 4260 NOS/ USD 2.350 PER NOS),,,,,,,,,1668.5,KGS,515.6586394965536,860376.44,6.15711808354094,10273.15152238806,315241.9,2024,3,KG,Unknown,,Steel,4260.0,2.35,1175618.3399999999,704.5959484566976,Other,General,0.3663999679024219,No
INNSA1,2024-02-27,301049751,73239990,NP-19 STEEL SALT BOTTLE (QTY:53424 PCS/ USD 0.4481 PER PCS),,,,,,,,,8310.4,KGS,254.57875312861,2115651.27,3.034311717861859,25216.34410011919,775174.7,2024,2,KG,Unknown,,Steel,53424.0,0.4481,2890825.9699999997,347.8564172603003,Other,General,0.3664000352950418,No
INNSA1,2024-02-27,301049751,73239990,AM-430 STEEL SPRINKLER (QTY:57840 PCS/ USD 0.5784 PER PCS),,,,,,,,,10604.0,KGS,278.81729158808,2956578.56,3.323209673278665,35239.31537544696,1083290.4,2024,2,KG,Unknown,,Steel,57840.0,0.5784,4039868.96,380.97594869860427,Other,General,0.3664000052817808,No
INNSA1,2024-02-27,301049751,73239990,SM1168 STEEL HANGER WITH HOOK (QTY:57792 PCS/ USD 1.23 PER PCS),,,,,,,,,10836.0,KGS,557.0314341085273,6035992.62,6.639230442294721,71942.70107270559,2211587.7,2024,2,KG,Unknown,,Steel,57792.0,1.23,8247580.32,761.1277519379845,Other,General,0.3664000006679929,No
INNSA1,2024-02-26,301049751,73231000,SS SCRUBBER 3PCS SET (SS410) (QTY:120000 SETS/USD 0.16 PER SET),,,,,,,,,7500.0,KGS,227.413,1705597.5,2.710524433849821,20328.93325387366,749780.7,2024,2,KG,Unknown,,General,120000.0,0.16,2455378.2,327.38376000000005,Other,General,0.4396000228658872,No
INNSA1,2024-02-26,301049751,73239990,MILD STEEL MULTI FUNCTION CLOTH STAND (RYX-02-021A) (QTY:6480 PCS/CNY 61.50 PER PCS),,,,,,,,,23760.0,KGS,216.1649654882155,5136079.58,2.576459660169434,61216.68152562574,1881859.6,2024,2,KG,Unknown,,Steel,6480.0,,7017939.18,295.3678106060606,Other,General,0.3664000081556369,No
INNSA1,2024-02-26,301049751,73239990,MILD STEEL MULTI FUNCTION CLOTH STAND (RYX-02-020) (QTY:1232PCS/CNY 100.00 PER PCS),,,,,,,,,4004.0,KGS,396.5502897102897,1587787.36,4.726463524556492,18924.7599523242,581765.3,2024,2,KG,Unknown,,Steel,1232.0,,2169552.66,541.8463186813187,Other,General,0.36640000711430276,No
INNSA1,2024-02-23,301049751,73239990,RYX-02-020 MILD STEEL MULTI FUNCTION CLOTH STAND (QTY :1232NUM/CNY 100.00 PER NUM),,,,,,,,,4004.0,KGS,380.8358166833166,1524866.61,4.539163488478149,18174.81060786651,558711.1,2024,2,KG,Unknown,,Steel,1232.0,,2083577.71,520.3740534465535,Other,General,0.36639998301228455,No
INNSA1,2024-02-20,301049751,73231000,STEEL SCRUBBER (8001-12) (QTY: 290016 NOS / USD 0.073 PER NOS),,,,,,,,,4229.0,KGS,439.9442137621189,1860524.08,5.231203493009737,22122.75957193817,817886.4,2024,2,KG,Unknown,,Steel,290016.0,0.073,2678410.48,633.3436935445732,Other,General,0.4396000077569542,No
INNSA1,2024-02-17,301049751,73239990,STEEL LUNCH BOX (6561) (QTY: 19836 NOS/ USD 2.350 PER NOS),,,,,,,,,7769.1,KGS,516.9073843817173,4015905.16,6.146342263754071,47751.54768133175,1471427.6,2024,2,KG,Unknown,,Steel,19836.0,2.35,5487332.76,706.3022435031085,Other,General,0.3663999873941246,No
INNSA1,2024-02-17,301049751,73239990,SY604A STEEL HOOK 4PCS SET(QTY :600 SET/USD 0.9090 PER SET),,,,,,,,,70.0,KGS,702.4198571428572,49169.39,8.352198063529812,584.6538644470867,18015.7,2024,2,KG,Unknown,,Steel,600.0,0.909,67185.09,959.7869999999999,Other,General,0.36640072207525864,No
INNSA1,2024-02-17,301049751,73239990,STEEL ROUND CONTAINER (6857) (QTY: 59568 NOS/ USD 0.718 PERNOS),,,,,,,,,7594.92,KGS,485.1496289625171,3684672.62,5.768723293252284,43812.99191438764,1350064.1,2024,2,KG,Unknown,,Steel,59568.0,0.718,5034736.720000001,662.9084598652785,Other,General,0.36640001412120027,No
INNSA1,2024-02-17,301049751,73239990,STEEL RECTANGLE CONTAINER (6901 ) (QTY: 2472 NOS/ USD 0.885PER NOS),,,,,,,,,401.7,KGS,469.1928802588997,188474.78,5.578987874659925,2241.079429250892,69057.2,2024,2,KG,Unknown,,Steel,2472.0,0.885,257531.97999999998,641.1052526761264,Other,General,0.3664002154558822,No
INNSA1,2024-02-17,301049751,73239990,STEEL ROUND CONTAINER MEDIUM (6581) (QTY: 87792 NOS/ USD 0.875 PER NOS),,,,,,,,,10608.2,KGS,623.8537141079541,6617964.97,7.417998978691489,78691.61676575505,2424822.4,2024,2,KG,Unknown,,Steel,87792.0,0.875,9042787.37,852.4337182556889,Other,General,0.366400005287426,No
INNSA1,2024-02-17,301049751,73239990,STEEL ROUND CONTAINER (6856) (QTY: 112320 NOS/ USD 0.568 PERNOS),,,,,,,,,12480.0,KGS,440.4050921474359,5496255.55,5.236683616497454,65353.81153388822,2013828.0,2024,2,KG,Unknown,,Steel,112320.0,0.568,7510083.55,601.769515224359,Other,General,0.3663999939013025,No
INNSA1,2024-02-17,301049751,73239990,STEEL RECTANGLE CONTAINER LARGE (6862) (QTY: 792 NOS/ USD 1.380 PER NOS),,,,,,,,,198.0,KGS,475.554797979798,94159.85,5.654634934361451,1119.617717003567,34500.2,2024,2,KG,Unknown,,Steel,792.0,1.38,128660.05,649.7982323232324,Other,General,0.36640032880256285,No
INNSA1,2024-02-17,301049751,73239990,SY772-42 STEEL HANGER 10PCS SET(QTY :540 SET/USD 1.3986 PERSET),,,,,,,,,273.0,KGS,249.4031135531136,68087.05,2.965554263413955,809.5963139120096,24947.0,2024,2,KG,Unknown,,Steel,540.0,1.3986,93034.05,340.78406593406595,Other,General,0.36639860296488097,No
INNSA1,2024-02-17,301049751,73239990,STEEL RECTANGLE CONTAINER BIG (6578) (QTY: 37200 NOS/ USD 1.598 PER NOS),,,,,,,,,11005.0,KGS,465.3622417083143,5121311.47,5.533439259314084,60895.49904875149,1876448.5,2024,2,KG,Unknown,,Steel,37200.0,1.598,6997759.97,635.8709650159018,Other,General,0.3663999955855058,No
INNSA1,2024-02-17,301049751,73239990,SY604A-4 STEEL HOOK 4PCS SET(QTY :960 SET/USD 0.5734 PER SET),,,,,,,,,112.0,KGS,443.0853571428571,49625.56,5.268553592661797,590.0780023781213,18182.8,2024,2,KG,Unknown,,Steel,960.0,0.5734,67808.36,605.4317857142858,Other,General,0.36639989553770275,No
INNSA1,2024-02-17,301049751,73239990,SD1078-B STEEL FRUIT BASKET(QTY :408 PCS/USD 0.9090 PER PCS),,,,,,,,,83.3,KGS,401.3805522208884,33435.0,4.772658171473108,397.5624256837099,12250.6,2024,2,KG,Unknown,,Steel,408.0,0.909,45685.6,548.4465786314526,Other,General,0.36640047854045166,No
INNSA1,2024-02-17,301049751,73239990,SY722-9602 STEEL HOOK 3PCS SET(QTY :2880 SET/USD 0.1538 PERSET),,,,,,,,,78.0,KGS,511.9528205128205,39932.32,6.08742949480167,474.8195005945303,14631.2,2024,2,KG,Unknown,,Steel,2880.0,0.1538,54563.520000000004,699.5323076923078,Other,General,0.3663999487132228,No
INNSA1,2024-02-17,301049751,73239990,SY592A-0085 STEEL CLIP 6PCS SET BIG(QTY :1200 SET/USD 0.3776PER SET),,,,,,,,,95.0,KGS,430.0008421052632,40850.08,5.112970774141061,485.7322235434008,14967.5,2024,2,KG,Unknown,,Steel,1200.0,0.3776,55817.58,587.5534736842105,Other,General,0.3664007512347589,No
INNSA1,2024-02-15,301049751,73239990,HOUSEHOLD STEEL HOOK 3PCS SET (2628) (QTY: 2628 NOS/ USD 0.380 PER NOS),,,,,,,,,89.06,KGS,960.118122613968,85508.12,11.41638671360247,1016.743400713436,31330.2,2024,2,KG,Unknown,,Steel,2628.0,0.38,116838.31999999999,1311.905681562991,Other,General,0.3664002904051686,No
INNSA1,2024-02-12,301049751,73231000,STEEL SCRUBBER 6PCS SET (OKS-4156) (QTY: 98400 NOS / USD 0.239 PER NOS),,,,,,,,,8782.0,KGS,234.4178342063312,2058657.42,2.787370204593711,24478.68513674197,904985.8,2024,2,KG,Unknown,,Steel,98400.0,0.239,2963643.2199999997,337.4679139148258,Other,General,0.43959999911009967,No
INNSA1,2024-02-10,301049751,73239990,NP-55 STEEL TEA STRAINER (QTY: 100800 PCS/ USD 0.2815 PER PCS),,,,,,,,,4620.0,KGS,547.6300476190477,2530050.82,6.523288238463937,30137.59166170339,927010.6,2024,2,KG,Unknown,,Steel,100800.0,0.2815,3457061.42,748.2816926406927,Other,General,0.3663999919179489,No
INNSA1,2024-02-10,301049751,73239990,AM-603 STEEL TEA STRAINER (QTY: 900 PCS/ USD 0.6022 PER PCS),,,,,,,,,50.0,KGS,966.5038,48325.19,11.51285050625372,575.6425253126862,17706.3,2024,2,KG,Unknown,,Steel,900.0,0.6022,66031.49,1320.6298000000002,Other,General,0.3663989732890858,No
INNSA1,2024-02-10,301049751,73239990,SB-12 STEEL TEA STRAINER BIG (QTY: 14022 PCS/ USD 1.0434 PERPCS),,,,,,,,,3427.6,KGS,380.5930301085307,1304520.67,4.533567958410134,15539.25753424657,477976.3,2024,2,KG,Unknown,,Steel,14022.0,1.0434,1782496.97,520.0422949002217,Other,General,0.36639994366666495,No
INNSA1,2024-02-10,301049751,73239990,AM-321 STEEL DRAINER (QTY: 15048 PCS/ USD 0.7338 PER PCS),,,,,,,,,2069.1,KGS,475.8446957614422,984570.26,5.668191730332843,11728.05550923168,360746.6,2024,2,KG,Unknown,,Steel,15048.0,0.7338,1345316.8599999999,650.1942197090522,Other,General,0.36640005762514094,No
INNSA1,2024-02-10,301049751,73239990,AM-322 STEEL KITCHEN BASKET (QTY: 20400 PCS/ USD 1.2745 PERPCS),,,,,,,,,5610.0,KGS,413.2353155080214,2318250.12,4.922398040595847,27614.65300774271,849406.8,2024,2,KG,Unknown,,Steel,20400.0,1.2745,3167656.92,564.6447272727272,Other,General,0.3663999810339706,No
INNSA1,2024-02-08,301049751,73231000,8001-2 STEEL SCRUBBER 2 PCS SET (QTY- 167640 SETS/USD 0.151PER SETS),,,,,,,,,4900.0,KGS,447.4847122448979,2192675.09,5.320864592686064,26072.23650416171,963900.0,2024,2,KG,Unknown,,Steel,167640.0,0.151,3156575.09,644.1989979591837,Other,General,0.43960001388076153,No
INNSA1,2024-02-08,301049751,73239990,580F STEEL EGG SLICER (QTY:480 PCS/USD 0.7713 PER PCS),,,,,,,,,40.0,KGS,823.6854999999998,32947.42,9.794120095124851,391.7648038049941,12071.9,2024,2,KG,Unknown,,Steel,480.0,0.7713,45019.32,1125.483,Other,General,0.36639894717097726,No
INNSA1,2024-02-08,301049751,73231000,8001-2 STEEL SCRUBBER 2 PCS SET (QTY- 168000 SETS/USD 0.151PER SETS),,,,,,,,,4900.0,KGS,448.4160530612246,2197238.66,5.331938799776749,26126.50011890607,965906.1,2024,2,KG,Unknown,,Steel,168000.0,0.151,3163144.7600000002,645.5397469387756,Other,General,0.43959999320237697,No
INNSA1,2024-02-08,301049751,73239990,DS-25 STAINLESS STEEL GRATER WITH HANDLE-(QTY:51000 PCS USD0.2067 PER PCS),,,,,,,,,1615.0,KGS,576.6403467492262,931274.16,6.856603409622188,11073.41450653984,341218.8,2024,2,KG,Unknown,,Steel,51000.0,0.2067,1272492.96,787.9213374613003,Other,General,0.36639994392199177,No
INNSA1,2024-02-08,301049751,73239990,320F SLEEL GRATER (QTY:480 PCS/USD 0.4207 PER PCS),,,,,,,,,50.0,KGS,359.4296,17971.48,4.273835909631392,213.6917954815696,6584.7,2024,2,KG,Unknown,,General,480.0,0.4207,24556.18,491.1236,Other,General,0.36639720267891124,No
INNSA1,2024-02-08,301049751,73239990,NP-19 STEEL SALT BOTTLE (QTY:30888 PCS/USD 0.4488 PER PCS),,,,,,,,,4804.8,KGS,256.7607413419913,1233684.01,3.053040919643179,14669.25101070155,452021.8,2024,2,KG,Unknown,,Steel,30888.0,0.4488,1685705.81,350.83787254412255,Other,General,0.3663999827638197,No
INNSA1,2024-02-07,301049751,73239990,HOUSEHOLD STEEL HOOK 3PCS SET (2628) (QTY: 160740 NOS/USD 0.38 PER NOS),,,,,,,,,5447.3,KGS,956.2697262864173,5209088.08,11.37062694751982,61939.21617122474,1908609.9,2024,2,KG,Unknown,,Steel,160740.0,0.38,7117697.98,1306.64695904393,Other,General,0.3664000052769313,No
INNSA1,2024-02-06,301049751,73239990,MILD STEEL MULTI FUNCTION CLOTH STAND (RYX-02-021A) (QTY: 6480 NOS/ CNY 61.50 PER NOS),,,,,,,,,23760.0,KGS,218.6714090909091,5195632.68,2.600135661009621,61779.22330558858,1903679.8,2024,2,KG,Unknown,,Steel,6480.0,,7099312.4799999995,298.79261279461275,Other,General,0.36639999731466777,No
INNSA1,2024-02-04,301049751,73239990,STEEL RECTANGLE CONTAINER LARGE (6862) (QTY: 42408 NOS/USD 1.380 PER NOS),,,,,,,,,10602.0,KGS,474.6632654216186,5032379.94,5.644034071600696,59838.04922711058,1843864.0,2024,2,KG,Unknown,,Steel,42408.0,1.38,6876243.94,648.5798849273722,Other,General,0.3663999980096892,No
INNSA1,2024-02-04,301049751,73239990,STEEL LUNCH BOX (6728) (QTY: 31584 NOS/USD 1.93 PER NOS),,,,,,,,,10949.12,KGS,478.731267900982,5241686.1,5.692405088002165,62326.82639714625,1920553.7,2024,2,KG,Unknown,,Steel,31584.0,1.93,7162239.8,654.1383965104044,Other,General,0.3663999833946562,No
INNSA1,2024-02-04,301049751,73239990,STEEL LUNCH BOX (6561) (QTY: 21144 NOS/USD 2.35 PER NOS),,,,,,,,,8281.4,KGS,515.9383316830488,4272691.7,6.134819639513066,50804.89536266351,1565514.2,2024,2,KG,Unknown,,Steel,21144.0,2.35,5838205.9,704.9781317168596,Other,General,0.36639999090034975,No
INNSA1,2024-02-04,301049751,73239990,STEEL RECTANGLE CONTAINER (6901) (QTY: 52728 NOS/USD 0.885 PER NOS),,,,,,,,,8568.3,KGS,468.3132686764002,4012648.58,5.568528759529135,47712.82497027348,1470234.5,2024,2,KG,Unknown,,Steel,52728.0,0.885,5482883.08,639.9032573556016,Other,General,0.3664000150244904,No
INNSA1,2024-02-03,301049751,73239990,MILD STEEL MULTI FUNCTION CLOTH STAND (RYX-02-026-3S) (QTY:848 NOS/ CNY 82 PER NOS),,,,,,,,,3307.2,KGS,277.7619587566522,918614.35,3.302758130281239,10922.88168846611,336580.3,2024,2,KG,Unknown,,Steel,848.0,,1255194.65,379.53394109820994,Other,General,0.36640000235136755,No
INNSA1,2024-02-02,301049751,73239990,RYX-02-020 MILD STEEL MULTI FUNCTION CLOTH STAND (QTY :1232NUM/CNY 100.00 PER NUM),,,,,,,,,4004.0,KGS,381.46253996004,1527376.01,4.535820926992153,18161.42699167658,559630.6,2024,2,KG,Unknown,,Steel,1232.0,,2087006.6099999999,521.2304220779221,Other,General,0.3664000195996269,No
INNSA1,2024-01-29,301049751,73239990,STEEL SOAP DISPENSER (SY-XL8168) (QTY: 168 PCS / USD 2.5280PER PCS),,,,,,,,,29.4,KGS,1316.971428571429,38718.96,15.65958892474945,460.3919143876338,14186.7,2024,1,KG,Unknown,,Steel,168.0,2.528,52905.66,1799.5122448979594,Other,General,0.36640188682753877,No
INNSA1,2024-01-29,301049751,73239990,STEEL SOAP DISPENSER (SY-SH158) (QTY: 168 PCS / USD 2.4578 PER PCS),,,,,,,,,21.0,KGS,1792.575714285714,37644.09,21.31481229828436,447.6110582639715,13792.8,2024,1,KG,Unknown,,Steel,168.0,2.4578,51436.89,2449.3757142857144,Other,General,0.36640014408636257,No
INNSA1,2024-01-29,301049751,73239990,STEEL SPRINKLER (AM-430) (QTY: 13464 PCS / USD : 0.580 PERPCS),,,,,,,,,2468.4,KGS,282.3942229784476,697061.9,3.357838560980352,8288.4887039239,255403.5,2024,1,KG,Unknown,,Steel,13464.0,,952465.4,385.86347431534597,Other,General,0.3664000284623216,No
INNSA1,2024-01-27,301049751,73239990,AM-430 STEEL SPRINKLER (QTY:55272 PCS /USD 0.5849 PER PCS),,,,,,,,,10133.2,KGS,282.8993615047566,2866675.81,3.36384496438474,34086.51379310346,1050350.0,2024,1,KG,Unknown,,Steel,55272.0,0.5849,3917025.81,386.55368590376185,Other,General,0.36639999414513497,No
INNSA1,2024-01-20,301049751,73239990,STEEL TEA STRAINER (NP-55) (QTY: 100800 PCS/USD 0.2823 PERPCS),,,,,,,,,4620.0,KGS,554.6568614718615,2562514.7,6.595206438428793,30469.85374554103,938905.4,2024,1,KG,Unknown,,Steel,100800.0,0.2823,3501420.1,757.8831385281386,Other,General,0.36640000543216394,No
INNSA1,2024-01-20,301049751,73239990,STEEL DRAINER (AM-321) (QTY: 10152 PCS/USD 0.7359 PER PCS),,,,,,,,,1395.9,KGS,481.9603051794541,672768.39,5.730800299398979,7999.624137931035,246502.4,2024,1,KG,Unknown,,Steel,10152.0,0.7359,919270.79,658.5506053442224,Other,General,0.36640009201383555,No
INNSA1,2024-01-20,301049751,73239990,STEEL TEA STRAINER BIG (SB-12) (QTY: 6012 PCS/USD 1.0463 PERPCS),,,,,,,,,1469.6,KGS,385.4529259662493,566461.62,4.583269036459563,6735.572175980977,207551.5,2024,1,KG,Unknown,,Steel,6012.0,1.0463,774013.12,526.6828524768645,Other,General,0.36639993367953155,No
INNSA1,2024-01-20,301049751,73239990,STEEL HAND BLENDER (AM-474) (QTY: 21000 PCS/USD 0.6601 PERPCS),,,,,,,,,2100.0,KGS,594.4355047619048,1248314.56,7.068198629749165,14843.21712247325,457382.5,2024,1,KG,Unknown,,Steel,21000.0,0.6601,1705697.06,812.2366952380953,Other,General,0.3664000362216395,No
INNSA1,2024-01-19,301049751,73239990,STEEL TEA STRAINER BIG (SB-12) (QTY: 44388 PCS/ USD 1.0434 PER PCS),,,,,,,,,10850.4,KGS,383.8975208287253,4165441.66,4.564774326144176,49529.62734839477,1526217.8,2024,1,KG,Unknown,,Steel,44388.0,1.0434,5691659.46,524.5575702278257,Other,General,0.36639999418453023,No
INNSA1,2024-01-18,301049751,73239990,RYX-0237F STEEL HUNGER WITH CLOTH CLIP (QTY :504 NUM/CNY 13.00 PER NUM),,,,,,,,,176.4,KGS,464.5975056689342,81955.0,5.514510453043729,972.7596439169141,30028.3,2024,1,KG,Unknown,,Steel,504.0,,111983.3,634.8259637188208,Other,General,0.36639985357818317,No
INNSA1,2024-01-18,301049751,73239990,RYX-02-021A MILD STEEL MULTI FUNCTION CLOTH STAND (QTY :1050NUM/CNY 61.50 PER NUM),,,,,,,,,3850.0,KGS,209.7998753246753,807729.52,2.490206235307719,9587.294005934718,295952.1,2024,1,KG,Unknown,,Steel,1050.0,,1103681.62,286.6705506493507,Other,General,0.36640000479368384,No
INNSA1,2024-01-18,301049751,73239990,RYX-08010D MILD STEEL MULTI FUNCTION CLOTH STAND (QTY :510 NUM/CNY 62.00 PER NUM),,,,,,,,,1479.0,KGS,267.420831643002,395515.41,3.174134500213674,4694.544925816023,144916.9,2024,1,KG,Unknown,,Steel,510.0,,540432.3099999999,365.4038607167004,Other,General,0.36640013596436105,No
INNSA1,2024-01-17,301049751,73239990,HOUSEHOLD STEEL HOOK 3PCS SET (2628) (QTY: 972 PKT/USD 0.380PER PKT),,,,,,,,,32.94,KGS,963.2179720704312,31728.4,11.43285426789829,376.5982195845697,11625.3,2024,1,KG,Unknown,,Steel,972.0,0.38,43353.7,1316.1414693381907,Other,General,0.36640044880926864,No
INNSA1,2024-01-17,301049751,73239990,STEEL LUNCH BOX (M417-680ML) (QTY: 200 PCS / USD: 2.7426 PER PCS),,,,,,,,,60.0,KGS,812.0696666666665,48724.18,9.638809099901088,578.3285459940653,17852.5,2024,1,KG,Unknown,680ML,Steel,200.0,,66576.68,1109.6113333333333,Other,General,0.36639918824698536,No
INNSA1,2024-01-17,301049751,73239990,STEEL VEGETABLE STRAINER WITH HANDLE (SY-845-5) (QTY: 224 PCS / USD: 0.9563 PER PCS),,,,,,,,,46.2,KGS,411.8625541125541,19028.05,4.888576309941294,225.8522255192878,6971.9,2024,1,KG,Unknown,,Steel,224.0,,25999.949999999997,562.7694805194805,Other,General,0.36640118141375494,No
INNSA1,2024-01-17,301049751,73239990,RYX-02-021A MILD STEEL MULTI FUNCTION CLOTH STAND (QTY :6480NUM/CNY 61.50 PER NUM),,,,,,,,,23760.0,KGS,212.9805521885522,5060417.92,2.527959076421984,60064.30765578635,1854137.2,2024,1,KG,Unknown,,Steel,6480.0,,6914555.12,291.0166296296296,Other,General,0.3664000146454307,No
INNSA1,2024-01-17,301049751,73239990,STEEL CUTLERY HOLDER (SY-845-2) (QTY: 280 PCS / USD : 0.9142 PER PCS),,,,,,,,,35.0,KGS,649.6557142857142,22737.95,7.711047053836372,269.886646884273,8331.2,2024,1,KG,Unknown,,Steel,280.0,,31069.15,887.69,Other,General,0.36640066496759827,No
INNSA1,2024-01-17,301049751,73239990,STEEL BASKET SQUARE (SY-845-6) (QTY: 280 PCS / USD: 0.8720PER PCS),,,,,,,,,42.0,KGS,516.3892857142856,21688.35,6.129249682068673,257.4284866468843,7946.7,2024,1,KG,Unknown,,Steel,280.0,,29635.05,705.5964285714285,Other,General,0.36640408329817625,No
INNSA1,2024-01-17,301049751,73239990,STEEL LUNCH BOX (M417-1200ML) (QTY: 200 PCS / USD: 3.0239PER PCS),,,,,,,,,66.0,KGS,813.9645454545455,53721.66,9.661300242783925,637.6458160237389,19683.6,2024,1,KG,Unknown,1200ML,Steel,200.0,,73405.26000000001,1112.2009090909091,Other,General,0.36639969799890765,No
INNSA1,2024-01-17,301049751,73239990,STEEL LUNCH BOX (RY304-1) (QTY: 168 PCS / USD: 2.8129 PERPCS),,,,,,,,,39.2,KGS,1070.852295918367,41977.41,12.71041300793314,498.2481899109792,15380.5,2024,1,KG,Unknown,,Steel,168.0,,57357.91,1463.2119897959183,Other,General,0.36639945151451697,No
INNSA1,2024-01-17,301049751,73239990,RYX-02-020 MILD STEEL MULTI FUNCTION CLOTH STAND (QTY :1232NUM/CNY 100.00 PER NUM),,,,,,,,,4004.0,KGS,381.52248001998,1527616.01,4.528456736142196,18131.94077151336,559718.5,2024,1,KG,Unknown,,Steel,1232.0,,2087334.51,521.3123151848151,Other,General,0.36639999603041606,No
INNSA1,2024-01-17,301049751,73239990,STEEL LUNCH BOX (RY304-2) (QTY: 168 PCS / USD: 3.3755 PERPCS),,,,,,,,,50.4,KGS,999.4680555555556,50373.19,11.86312232113419,597.9013649851632,18456.7,2024,1,KG,Unknown,,Steel,168.0,,68829.89,1365.6724206349206,Other,General,0.36639926913502996,No
INNSA1,2024-01-17,301049751,73239990,STEEL BASKET SMALL (SY-845-3) (QTY: 280 PCS / USD: 1.0548PER PCS),,,,,,,,,42.0,KGS,624.6416666666668,26234.95,7.414144411473787,311.3940652818992,9612.5,2024,1,KG,Unknown,,Steel,280.0,,35847.45,853.5107142857142,Other,General,0.3664005458367559,No
INNSA1,2024-01-17,301049751,73239990,STEEL BASKET ROUND (SY-845-7) (QTY: 336 PCS / USD: 0.6329PER PCS),,,,,,,,,36.4,KGS,518.9494505494505,18889.76,6.159637395245702,224.2108011869436,6921.3,2024,1,KG,Unknown,,Steel,336.0,,25811.059999999998,709.0950549450549,Other,General,0.3664048669755466,No
INNSA1,2024-01-17,301049751,73231000,STEEL SCRUBBER 6PCS SET (OKS-4156) (QTY: 98880 NOS/ USD 0.239 PER NOS),,,,,,,,,8825.0,KGS,235.6816135977337,2079890.24,2.797407876530964,24687.12451038576,914319.7,2024,1,KG,Unknown,,Steel,98880.0,0.239,2994209.94,339.28724532577905,Other,General,0.439599976198744,No
INNSA1,2024-01-17,301049751,73239990,STEEL BASKET BIG (SY-845-4) (QTY: 224 PCS / USD: 1.1954 PER PCS),,,,,,,,,40.6,KGS,585.8512315270938,23785.56,6.953723816345326,282.3211869436202,8715.0,2024,1,KG,Unknown,,Steel,224.0,,32500.56,800.5064039408867,Other,General,0.36639877303708634,No
INNSA1,2024-01-12,301049751,73239990,STEEL HANGER WITH HOOK (SL-89) (QTY: 70056 PCS/ USD 7.45 PERPCS),,,,,,,,,15568.0,KGS,402.6528661356629,6268499.82,4.779262506061281,74403.55869436201,2296778.4,2024,1,KG,Unknown,,Steel,70056.0,7.45,8565278.22,550.1848805241522,Other,General,0.3664000105211776,No
INNSA1,2024-01-09,301049751,73239990,HOUSEHOLD STEEL HOOK 3PCS SET (2628) (QTY: 167076 PKT/USD 0.38 PER PKT),,,,,,,,,5662.02,KGS,953.805754836613,5400467.26,11.32113655592419,64100.50160237389,1978731.2,2024,1,KG,Unknown,,Steel,167076.0,0.38,7379198.46,1303.2801826909829,Other,General,0.3663999992474725,No
INNSA1,2024-01-08,301049751,73231000,8001-2 STEEL SCRUBBER 2 PCS SET (QTY- 168000 SETS/USD 0.151PER SETS),,,,,,,,,4900.0,KGS,450.0187877551021,2205092.06,5.341469290861744,26173.19952522255,969358.4,2024,1,KG,Unknown,,Steel,168000.0,0.151,3174450.46,647.8470326530612,Other,General,0.4395999684475758,No
INNSA1,2024-01-04,301049751,73239990,AM-430 STEEL SPRINKLER (QTY: 32208 PCS/USD 0.5816 PER PCS),,,,,,,,,5904.8,KGS,281.3105321094702,1661082.43,3.356927590805133,19821.98603818616,608620.6,2024,1,KG,Unknown,,Steel,32208.0,0.5816,2269703.03,384.3827106760601,Other,General,0.3663999985840558,No
INNSA1,2024-01-02,301049751,73239990,RYX-02-021A MILD STEEL MULTI FUNCTION CLOTH STAND (QTY :6480NUM/CNY 61.50 PER NUM),,,,,,,,,23760.0,KGS,212.0665370370371,5038700.92,2.530626933616193,60127.69594272076,1846180.0,2024,1,KG,Unknown,,Steel,6480.0,,6884880.92,289.76771548821546,Other,General,0.3663999966086497,No
INNSA1,2023-12-30,301049751,73239990,MILD STEEL MULTI FUNCTION CLOTH STAND (RYX-02-026-3S) (QTY:848 NOS/ CNY: 82.00 PER NOS),,,,,,,,,3307.2,KGS,272.85885341074,902398.8,3.25607223640501,10768.4821002387,330639.0,2023,12,KG,Unknown,,Steel,848.0,,1233037.8,372.8343613933237,Other,General,0.36640008829798976,No
INNSA1,2023-12-27,301049751,73239390,AN-01 NON STICK FRY PAN 16CM (QTY:10140 PCS/ USD 0.4718 PERPCS),,,,,,,,,2298.4,KGS,185.020810128785,425251.83,2.207885562396,5074.60417661098,155812.3,2023,12,KG,Unknown,16CM,General,10140.0,0.4718,581064.13,252.8124477897668,Other,General,0.3664000693424411,No
INNSA1,2023-12-27,301049751,73239990,STAINLESS STEEL GRATER WITH HANDLE (KL324H-9S) (QTY: 59040 NOS /USD 0.624 PER NOS),,,,,,,,,9512.0,KGS,330.359134777124,3142376.09,3.94223311189885,37498.5213603819,1151366.6,2023,12,KG,Unknown,,Steel,59040.0,0.624,4293742.6899999995,451.402721825063,Other,General,0.3664000001985759,No
INNSA1,2023-12-27,301049751,73239390,AN-02 NON STICK SAUCE PAN 16CM (QTY:18630 PCS/ USD 0.5352 PER PCS),,,,,,,,,4781.7,KGS,185.352014973754,886297.73,2.21183788751497,10576.3452267303,324739.5,2023,12,KG,Unknown,16CM,General,18630.0,0.5352,1211037.23,253.26499571282181,Other,General,0.36640001323257365,No
INNSA1,2023-12-23,301049751,73239990,STEEL RECTANGLE CONTAINER (6901) (QTY:27960 NOS/USD 0.90 PERNOS),,,,,,,,,4543.5,KGS,472.73367227908,2147865.44,5.64121327302005,25630.8525059666,786977.9,2023,12,KG,Unknown,,Steel,27960.0,0.9,2934843.34,645.9432904148783,Other,General,0.3664000012961706,No
INNSA1,2023-12-23,301049751,73239990,STEEL LUNCH BOX 3LAYER (8505) (QTY:11100 NOS/USD 3.30 PER NOS),,,,,,,,,7215.0,KGS,433.339157311157,3126542.02,5.17111166242431,37309.5706443914,1145565.0,2023,12,KG,Unknown,3L,Steel,11100.0,3.3,4272107.02,592.114625086625,Other,General,0.3664000012384289,No
INNSA1,2023-12-23,301049751,73239990,STEEL LUNCH BOX SMALL (6587) (QTY:51000 NOS/USD 1.47 PER NOS),,,,,,,,,10348.75,KGS,618.339460321295,6399040.49,7.37875250980066,76360.8650357995,2344608.4,2023,12,KG,Unknown,,Steel,51000.0,1.47,8743648.89,844.8990351491726,Other,General,0.3663999944466674,No
INNSA1,2023-12-21,301049751,73239390,AN-01 NON STICK FRY PAN 16CM(QTY: 10110 PCS /USD 0.4705 PERPCS),,,,,,,,,2291.6,KGS,184.38649851632,422540.1,2.18726570007498,5012.33807829181,154818.7,2023,12,KG,Unknown,16CM,General,10110.0,0.4705,577358.8,251.94571478443012,Other,General,0.3664000174184652,No
INNSA1,2023-12-21,301049751,73239990,AM-321 STEEL DRAINER(QTY:25200 PCS/USD 0.7359 PER PCS),,,,,,,,,3465.0,KGS,475.415018759019,1647313.04,5.63956131386736,19541.0799525504,603575.5,2023,12,KG,Unknown,,Steel,25200.0,0.7359,2250888.54,649.6070822510823,Other,General,0.3664000013015134,No
INNSA1,2023-12-21,301049751,73239390,AN-02 NON STICK SAUCE PAN 16CM(QTY: 21870 PCS /USD 0.5337 PER PCS),,,,,,,,,5613.3,KGS,184.707528548269,1036818.77,2.19107388550735,12299.1550415184,379890.5,2023,12,KG,Unknown,16CM,General,21870.0,0.5337,1416709.27,252.38438529920012,Other,General,0.366400099025985,No
INNSA1,2023-12-12,301049751,73239990,STAINLESS STEELSPORTS BOTTLE 1.45L (AM-398) (QTY: 1956 NOS/USD 1.610 PER NOS),,,,,,,,,570.5,KGS,483.2544785,275696.68,5.732556092,3270.42325,101015.2,2023,12,KG,Unknown,1.45L,Steel,1956.0,1.61,376711.88,660.3188080631026,Other,General,0.36639976948579867,No
INNSA1,2023-12-12,301049751,73239990,STAINLESS STEEL SPORTS BOTTLE 900ML (AM-324) (QTY: 11448 NOS/ USD 1.368 PER NOS),,,,,,,,,2321.4,KGS,590.6122685,1371047.32,7.006076731,16263.90652,502351.7,2023,12,KG,Unknown,900ML,Steel,11448.0,1.368,1873399.02,807.0125872318429,Other,General,0.366399972248952,No
INNSA1,2023-12-12,301049751,73239990,STAINLESS STEEL SPORTS BOTTLE 750ML S-308-C6 (NP-20) (QTY: 35424 NOS/ USD 0.976 PER NOS),,,,,,,,,6199.2,KGS,488.2570445,3026803.07,5.791898511,35905.13725,1109020.7,2023,12,KG,Unknown,750ML,Steel,35424.0,0.976,4135823.7699999996,667.154434443154,Other,General,0.36640001822120527,No
INNSA1,2023-12-12,301049751,73239990,STAINLESS STEELSPORTS BOTTLE 650ML S115 (NP-21) (QTY: 46320NOS/ USD 0.990 PER NOS),,,,,,,,,7720.0,KGS,520.0238472,4014584.1,6.16872891,47622.58719,1470943.6,2023,12,KG,Unknown,650ML,Steel,46320.0,0.99,5485527.7,710.5605829015544,Other,General,0.3663999964529327,No
INNSA1,2023-12-12,301049751,73239990,STAINLESS STEEL SPORTS BOTTLE 750ML SG-702 (SB-01) (QTY: 27408 NOS/USD 1.045 PER NOS),,,,,,,,,4796.4,KGS,522.7753336,2507439.61,6.201368133,29744.24211,918725.9,2023,12,KG,Unknown,750ML,Steel,27408.0,1.045,3426165.51,714.320221416062,Other,General,0.3664000107264797,No
INNSA1,2023-12-11,301049751,73239990,STEEL LUNCH BOX 2 LAYER (8504) (QTY: 22080 NOS/ USD 2.32 PERNOS),,,,,,,,,10561.6,KGS,418.2879043,4417789.53,4.961896848,52405.56975,1618678.1,2023,12,KG,Unknown,2L,Steel,22080.0,2.32,6036467.630000001,571.548593963036,Other,General,0.3664000036688031,No
INNSA1,2023-12-11,301049751,73239990,STEEL LUNCH BOX (6527) (QTY: 25680 NOS/ USD 1.86 PER NOS),,,,,,,,,8945.2,KGS,460.506646,4119324.05,5.46271229,48865.05397,1509320.3,2023,12,KG,Unknown,,Steel,25680.0,1.86,5628644.35,629.2362775566784,Other,General,0.3663999922511559,No
INNSA1,2023-12-09,301049751,73239990,STAINLESS STEEL COLA BOTTLE 750ML SK750 (SL-01) (QTY: 7296 NOS/ USD 1.128 PER NOS),,,,,,,,,1398.4,KGS,514.7612343,719842.11,6.106301711,8539.052313,263750.1,2023,12,KG,Unknown,750ML,Steel,7296.0,1.128,983592.21,703.3697153890159,Other,General,0.366399931785041,No
INNSA1,2023-12-09,301049751,73239990,STAINLESS STEEL SPORTS BOTTLE 750ML SG-702 (SB-01) (QTY: 17256 NOS/ USD 1.045 PER NOS),,,,,,,,,2876.0,KGS,548.4167942,1577246.7,6.505537297,18709.92527,577903.1,2023,12,KG,Unknown,750ML,Steel,17256.0,1.045,2155149.8,749.3566759388038,Other,General,0.3663999423806054,No
INNSA1,2023-12-09,301049751,73239990,STAINLESS STEELSPORTS BOTTLE 650ML S115 (NP-21) (QTY: 18864NOS/ USD 0.990 PER NOS),,,,,,,,,3144.0,KGS,519.5527513,1633473.85,6.163140584,19376.914,598504.9,2023,12,KG,Unknown,650ML,Steel,18864.0,0.99,2231978.75,709.9169052162849,Other,General,0.36640004980795987,No
INNSA1,2023-12-07,301049751,73239990,STAINLESS STEELSPORTS BOTTLE 650ML S115 (NP-21) (QTY: 14136NOS/ 0.990 NOS),,,,,,,,,2356.0,KGS,519.5257852,1224002.75,6.177476638,14554.13496,448474.6,2023,12,KG,Unknown,650ML,Steel,14136.0,,1672477.35,709.8800297113753,Other,General,0.36639999379086363,No
INNSA1,2023-12-07,301049751,73239990,STAINLESS STEEL SPORTS BOTTLE 750ML S-308-C6 (NP-20) (QTY: 8808 NOS/ USD 0.976 PER NOS),,,,,,,,,1468.0,KGS,512.1790395,751878.83,6.090119376,8940.295244,275488.5,2023,12,KG,Unknown,750ML,Steel,8808.0,0.976,1027367.33,699.8415054495913,Other,General,0.36640012859518867,No
INNSA1,2023-12-07,301049751,73239990,SS OIL POT 600ML (KWP-600B) (QTY: 39060 PCS/ USD 1.18 PER PCS),,,,,,,,,6850.0,KGS,575.5661766,3942628.31,6.843830876,46880.2415,1444579.1,2023,12,KG,Unknown,600ML,General,39060.0,1.18,5387207.41,786.4536364963504,Other,General,0.36640002212128386,No
INNSA1,2023-12-07,301049751,73239990,3888-HOUSEHOLD STEEL HOOK 3PCS SET (QTY:208512 PCS / USD 0.287 PER PCS),,,,,,,,,6964.8,KGS,732.1172051,5099049.91,8.70531754,60630.7956,1868291.9,2023,12,KG,Unknown,,Steel,208512.0,0.287,6967341.8100000005,1000.3649508959339,Other,General,0.3664000025447878,No
INNSA1,2023-12-07,301049751,73239990,STAINLESS STEEL SPORTS BOTTLE 750ML #SG210 (AM-457) (QTY: 486 NOS/ USD 1.0247 PER NOS),,,,,,,,,75.6,KGS,576.1402116,43556.2,6.8506565,517.9096314,15958.9,2023,12,KG,Unknown,750ML,Steel,486.0,1.0247,59515.1,787.2367724867726,Other,General,0.36639789513318427,No
INNSA1,2023-12-07,301049751,73239990,STAINLESS STEELSPORTS BOTTLE 1.45L (AM-398) (QTY: 10164 NOS/USD 1.610 PER NOS),,,,,,,,,2879.8,KGS,496.9913952,1431235.82,5.909529075,17018.26183,524404.8,2023,12,KG,Unknown,1.45L,Steel,10164.0,1.61,1955640.62,679.0890409056184,Other,General,0.3663999968921963,No
INNSA1,2023-12-07,301049751,73239990,NP-55 STEEL TEA STRAINER (QTY:150000 PCS/USD 0.2768 PER PCS),,,,,,,,,6875.0,KGS,531.0378618,3650885.3,6.314362209,43411.24019,1337684.4,2023,12,KG,Unknown,,Steel,150000.0,0.2768,4988569.699999999,725.6101381818181,Other,General,0.3664000071434728,No
INNSA1,2023-12-06,301049751,73239990,STAINLESS STEELSPORTS BOTTLE 1.45L (AM-398) (QTY: 5868 PER NOS/ USD 1.610 PER NOS),,,,,,,,,1662.6,KGS,495.9202995,824517.09,5.896793098,9804.008205,302103.0,2023,12,KG,Unknown,1.45L,Steel,5868.0,1.61,1126620.0899999999,677.6254601226993,Other,General,0.36639992507614366,No
INNSA1,2023-12-06,301049751,73239990,STAINLESS STEEL SPORTS BOTTLE 750ML SG-702 (SB-01) (QTY: 46632 NOS/USD 1.045 PER NOS),,,,,,,,,7772.0,KGS,546.4036104,4246648.86,6.497070278,50495.2302,1555972.2,2023,12,KG,Unknown,750ML,Steel,46632.0,1.045,5802621.0600000005,746.6059006690685,Other,General,0.3664000135862422,No
INNSA1,2023-12-06,301049751,73239990,STAINLESS STEEL SPORTS BOTTLE 750ML SG-702 (SB-01) (QTY: 1944 NOS/ USD 1.045 PER NOS),,,,,,,,,340.2,KGS,525.1708701,178663.13,6.24460012,2124.412961,65462.2,2023,12,KG,Unknown,750ML,Steel,1944.0,1.045,244125.33000000002,717.5935626102294,Other,General,0.36640016325696295,No
INNSA1,2023-12-06,301049751,73239990,STAINLESS STEEL SPORTS BOTTLE 750ML SG-702 (SB-01) (QTY: 47160 NOS /USD 1.045 PER NOS),,,,,,,,,7860.0,KGS,546.3092036,4293990.34,6.495947724,51058.14911,1573318.1,2023,12,KG,Unknown,750ML,Steel,47160.0,1.045,5867308.4399999995,746.4769007633587,Other,General,0.36640000918120375,No
INNSA1,2023-12-06,301049751,73239990,STAINLESS STEEL SPORTS BOTTLE 750ML #SG707 (AM-459) (QTY: 2250 NOS/ USD 1.066 PER NOS),,,,,,,,,375.0,KGS,558.20296,209326.11,6.6373717,2489.014388,76697.0,2023,12,KG,Unknown,750ML,Steel,2250.0,1.066,286023.11,762.7282933333333,Other,General,0.3663995857946245,No
INNSA1,2023-12-06,301049751,73239990,STAINLESS STEELSPORTS BOTTLE 650ML S115 (NP-21) (QTY: 43464NOS/USD 0.99 PER NOS),,,,,,,,,7244.0,KGS,518.7049903,3757498.95,6.167716889,44678.94114,1376747.7,2023,12,KG,Unknown,650ML,Steel,43464.0,0.99,5134246.65,708.7585104914413,Other,General,0.36640002254691245,No
INNSA1,2023-12-06,301049751,73239990,STAINLESS STEELSPORTS BOTTLE 1.45L (AM-398) (QTY: 22452 NOS/USD 1.610 PER NOS),,,,,,,,,6361.4,KGS,499.7474172,3179093.22,5.942299848,37801.34625,1164819.8,2023,12,KG,Unknown,1.45L,Steel,22452.0,1.61,4343913.0200000005,682.8548778570756,Other,General,0.36640001390081917,No
INNSA1,2023-12-06,301049751,73239990,STAINLESS STEEL SPORTS BOTTLE 900ML (AM-324) (QTY: 23868 NOS/ USD 1.368 PER NOS),,,,,,,,,4508.4,KGS,632.06727,2849612.08,7.515663139,33883.6157,1044097.8,2023,12,KG,Unknown,900ML,Steel,23868.0,1.368,3893709.88,863.6567030432083,Other,General,0.3663999767996492,No
INNSA1,2023-12-05,301049751,73239990,STEEL LUNCH BOX (6527) (QTY: 25680 NOS/ USD 1.86 PER NOS),,,,,,,,,8945.2,KGS,461.6628158,4129666.22,5.489450842,49104.23567,1513109.6,2023,12,KG,Unknown,,Steel,25680.0,1.86,5642775.82,630.8160600098377,Other,General,0.3663999750565798,No
INNSA1,2023-12-05,301049751,73239990,STEEL LUNCH BOX SMALL (6587) (QTY: 51000 NOS/ USD 1.47 PER NOS),,,,,,,,,10348.75,KGS,626.3348617,6481782.9,7.447501328,77072.32937,2374925.3,2023,12,KG,Unknown,,Steel,51000.0,1.47,8856708.2,855.8239594153882,Other,General,0.3664000070104168,No
INNSA1,2023-12-05,301049751,73239990,STEEL LUNCH BOX 3LAYER (8505) (QTY: 11100 NOS/ USD 3.30 PERNOS),,,,,,,,,7215.0,KGS,438.9424241,3166969.59,5.219291607,37657.18894,1160377.7,2023,12,KG,Unknown,3L,Steel,11100.0,3.3,4327347.29,599.7709341649341,Other,General,0.36640001333261935,No
INNSA1,2023-12-05,301049751,73239990,STEEL RECTANGLE CONTAINER (6901) (QTY: 5760 NOS/ USD 0.90 PER NOS),,,,,,,,,936.0,KGS,478.8463248,448200.16,5.693773184,5329.3717,164220.5,2023,12,KG,Unknown,,Steel,5760.0,0.9,612420.6599999999,654.2955769230769,Other,General,0.36639991382421644,No
INNSA1,2023-12-05,301049751,73239990,STEEL RECTANGLE CONTAINER BIG (6578) (QTY: 8700 NOS/ USD 1.61 PER NOS),,,,,,,,,2573.75,KGS,470.5283419,1211022.32,5.594867324,14399.78977,443718.6,2023,12,KG,Unknown,,Steel,8700.0,1.61,1654740.92,642.929934919864,Other,General,0.3664000181268335,No
INNSA1,2023-12-05,301049751,73239990,STAINLESS STEEL SPORTS BOTTLE (KWB-600F) (QTY: 50400 PCS/ USD 0.88 PER PCS),,,,,,,,,7680.0,KGS,494.3183854,3796365.2,5.877745368,45141.08442,1390988.2,2023,12,KG,Unknown,,Steel,50400.0,0.88,5187353.4,675.436640625,Other,General,0.3663999975555565,No
INNSA1,2023-12-05,301049751,73239990,STAINLESS STEEL SPORTS BOTTLE (KWB-600F) (QTY: 50148 PCS/ USD 0.88 PER PCS),,,,,,,,,7600.0,KGS,497.0673013,3777711.49,5.910431645,44919.2805,1384153.5,2023,12,KG,Unknown,,Steel,50148.0,0.88,5161864.99,679.1927618421053,Other,General,0.3664000026640467,No
INNSA1,2023-12-01,301049751,73239990,AM-515 STEEL LUNCH BOX MEDIUM (QTY:360 PCS/USD 2.206 PER PCS),,,,,,,,,91.4,KGS,766.7696937,70082.75,9.117356643,833.3263971,25678.4,2023,12,KG,Unknown,,Steel,360.0,2.206,95761.15,1047.7149890590808,Other,General,0.3664011472152563,No
INNSA1,2023-12-01,301049751,73239990,AM-514 STEEL LUNCH BOX SMALL (QTY:480 PCS/USD 1.698 PER PCS),,,,,,,,,93.1,KGS,772.5603652,71925.37,9.186211239,855.2362663,26353.5,2023,12,KG,Unknown,,Steel,480.0,1.698,98278.87,1055.6269602577872,Other,General,0.3664006177514276,No
INNSA1,2023-11-30,301049751,73239990,STAINLESS STEEL SPORTS BOTTLE 650ML S115 (NP-21) (QTY: 42648NOS/ USD 0.99 PER NOS),,,,,,,,,7108.0,KGS,521.1854108,3704585.9,6.197210592,44049.77289,1357360.3,2023,11,KG,Unknown,650ML,Steel,42648.0,0.99,5061946.2,712.1477490151942,Other,General,0.3664000070831129,No
INNSA1,2023-11-30,301049751,73239990,STEEL LUNCH BOX (6527) (QTY: 51360 NOS/ USD 1.86 PER NOS),,,,,,,,,17890.4,KGS,460.8662814,8245082.12,5.479979564,98039.0264,3020998.0,2023,11,KG,Unknown,,Steel,51360.0,1.86,11266080.120000001,629.7276818852569,Other,General,0.3663999892338246,No
INNSA1,2023-11-30,301049751,73239990,STEEL LUNCH BOX 2 LAYER (8504) (QTY: 22080 NOS/ USD 2.320 PER NOS),,,,,,,,,10561.6,KGS,418.6145688,4421239.63,4.97758108,52571.22033,1619942.2,2023,11,KG,Unknown,2L,Steel,22080.0,2.32,6041181.83,571.9949467883654,Other,General,0.36639999990228983,No
INNSA1,2023-11-29,301049751,73239990,STAINLESS STEEL SPORTS BOTTLE 750ML SG-702 (SB-01) (QTY: 31848 NOS/ USD 1.045 PER NOS),,,,,,,,,5175.3,KGS,563.5502638,2916541.68,6.700954385,34679.44923,1068620.8,2023,11,KG,Unknown,750ML,Steel,31848.0,1.045,3985162.4800000004,770.0350665661895,Other,General,0.3663999754668344,No
INNSA1,2023-11-29,301049751,73239990,STAINLESS STEEL COLA BOTTLE 750ML SK750 (SL-01) (QTY: 33288NOS/ USD 1.128 PER NOS),,,,,,,,,6657.6,KGS,494.6905777,3293451.99,5.882170959,39161.14138,1206720.8,2023,11,KG,Unknown,750ML,Steel,33288.0,1.128,4500172.79,675.9452039774093,Other,General,0.36639999722601085,No
INNSA1,2023-11-29,301049751,73239990,STAINLESS STEEL SPORTS BOTTLE 750ML S-308-C6 (NP-20) (QTY: 6216 NOS/ USD 0.9760 PER NOS),,,,,,,,,1036.0,KGS,514.0607625,532566.95,6.112494204,6332.543995,195132.5,2023,11,KG,Unknown,750ML,Steel,6216.0,0.976,727699.45,702.4125965250964,Other,General,0.3663999427677591,No
INNSA1,2023-11-29,301049751,73239990,STAINLESS STEELSPORTS BOTTLE 650ML S115 (NP-21) (QTY: 56712NOS/ USD 0.990 PER NOS),,,,,,,,,9452.0,KGS,520.5425,4920167.71,6.189565993,58503.77776,1802749.5,2023,11,KG,Unknown,650ML,Steel,56712.0,0.99,6722917.21,711.2692774016081,Other,General,0.3664000103768821,No
INNSA1,2023-11-29,301049751,73239990,STAINLESS STEEL SPORTS BOTTLE 750ML #SG707 (AM-459) (QTY: 26280 NOS/USD 1.066 PER NOS),,,,,,,,,4380.0,KGS,561.0002648,2457181.16,6.670633351,29217.37408,900311.1,2023,11,KG,Unknown,750ML,Steel,26280.0,1.066,3357492.2600000002,766.5507442922375,Other,General,0.3663999686535119,No
INNSA1,2023-11-29,301049751,73239990,STAINLESS STEELSPORTS BOTTLE 1.45L (AM-398) (QTY: 3756 NOS/USD 1.6100 PER NOS),,,,,,,,,1064.2,KGS,498.8170645,530841.12,5.93123739,6312.02283,194500.1,2023,11,KG,Unknown,1.45L,Steel,3756.0,1.61,725341.22,681.5835557226085,Other,General,0.36639983729971787,No
INNSA1,2023-11-29,301049751,73239990,STAINLESS STEEL SPORTS BOTTLE (KWB-600F) (QTY: 50400 PCS/ USD 0.88 PER PCS),,,,,,,,,7680.0,KGS,496.453737,3812764.7,5.903135993,45336.08442,1396997.0,2023,11,KG,Unknown,,Steel,50400.0,0.88,5209761.7,678.3543880208333,Other,General,0.36640000365089404,No
INNSA1,2023-11-29,301049751,73239990,STAINLESS STEEL SPORTS BOTTLE 750ML #SG210 (AM-457) (QTY: 28512 NOS/ USD 1.0247 PER NOS),,,,,,,,,4435.2,KGS,578.2616049,2564705.87,6.875881152,30495.90809,939708.2,2023,11,KG,Unknown,750ML,Steel,28512.0,1.0247,3504414.0700000003,790.1366499819626,Other,General,0.36639998800330265,No
INNSA1,2023-11-29,301049751,73239990,STAINLESS STEEL SPORTS BOTTLE 750ML S-308-C6 (NP-20) (QTY: 15792 NOS/ USD 0.976 PER NOS),,,,,,,,,2632.0,KGS,513.6361778,1351890.42,6.107445634,16074.79691,495332.7,2023,11,KG,Unknown,750ML,Steel,15792.0,0.976,1847223.1199999999,701.8324924012157,Other,General,0.36640003706809315,No
INNSA1,2023-11-29,301049751,73239990,STAINLESS STEEL SPORTS BOTTLE 750ML SG-702 (SB-01) (QTY: 4608 NOS /USD 1.045 PER NOS),,,,,,,,,806.4,KGS,523.7606647,422360.6,6.227831923,5022.123662,154752.9,2023,11,KG,Unknown,750ML,Steel,4608.0,1.045,577113.5,715.6665426587301,Other,General,0.3663999435553411,No
INNSA1,2023-11-23,301049751,73239990,SL-01 STAINLESS STEEL COLA BOTTLE 750ML SK750 (QTY:16992 PCS/USD 1.1280 PER PCS),,,,,,,,,3256.8,KGS,510.7240297,1663326.02,6.072818427,19777.95505,609442.6,2023,11,KG,Unknown,750ML,Steel,16992.0,1.128,2272768.62,697.853297715549,Other,General,0.3663999676984552,No
INNSA1,2023-11-23,301049751,73239990,SB-01 STAINLESS STEEL SPORTS BOTTLE 750ML SG-702 (QTY :26328PCS/USD 1.0450 PER PCS),,,,,,,,,4388.0,KGS,544.1156335,2387579.4,6.469864846,28389.76694,874809.1,2023,11,KG,Unknown,750ML,Steel,26328.0,1.045,3262388.5,743.4796034639927,Other,General,0.36640000328366046,No
INNSA1,2023-11-23,301049751,73239990,AM-395 -STAINLESS STEEL BOTTLE 500ML (QTY: 37440 PCS/USD 1.0520 PER PCS),,,,,,,,,5200.0,KGS,657.3125135,3418025.07,7.815844393,40642.39084,1252364.4,2023,11,KG,Unknown,500ML,Steel,37440.0,1.052,4670389.47,898.1518211538461,Other,General,0.36640000419891594,No
INNSA1,2023-11-23,301049751,73239990,AM-06 STAINLESS STEEL BOTTLE 750ML SG805 (QTY:25824 PCS/USD0.9900 PER PCS),,,,,,,,,4949.6,KGS,448.2416781,2218617.01,5.329865376,26380.70166,812901.2,2023,11,KG,Unknown,750ML,Steel,25824.0,0.99,3031518.21,612.477414336512,Other,General,0.3663999673382113,No
INNSA1,2023-11-23,301049751,73239990,AM-314 STAINLESS STEEL SPORTS BOTTLE 500ML S116-500 (QTY: 10824 PCS/ USD 0.9170 PER PCS),,,,,,,,,1307.9,KGS,658.5766496,861352.4,7.830875738,10242.00238,315599.5,2023,11,KG,Unknown,500ML,Steel,10824.0,0.917,1176951.9,899.8791191987153,Other,General,0.36639997752371734,No
INNSA1,2023-11-23,301049751,73239990,AM-459 STAINLESS STEEL SPORTS BOTTLE 750ML SG-707 (QTY: 21582 PCS/ USD 1.0660 PER PCS),,,,,,,,,3477.1,KGS,574.1896092,1996514.69,6.827462653,23739.77039,731523.0,2023,11,KG,Unknown,750ML,Steel,21582.0,1.066,2728037.69,784.5726870092893,Other,General,0.3664000088073482,No
INNSA1,2023-11-23,301049751,73239990,NP-20 STAINLESS STEEL SPORTS BOTTLE 750ML S-308-C6(QTY:20640PCS/USD 0.9760 PER PCS),,,,,,,,,3440.0,KGS,508.1883808,1748168.03,6.042668024,20786.778,640528.8,2023,11,KG,Unknown,750ML,Steel,20640.0,0.976,2388696.83,694.388613372093,Other,General,0.3664000193391021,No
INNSA1,2023-11-23,301049751,73239990,AM-457 STAINLESS STEEL SPORTS BOTTLE 750ML SG-210 (QTY: 21600 PCS/ USD 1.0247 PER PCS),,,,,,,,,3360.0,KGS,571.656131,1920764.6,6.797338061,22839.05589,703768.1,2023,11,KG,Unknown,750ML,Steel,21600.0,1.0247,2624532.7,781.1109226190476,Other,General,0.3663999742602503,No
INNSA1,2023-11-22,301049751,73239990,NP-20 STAINLESS STEEL SPORTS BOTTLE 750ML S-308-C6 (QTY: 27720 PCS/ USD 0.976 PER PCS),,,,,,,,,4620.0,KGS,508.5421212,2349464.6,6.046874212,27936.55886,860843.8,2023,11,KG,Unknown,750ML,Steel,27720.0,0.976,3210308.4000000004,694.8719480519482,Other,General,0.3663999874694856,No
INNSA1,2023-11-22,301049751,73239990,AM-06 STAINLESS STEEL SPORTS BOTTLE 750ML SG805 (QTY: 16992PCS/ USD 0.99 PER PCS),,,,,,,,,2478.0,KGS,588.5167756,1458344.57,6.997821351,17340.60131,534337.4,2023,11,KG,Unknown,750ML,Steel,16992.0,0.99,1992681.9700000002,804.1493018563358,Other,General,0.36639996540735226,No
INNSA1,2023-11-22,301049751,73239990,NP-21 STAINLESS STEEL SPORTS BOTTLE 650ML S115 (QTY: 7320 PCS/ USD 0.99 PER PCS),,,,,,,,,1220.0,KGS,515.8367869,629320.88,6.13361221,7483.006897,230583.2,2023,11,KG,Unknown,650ML,Steel,7320.0,0.99,859904.0800000001,704.8394098360657,Other,General,0.3664000469839806,No
INNSA1,2023-11-22,301049751,73239990,SL-01 STAINLESS STEEL COLA BOTTLE 750ML SK750 (QTY: 10776 PCS/ USD 1.128 PER PCS),,,,,,,,,2065.4,KGS,511.0794471,1055583.49,6.077044555,12551.52782,386765.8,2023,11,KG,Unknown,750ML,Steel,10776.0,1.128,1442349.29,698.3389609760821,Other,General,0.3664000087761888,No
INNSA1,2023-11-22,301049751,73239990,AM-314 STAINLESS STEEL SPORTS BOTTLE 500ML S116-500 (QTY: 816 PCS/ USD 0.917 PER PCS),,,,,,,,,102.0,KGS,636.3357843,64906.25,7.566418363,771.774673,23781.7,2023,11,KG,Unknown,500ML,Steel,816.0,0.917,88687.95,869.489705882353,Other,General,0.3664007703418392,No
INNSA1,2023-11-22,301049751,73239990,SB-12 STEEL TEA STRAINER BIG - (QTY:25200 PCS/USD 1.0302 PERPCS),,,,,,,,,6160.0,KGS,372.2396299,2292996.12,4.426154933,27265.11439,840153.7,2023,11,KG,Unknown,,Steel,25200.0,1.0302,3133149.8200000003,508.6282175324676,Other,General,0.36639996582288153,No
INNSA1,2023-11-22,301049751,73239990,SB-01 STAINLESS STEEL SPORTS BOTTLE 750ML SG-702 (QTY: 47208 PCS/ USD 1.045 PER PCS),,,,,,,,,7671.3,KGS,557.8162306,4279175.65,6.632773254,50881.99346,1567889.9,2023,11,KG,Unknown,750ML,Steel,47208.0,1.045,5847065.550000001,762.2000899456416,Other,General,0.3663999864085971,No
INNSA1,2023-11-22,301049751,73239990,DS-25 STAINLESS STEEL GRATER WITH HANDLE-(QTY:51000 PCS USD0.2032 PER PCS),,,,,,,,,1700.0,KGS,538.4261529,915324.46,6.402213471,10883.7629,335374.9,2023,11,KG,Unknown,,Steel,51000.0,0.2032,1250699.3599999999,735.7055058823529,Other,General,0.3664000195078366,No
INNSA1,2023-11-22,301049751,73239990,SL-01 STAINLESS STEEL COLA BOTTLE 750ML SK750 (QTY: 15096 PCS/ USD 1.128 PER PCS),,,,,,,,,2956.3,KGS,499.632632,1477063.95,5.940934982,17563.18609,541196.3,2023,11,KG,Unknown,750ML,Steel,15096.0,1.128,2018260.25,682.6980516185772,Other,General,0.3664000465247291,No
INNSA1,2023-11-22,301049751,73239990,AM-393 STAINLESS STEEL SPORTS BOTTLE 750ML (QTY: 25152 PCS/USD 1.200 PER PCS),,,,,,,,,5030.4,KGS,520.4505685,2618074.54,6.188472872,31130.49394,959262.5,2023,11,KG,Unknown,750ML,Steel,25152.0,1.2,3577337.04,711.1436545801528,Other,General,0.3663999956242652,No
INNSA1,2023-11-22,301049751,73239990,AM-314 STAINLESS STEEL SPORTS BOTTLE 500ML S116-500 (QTY: 24144 PCS/ USD 0.917 PER PCS),,,,,,,,,2917.4,KGS,657.9048502,1919371.61,7.822887636,22822.49239,703257.7,2023,11,KG,Unknown,500ML,Steel,24144.0,0.917,2622629.31,898.9611674778913,Other,General,0.36639996983179296,No
INNSA1,2023-11-22,301049751,73239990,NP-21 STAINLESS STEEL SPORTS BOTTLE 650ML S115 (QTY: 12504PCS/ USD 0.99 PER PCS),,,,,,,,,2084.0,KGS,514.9522121,1073160.41,6.12309408,12760.52806,393206.0,2023,11,KG,Unknown,650ML,Steel,12504.0,0.99,1466366.41,703.6307149712092,Other,General,0.36640002401877647,No
INNSA1,2023-11-22,301049751,73239990,SB-01 STAINLESS STEEL SPORTS BOTTLE 750ML SG-702 (QTY: 19920 PCS/ USD 1.045 PER PCS),,,,,,,,,3486.0,KGS,518.5661159,1807721.48,6.166065587,21494.90464,662349.1,2023,11,KG,Unknown,750ML,Steel,19920.0,1.045,2470070.58,708.5687263339071,Other,General,0.3663999721904062,No
INNSA1,2023-11-22,301049751,73239990,BLCR-3 STAINLESS STEEL SPORTS BOTTLE 750ML SG705-1 (QTY: 19704 PCS/ USD 1.052 PER PCS),,,,,,,,,2791.4,KGS,644.8726589,1800097.54,7.667926978,21404.25137,659555.8,2023,11,KG,Unknown,750ML,Steel,19704.0,1.052,2459653.34,881.1540230708604,Other,General,0.36640003407815336,No
INNSA1,2023-11-21,301049751,73239990,SS OIL POT 900ML (KWP-1000B) (QTY: 27000 PCS/USD 1.38 PER PCS),,,,,,,,,7315.0,KGS,439.6726411,3216205.37,5.22797433,38242.63222,1178417.7,2023,11,KG,Unknown,900ML,General,27000.0,1.38,4394623.07,600.7687040328093,Other,General,0.3664000163024415,No
INNSA1,2023-11-21,301049751,73239990,STAINLESS STEEL SPORTS BOTTLE (KWB-600F) (QTY: 50400 PCS/USD0.88 PER PCS),,,,,,,,,7680.0,KGS,496.453737,3812764.7,5.903135993,45336.08442,1396997.0,2023,11,KG,Unknown,,Steel,50400.0,0.88,5209761.7,678.3543880208333,Other,General,0.36640000365089404,No
INNSA1,2023-11-17,301049751,73239990,STAINLESS STEEL SPORTS BOTTLE 750ML SG-702 (SB-01) (QTY:34704 NOS/USD 1.045 PER NOS),,,,,,,,,5784.0,KGS,548.9940439,3175381.55,6.527872104,37757.21225,1163459.8,2023,11,KG,Unknown,750ML,Steel,34704.0,1.045,4338841.35,750.1454616182572,Other,General,0.36640000002519385,No
INNSA1,2023-11-17,301049751,73239990,STAINLESS STEEL SPORTS BOTTLE 750ML S-308-C6 (NP-20) (QTY:8472 NOS/0.976 PER NOS),,,,,,,,,1412.0,KGS,512.7445892,723995.36,6.096844105,8608.743876,265271.9,2023,11,KG,Unknown,750ML,Steel,8472.0,,989267.26,700.6142067988669,Other,General,0.36640000013259755,No
INNSA1,2023-11-17,301049751,73239990,STAINLESS STEELSPORTS BOTTLE 750ML (AM-393) (QTY:1728 NOS/USD 1.200 PER NOS),,,,,,,,,345.6,KGS,525.3531539,181562.05,6.246767585,2158.882878,66524.3,2023,11,KG,Unknown,750ML,Steel,1728.0,1.2,248086.34999999998,717.8424479166665,Other,General,0.36639980656750687,No
INNSA1,2023-11-13,301049751,73239990,STAINLESS STEEL BOTTLE 500ML (AM-395) (QTY: 15984 NOS/USD 1.052 PER NOS),,,,,,,,,2042.4,KGS,721.058681,1472690.25,8.568730612,17500.7754,539593.8,2023,11,KG,Unknown,500ML,Steel,15984.0,1.052,2012284.05,985.2546269095182,Other,General,0.36640006274231807,No
INNSA1,2023-11-13,301049751,73239990,STAINLESS STEEL SPORTS BOTTLE 750ML SG705-1 (BLCR-3) (QTY: 16392 NOS/USD 1.052 PER NOS),,,,,,,,,2322.2,KGS,650.366493,1510281.07,7.728657076,17947.48746,553367.0,2023,11,KG,Unknown,750ML,Steel,16392.0,1.052,2063648.07,888.6607828783051,Other,General,0.36640001056227234,No
INNSA1,2023-11-13,301049751,73239990,STAINLESS STEEL BOTTLE 750ML SG805 (AM-06) (QTY: 3456 NOS/USD 0.990 PER PCS),,,,,,,,,662.4,KGS,452.375151,299653.3,5.375818787,3560.942365,109793.0,2023,11,KG,Unknown,750ML,Steel,3456.0,0.99,409446.3,618.1254528985507,Other,General,0.3664001030524276,No
INNSA1,2023-11-13,301049751,73239990,STAINLESS STEELSPORTS BOTTLE 500ML S116-500 (AM-314) (QTY: 67776 NOS/USD 0.917 PER NOS),,,,,,,,,8189.6,KGS,660.7620946,5411377.25,7.852193638,64306.32501,1982728.5,2023,11,KG,Unknown,500ML,Steel,67776.0,0.917,7394105.75,902.8653108820944,Other,General,0.3663999770113976,No
INNSA1,2023-11-13,301049751,73239990,STAINLESS STEELSPORTS BOTTLE 650ML S115 (NP-21) (QTY: 10032NOS/USD 0.990 PER NOS),,,,,,,,,1672.0,KGS,520.2314653,869827.01,6.182192101,10336.62519,318704.6,2023,11,KG,Unknown,650ML,Steel,10032.0,0.99,1188531.6099999999,710.8442643540669,Other,General,0.3663999810720984,No
INNSA1,2023-11-11,301049751,73239990,SS OIL POT 900ML (KWP-1000B) (QTY: 27000 PCS/USD 1.40 PER PCS),,,,,,,,,7300.0,KGS,447.0641274,3263568.13,5.31270502,38782.74664,1195771.4,2023,11,KG,Unknown,900ML,General,27000.0,1.4,4459339.529999999,610.8684287671232,Other,General,0.36640001138876177,No
INNSA1,2023-11-07,301049751,73239990,STEEL ROUND CONTAINER (6856) (QTY: 122400 NOS/ USD 0.585 PERNOS),,,,,,,,,10200.0,KGS,603.2993696,6153653.57,7.169332972,73127.19632,2254698.7,2023,11,KG,Unknown,,Steel,122400.0,0.585,8408352.27,824.3482617647059,Other,General,0.3664000051923625,No
INNSA1,2023-11-07,301049751,73239990,STEEL RECTANGLE CONTAINER (6901) (QTY: 9216 NOS/ USD 0.900 PER NOS),,,,,,,,,1497.6,KGS,475.9758747,712821.47,5.656278963,8470.843375,261177.8,2023,11,KG,Unknown,,Steel,9216.0,0.9,973999.27,650.3734441773505,Other,General,0.3664000187873129,No
INNSA1,2023-11-07,301049751,73239990,AM-296 STAINLESS STEEL BOTTLE 750ML SG2318 (QTY:42048 PCS/USD 1.070 PER PCS),,,,,,,,,6657.6,KGS,587.0810367,3908550.71,6.976601743,46447.42377,1432092.9,2023,11,KG,Unknown,750ML,Steel,42048.0,1.07,5340643.609999999,802.1875165224704,Other,General,0.3663999794952129,No
INNSA1,2023-11-07,301049751,73239990,STEEL RECTANGLE CONTAINER BIG (6578) (QTY: 28500 NOS/USD 1.610 PER NOS),,,,,,,,,8431.25,KGS,467.7077503,3943360.97,5.558024365,46861.09293,1444847.5,2023,11,KG,Unknown,,Steel,28500.0,1.61,5388208.470000001,639.0758748702743,Other,General,0.3664000102937571,No
INNSA1,2023-11-07,301049751,73239990,AM-458 STAINLESS STEEL SPORTS BOTTLE 750ML (QTY:36954 PCS/USD 1.037 PER PCS),,,,,,,,,6159.0,KGS,540.5260383,3329099.87,6.423363498,39561.49578,1219782.2,2023,11,KG,Unknown,750ML,Steel,36954.0,1.037,4548882.07,738.5747799967528,Other,General,0.3664000022925116,No
INNSA1,2023-11-07,301049751,73239990,AM-393 STAINLESS STEEL SPORTS BOTTLE 750ML (QTY:5304 PCS/USD1.200 PER PCS),,,,,,,,,1060.8,KGS,521.2401489,552931.55,6.194178835,6570.784908,202594.1,2023,11,KG,Unknown,750ML,Steel,5304.0,1.2,755525.65,712.2225207390649,Other,General,0.3663999639738409,No
INNSA1,2023-10-28,301049751,73239990,STAINLESS STEEL SPORTS BOTTLE 750ML SG705-1 (BLCR-3) (QTY: 6000 NOS/USD 1.052 PER NOS),,,,,,,,,850.0,KGS,648.6048,551314.08,7.703144893,6547.673159,202001.5,2023,10,KG,Unknown,750ML,Steel,6000.0,1.052,753315.58,886.2536235294117,Other,General,0.3664000382504289,No
INNSA1,2023-10-28,301049751,73239990,STAINLESS STEELSPORTS BOTTLE 750ML (AM-393) (QTY: 9000 NOS/USD 1.200 PER NOS),,,,,,,,,1800.0,KGS,524.0628389,943313.11,6.224024215,11203.24359,345629.9,2023,10,KG,Unknown,750ML,Steel,9000.0,1.2,1288943.01,716.07945,Other,General,0.3663999750835648,No
INNSA1,2023-10-28,301049751,73239990,STAINLESS STEELSPORTS BOTTLE 650ML S115 (NP-21) (QTY: 9168 NOS/USD 1.008 PER NOS),,,,,,,,,1528.0,KGS,528.2550785,807173.76,6.273813284,9586.386698,295748.5,2023,10,KG,Unknown,650ML,Steel,9168.0,1.008,1102922.26,721.8077617801047,Other,General,0.3664000425385483,No
INNSA1,2023-10-28,301049751,73239990,STEEL RECTANGLE CONTAINER (6901) (QTY: 67440 NOS/USD 0.900 PER NOS),,,,,,,,,10959.0,KGS,478.1220339,5239739.37,5.678408954,62229.68373,1919840.5,2023,10,KG,Unknown,,Steel,67440.0,0.9,7159579.87,653.3059467104663,Other,General,0.3663999990136914,No
INNSA1,2023-10-28,301049751,73239990,STEEL ROUND CONTAINER MEDIUM (6581) (QTY: 1008 NOS/USD 0.900PER NOS),,,,,,,,,121.8,KGS,642.9916256,78316.38,7.636480114,930.1232779,28695.1,2023,10,KG,Unknown,,Steel,1008.0,0.9,107011.48000000001,878.5835796387522,Other,General,0.36639972378702895,No
INNSA1,2023-10-28,301049751,73239990,STEEL LUNCH BOX 3LAYER (8505) (QTY: 11100 NOS/USD 3.350 PERNOS),,,,,,,,,7215.0,KGS,444.9190644,3210091.05,5.2840744,38124.59679,1176177.3,2023,10,KG,Unknown,3L,Steel,11100.0,3.35,4386268.35,607.9374012474012,Other,General,0.3663999810846487,No
INNSA1,2023-10-28,301049751,73239990,STEEL RECTANGLE CONTAINER LARGE (6862) (QTY: 43542 NOS/USD 1.430 PER NOS),,,,,,,,,10885.5,KGS,493.7937706,5375192.09,5.864534093,63838.38587,1969470.3,2023,10,KG,Unknown,,Steel,43542.0,1.43,7344662.39,674.7198006522437,Other,General,0.3663999847864042,No
INNSA1,2023-10-28,301049751,73239990,MILD STEEL MULTI FUNCTION CLOTH STAND (RYX-02-021A) (QTY: 2592 NOS /CNY: 63.00 PER NOS),,,,,,,,,9504.0,KGS,217.095726,2063277.78,2.578334038,24504.4867,755985.1,2023,10,KG,Unknown,,Steel,2592.0,,2819262.88,296.6396127946128,Other,General,0.3664000588422951,No
INNSA1,2023-10-28,301049751,73239990,STEEL LUNCH BOX 2 LAYER (8504) (QTY: 22080 NOS/USD 2.400 PERNOS),,,,,,,,,10561.6,KGS,433.1419103,4574671.6,5.14420321,54331.01663,1676159.6,2023,10,KG,Unknown,2L,Steel,22080.0,2.4,6250831.199999999,591.8450992273897,Other,General,0.3663999837715127,No
INNSA1,2023-10-28,301049751,73239990,STEEL ROUND CONTAINER (6857) (QTY: 68400 NOS/USD 0.735 PER NOS),,,,,,,,,8721.0,KGS,497.6531315,4340032.96,5.910369733,51544.33444,1590188.1,2023,10,KG,Unknown,,Steel,68400.0,0.735,5930221.0600000005,679.9932416007339,Other,General,0.3664000054045673,No
INNSA1,2023-10-28,301049751,73239990,STAINLESS STEELSPORTS BOTTLE 500ML S116-500 (AM-314) (QTY: 28560 NOS/USD 0.917 PER NOS),,,,,,,,,3451.0,KGS,662.8491742,2287492.5,7.872317983,27167.36936,838137.3,2023,10,KG,Unknown,500ML,Steel,28560.0,0.917,3125629.8,905.7171254708779,Other,General,0.36640002098367536,No
INNSA1,2023-10-26,301049751,73239990,AM-461 STAINLESS STEEL SPORTS BOTTLE 750ML (QTY:10098 PCS/USD 1.167 PER PCS),,,,,,,,,1683.0,KGS,608.2838265,1023741.68,7.224273474,12158.45226,375098.9,2023,10,KG,Unknown,750ML,Steel,10098.0,1.167,1398840.58,831.15898989899,Other,General,0.36639994964354683,No
INNSA1,2023-10-26,301049751,73239990,AM-393 STAINLESS STEEL SPORTS BOTTLE 750ML (QTY:816 PCS/USD1.230 PER PCS),,,,,,,,,163.2,KGS,534.2680147,87192.54,6.345225828,1035.540855,31947.4,2023,10,KG,Unknown,750ML,Steel,816.0,1.23,119139.94,730.0241421568628,Other,General,0.3664006117954587,No
INNSA1,2023-10-26,301049751,73239990,NP-21 STAINLESS STEEL SPORTS BOTTLE 650ML S115 (QTY:16584 PCS/USD 1.008 PER PCS),,,,,,,,,2764.0,KGS,525.4068741,1452224.6,6.239986628,17247.32304,532095.1,2023,10,KG,Unknown,650ML,Steel,16584.0,1.008,1984319.7000000002,717.915955137482,Other,General,0.36640000451720756,No
INNSA1,2023-10-26,301049751,73239990,WB-750 STAINLESS STEEL SPORTS BOTTLE 750ML SG902 (QTY:14568PCS/USD 1.180 PER PCS),,,,,,,,,2549.4,KGS,585.7711618,1493365.0,6.95690216,17735.92637,547168.9,2023,10,KG,Unknown,750ML,Steel,14568.0,1.18,2040533.9,800.3977014199419,Other,General,0.36639997589336837,No
INNSA1,2023-10-26,301049751,73239990,AM-394 STAINLESS STEEL SPORTS BOTTLE 800ML (QTY:456 PCS/USD1.210 PER PCS),,,,,,,,,85.5,KGS,560.6194152,47932.96,6.658187829,569.2750594,17562.7,2023,10,KG,Unknown,800ML,Steel,456.0,1.21,65495.66,766.0311111111112,Other,General,0.3664013238489758,No
INNSA1,2023-10-24,301049751,73239990,HOUSEHOLD STEEL HOOK 3PCS SET (2628) (QTY: 167580 NOS/USD 0.407 PER NOS),,,,,,,,,5679.1,KGS,1022.925115,5809294.02,12.14875433,68993.99074,2128525.3,2023,10,KG,Unknown,,Steel,167580.0,0.407,7937819.319999999,1397.7248718987162,Other,General,0.3663999950203932,No
INNSA1,2023-10-17,301049751,73231000,8001-2 STEEL SCRUBBER 2 PCS SET (QTY- 168000 SETS/USD 0.156PER SETS),,,,,,,,,4900.0,KGS,459.5340347,2251716.77,5.460891678,26758.36922,989854.7,2023,10,KG,Unknown,,Steel,168000.0,0.156,3241571.4699999997,661.5451979591836,Other,General,0.43960000351198697,No
INNSA1,2023-10-16,301049751,73239990,RYX-02-021A MILD STEEL MULTI FUNCTION CLOTH STAND (QTY :3888NUM/CNY 63.00 PER NUM),,,,,,,,,14256.0,KGS,208.1419346,2967271.42,2.473463275,35261.69245,1087208.2,2023,10,KG,Unknown,,Steel,3888.0,,4054479.62,284.40513608305275,Other,General,0.36639998372646343,No
INNSA1,2023-10-16,301049751,73239990,AM-398 STAINLESS STEEL SPORTS BOTTLE 1.45L (QTY:3324 PCS/USD1.63 PER PCS),,,,,,,,,941.8,KGS,499.7562646,470670.45,5.938874208,5593.231729,172453.7,2023,10,KG,Unknown,1.45L,Steel,3324.0,1.63,643124.15,682.8670099808877,Other,General,0.36640010011250973,No
INNSA1,2023-10-16,301049751,73239990,RYX-02-020 MILD STEEL MULTI FUNCTION CLOTH STAND (QTY :1232NUM/CNY 102.00 PER NUM),,,,,,,,,4004.0,KGS,374.0212113,1497580.93,4.44469651,17796.56482,548713.7,2023,10,KG,Unknown,,Steel,1232.0,,2046294.63,511.0625949050949,Other,General,0.36640003154954703,No
INNSA1,2023-10-16,301049751,73239990,WB-750 STAINLESS STEEL SPORTS BOTTLE 750ML SG902 (QTY:9264 PCS/USD 1.18 PER PCS),,,,,,,,,1621.2,KGS,585.7499753,949617.86,6.960784021,11284.82305,347940.1,2023,10,KG,Unknown,750ML,Steel,9264.0,1.18,1297557.96,800.3688378978534,Other,General,0.36640012225549334,No
INNSA1,2023-10-16,301049751,73239990,AM-394 STAINLESS STEEL SPORTS BOTTLE 800ML (QTY:24000 PCS/USD 1.21 PER PCS),,,,,,,,,4500.0,KGS,560.5991111,2522696.0,6.661902687,29978.56209,924315.8,2023,10,KG,Unknown,800ML,Steel,24000.0,1.21,3447011.8,766.0026222222222,Other,General,0.36639999429182113,No
INNSA1,2023-10-16,301049751,73231000,"STEEL SCRUBBER 6PCS SET (OKS-4156) (QTY:100,800 NOS / USD 0.245 PER NOS)",,,,,,,,,9273.0,KGS,233.0034315,2160640.82,2.7689059,25676.06441,949817.7,2023,10,KG,Unknown,,Steel,100.0,0.245,3110458.5199999996,335.43173945864334,Other,General,0.4395999979302437,No
INNSA1,2023-10-14,301049751,73239990,STAINLESS STEEL SPORTS BOTTLE 750ML SG902 (WB-750) (QTY: 240NOS/USD 1.180 PER NOS),,,,,,,,,42.0,KGS,592.642381,24890.98,7.042690207,295.7929887,9120.0,2023,10,KG,Unknown,750ML,Steel,240.0,1.18,34010.979999999996,809.785238095238,Other,General,0.3663977874716062,No
INNSA1,2023-10-14,301049751,73239990,STAINLESS STEELSPORTS BOTTLE 800ML (AM-394) (QTY: 11568 NOS/USD 1.210 PER NOS),,,,,,,,,2169.0,KGS,567.195657,1230247.38,6.740293012,14619.69554,450762.6,2023,10,KG,Unknown,800ML,Steel,11568.0,1.21,1681009.98,775.0161272475796,Other,General,0.36639996746020304,No
INNSA1,2023-10-14,301049751,73239990,STAINLESS STEEL SPORTS BOTTLE 750ML SG-702 (SB-01) (QTY: 552NOS/USD 1.055 PER NOS),,,,,,,,,96.6,KGS,529.8625259,51184.72,6.296643207,608.2557338,18754.0,2023,10,KG,Unknown,750ML,Steel,552.0,1.055,69938.72,724.0033126293996,Other,General,0.3663984095253427,No
INNSA1,2023-10-14,301049751,73239990,STAINLESS STEELSPORTS BOTTLE 1.45L (AM-398) (QTY: 15540 NOS/USD 1.630 PER NOS),,,,,,,,,4403.0,KGS,505.6368771,2226319.17,6.00875671,26456.55579,815723.3,2023,10,KG,Unknown,1.45L,Steel,15540.0,1.63,3042042.4699999997,690.9022189416306,Other,General,0.3663999802867439,No
INNSA1,2023-10-13,301049751,73239990,STEEL SPRINKLER (AM-430) (QTY: 38688 PCS/USD 0.5673 PER PCS),,,,,,,,,7092.8,KGS,272.9822355,1936208.4,3.243995669,23009.01248,709426.8,2023,10,KG,Unknown,,Steel,38688.0,0.5673,2645635.2,373.00293255131965,Other,General,0.3664000218158335,No
INNSA1,2023-10-08,301049751,73239990,STEEL DRAINER (AM-321) (QTY: 25200 PCS/USD 0.7290 PER PCS),,,,,,,,,3465.0,KGS,477.1615123,1653364.64,5.670368536,19647.82698,605792.8,2023,10,KG,Unknown,,Steel,25200.0,0.729,2259157.44,651.9934891774892,Other,General,0.3663999975226276,No
INNSA1,2023-10-08,301049751,73239990,STEEL HAND BLENDER (AM-474) (QTY: 600 PCS/USD 0.6602 PER PCS),,,,,,,,,60.0,KGS,594.1773333,35650.64,7.060930877,423.6558526,13062.4,2023,10,KG,Unknown,,Steel,600.0,0.6602,48713.04,811.884,Other,General,0.3664001543871302,No
INNSA1,2023-10-08,301049751,73239990,STEEL TEA STRAINER BIG (SB-12) (QTY: 25200 PCS/USD 1.0316 PER PCS),,,,,,,,,6160.0,KGS,379.8147029,2339658.57,4.513543707,27803.42923,857250.9,2023,10,KG,Unknown,,Steel,25200.0,1.0316,3196909.4699999997,518.978810064935,Other,General,0.36639999997948425,No
INNSA1,2023-10-08,301049751,73239990,STEEL KITCHEN BASKET (AM-322) (QTY: 6000 PCS/USD 1.2792 PERPCS),,,,,,,,,1650.0,KGS,418.6453939,690764.9,4.974989827,8208.733214,253096.3,2023,10,KG,Unknown,,Steel,6000.0,1.2792,943861.2,572.0370909090909,Other,General,0.366400058833331,No
INNSA1,2023-10-06,301049751,73239990,AM-398 STAINLESS STEEL SPORTS BOTTLE 1.45L (QTY:3648 PCS/USD1.63 PER PCS),,,,,,,,,1033.6,KGS,499.473007,516255.3,5.935508104,6134.941176,189156.0,2023,10,KG,Unknown,1.45L,Steel,3648.0,1.63,705411.3,682.4799729102168,Other,General,0.366400112502477,No
INNSA1,2023-10-06,301049751,73239990,AM-460 STAINLESS STEEL SPORTS BOTTLE 750ML (QTY:4584 PCS/USD1.16 PER PCS),,,,,,,,,744.9,KGS,619.7645724,461662.63,7.36499789,5486.186928,169153.2,2023,10,KG,Unknown,750ML,Steel,4584.0,1.16,630815.8300000001,846.8463283662238,Other,General,0.36640002679012595,No
INNSA1,2023-10-06,301049751,73239990,AM-393 STAINLESS STEEL SPORTS BOTTLE 750ML (QTY:13440 PCS/USD 1.23 PER PCS),,,,,,,,,2688.0,KGS,533.9458482,1435246.44,6.345167537,17055.81034,525874.3,2023,10,KG,Unknown,750ML,Steel,13440.0,1.23,1961120.74,729.5836086309524,Other,General,0.36640000305452775,No
INNSA1,2023-10-06,301049751,73239990,RYX-02-021A MILD STEEL MULTI FUNCTION CLOTH STAND (QTY :3888NUM/CNY 63.00 PER NUM),,,,,,,,,14256.0,KGS,206.9956587,2950930.11,2.459841458,35067.49982,1081220.8,2023,10,KG,Unknown,,Steel,3888.0,,4032150.91,282.8388685465769,Other,General,0.3664000026079913,No
INNSA1,2023-10-06,301049751,73239990,AM-06 STAINLESS STEEL BOTTLE 750ML SG805 (QTY:19488 PCS/USD1.00 PER PCS),,,,,,,,,2842.0,KGS,595.3403308,1691957.22,7.074751405,20106.44349,619933.0,2023,10,KG,Unknown,750ML,Steel,19488.0,1.0,2311890.2199999997,813.4729838142152,Other,General,0.36639992587992265,No
INNSA1,2023-10-06,301049751,73239990,RYX-02-020 MILD STEEL MULTI FUNCTION CLOTH STAND (QTY :1232NUM/CNY 102.00 PER NUM),,,,,,,,,4004.0,KGS,378.101958,1513920.24,4.493190232,17990.73369,554700.3,2023,10,KG,Unknown,,Steel,1232.0,,2068620.54,516.6384965034965,Other,General,0.3663999498414791,No
INNSA1,2023-10-05,301049751,73239990,AM-393 STAINLESS STEEL SPORTS BOTTLE 750ML (QTY: 6312 NUM/USD 1.1230 PER NUM),,,,,,,,,1262.4,KGS,533.5933856,673608.29,6.348523327,8014.375848,246810.2,2023,10,KG,Unknown,750ML,Steel,6312.0,1.123,920418.49,729.1020991761723,Other,General,0.3664001819217516,No
INNSA1,2023-10-05,301049751,73239990,BLCR-3 STAINLESS STEEL SPORTS BOTTLE 750ML SG705-1 (QTY: 9480 NUM/USD 1.065 PER NUM),,,,,,,,,1343.0,KGS,652.254758,875978.14,7.760318358,10422.10756,320958.4,2023,10,KG,Unknown,750ML,Steel,9480.0,1.065,1196936.54,891.2409084139986,Other,General,0.36640001084958584,No
INNSA1,2023-10-05,301049751,73239990,NP-21 STAINLESS STEEL SPORTS BOTTLE 650ML S115 (QTY: 27072 NUM/USD 1.008 PER NUM),,,,,,,,,4512.0,KGS,524.7436348,2367643.28,6.243231823,28169.46199,867504.6,2023,10,KG,Unknown,650ML,Steel,27072.0,1.008,3235147.88,717.009725177305,Other,General,0.3664000431686652,No
INNSA1,2023-10-03,301049751,73239990,STEEL SPRINKLER (AM-430) (QTY: 36480 PCS/USD 0.5688 PER PCS),,,,,,,,,6688.0,KGS,276.057174,1846270.38,3.284439905,21966.33409,676473.5,2023,10,KG,Unknown,,Steel,36480.0,0.5688,2522743.88,377.2045275119617,Other,General,0.36640001774821307,No
INNSA1,2023-10-03,301049751,73239390,NON STICK CAKE MOULD (AN-04) (QTY: 360 SET/USD 1.033 PER SET),,,,,,,,,99.0,KGS,334.2324242,33089.01,3.976590413,393.6824509,12123.8,2023,10,KG,Unknown,,General,360.0,1.033,45212.81,456.69505050505046,Other,General,0.36639959914182985,No
INNSA1,2023-09-29,301049751,73231000,SS SCRUBBER 3PCS SET (SS410) (QTY: 121680 SETS/USD 0.165 PERSETS),,,,,,,,,7605.0,KGS,234.6472268,1784492.16,2.791757606,21231.3166,784462.7,2023,9,KG,Unknown,,General,121680.0,0.165,2568954.86,337.7981406969099,Other,General,0.4395999699993078,No
INNSA1,2023-09-27,301049751,73239990,STAINLESS STEELSPORTS BOTTLE 750ML (AM-460) (QTY: 43416 NOS/USD 1.160 PER NOS),,,,,,,,,7055.1,KGS,624.4192754,4405340.43,7.429140695,52413.33052,1614116.7,2023,9,KG,Unknown,750ML,Steel,43416.0,1.16,6019457.13,853.2064931751498,Other,General,0.3663999923837895,No
INNSA1,2023-09-27,301049751,73239990,STAINLESS STEELSPORTS BOTTLE 650ML S115 (NP-21) (QTY: 3240 NOS/USD 1.008 PER NOS),,,,,,,,,553.5,KGS,516.1305691,285678.27,6.140756325,3398.908626,104672.6,2023,9,KG,Unknown,650ML,Steel,3240.0,1.008,390350.87,705.2409575429087,Other,General,0.36640028658812585,No
INNSA1,2023-09-26,301049751,73239990,RYX-02-021A MILD STEEL MULTI FUNCTION CLOTH STAND (QTY :1296NUM/CNY 63.00 PER NUM),,,,,,,,,4752.0,KGS,206.0837774,979310.11,2.451918826,11651.51826,358819.2,2023,9,KG,Unknown,,Steel,1296.0,,1338129.31,281.5928682659933,Other,General,0.36639997518252926,No
INNSA1,2023-09-26,301049751,73239990,RYX-02-020 MILD STEEL MULTI FUNCTION CLOTH STAND (QTY :1232NUM/CNY 102.00 PER NUM),,,,,,,,,4004.0,KGS,376.4363037,1507250.96,4.478718664,17932.78953,552256.7,2023,9,KG,Unknown,,Steel,1232.0,,2059507.66,514.3625524475524,Other,General,0.36639996566995053,No
INNSA1,2023-09-25,301049751,73239990,STEEL LUNCH BOX (6717) (QTY: 1200 NOS/USD 3.15 PER NOS),,,,,,,,,460.0,KGS,722.4468261,332325.54,8.595441119,3953.902915,121764.1,2023,9,KG,Unknown,,Steel,1200.0,3.15,454089.64,987.1513913043478,Other,General,0.3664000666334583,No
INNSA1,2023-09-25,301049751,73239990,STEEL FOOD CONTAINER (6571) (QTY: 192 NOS/USD 3.90 PER NOS),,,,,,,,,77.6,KGS,848.351933,65832.11,10.09341979,783.2493754,24120.8,2023,9,KG,Unknown,,Steel,192.0,3.9,89952.91,1159.1869845360825,Other,General,0.36639870725699053,No
INNSA1,2023-09-23,301049751,73239990,STAINLESS STEELSPORTS BOTTLE 1.45L (AM-398) (QTY: 9936 NOS/USD 1.630 PER NOS),,,,,,,,,2815.2,KGS,506.39843,1425612.86,6.024966448,16961.48554,522344.6,2023,9,KG,Unknown,1.45L,Steel,9936.0,1.63,1947957.46,691.9428317703894,Other,General,0.36640003373706936,No
INNSA1,2023-09-23,301049751,73239990,STAINLESS STEELSPORTS BOTTLE 650ML S115 (NP-21) (QTY: 22848NOS/USD 1.008 PER NOS),,,,,,,,,3998.4,KGS,507.0197054,2027267.59,6.032358184,24119.78096,742790.9,2023,9,KG,Unknown,650ML,Steel,22848.0,1.008,2770058.49,692.7917391956784,Other,General,0.3664000271419522,No
INNSA1,2023-09-23,301049751,73239990,STAINLESS STEELSPORTS BOTTLE 750ML (AM-458) (QTY: 1350 NOS/USD 1.037 PER NOS),,,,,,,,,225.0,KGS,547.6870222,123229.58,6.516204904,1466.146104,45151.3,2023,9,KG,Unknown,750ML,Steel,1350.0,1.037,168380.88,748.3594666666667,Other,General,0.366399853022302,No
INNSA1,2023-09-23,301049751,73239990,STAINLESS STEEL GRATER WITH HANDL (DS-25) (QTY: 51000 PCS/USD 0.2035 PER PCS),,,,,,,,,1615.0,KGS,573.2054985,925726.88,6.819815568,11014.00214,339186.3,2023,9,KG,Unknown,,Steel,51000.0,0.2035,1264913.18,783.2279752321981,Other,General,0.3663999688547447,No
INNSA1,2023-09-20,301049751,73239990,HOUSEHOLD STEEL HOOK 3PCS SET (QTY: 720 NOS/USD 0.407 PER NOS),,,,,,,,,24.4,KGS,1026.464344,25045.73,12.22709165,298.3410363,9176.7,2023,9,KG,Unknown,,Steel,720.0,0.407,34222.43,1402.558606557377,Other,General,0.36639778517136457,No
INNSA1,2023-09-20,301049751,73239990,HOUSEHOLD STEEL HOOK 3PCS SET (2628) (QTY: 167364 NOS/USD 0.407 PER NOS),,,,,,,,,5671.78,KGS,1022.493475,5799358.04,12.17979124,69081.09637,2124884.8,2023,9,KG,Unknown,,Steel,167364.0,0.407,7924242.84,1397.135086339738,Other,General,0.3664000024388906,No
INNSA1,2023-09-18,301049751,73239990,STAINLESS STEEL SPORT BOTTLE (KWB-600F) (QTY: 49716 PCS/USD0.94 PER PCS),,,,,,,,,7600.0,KGS,528.4719171,4016386.57,6.295079418,47842.60357,1471604.0,2023,9,KG,Unknown,,Steel,49716.0,0.94,5487990.57,722.104022368421,Other,General,0.36639999022803227,No
INNSA1,2023-09-16,301049751,73239990,BCLR-3 STAINLESS STEEL SPORTS BOTTLE 750ML SG705-1 (QTY: 14520 NUM/USD 1.0650 PER NUM),,,,,,,,,2178.0,KGS,615.7635629,1341133.04,7.334884609,15975.37868,491391.2,2023,9,KG,Unknown,750ML,Steel,14520.0,1.065,1832524.24,841.3793572084481,Other,General,0.36640004037183366,No
INNSA1,2023-09-16,301049751,73239990,NP-20 STAINLESS STEEL SPORTS BOTTLE 750ML S-308-C6 (QTY: 1008 NUM/USD 1.0050 PER NUM),,,,,,,,,168.0,KGS,522.9654167,87858.19,6.229486798,1046.553782,32191.2,2023,9,KG,Unknown,750ML,Steel,1008.0,1.005,120049.39,714.5797023809524,Other,General,0.3663995354331793,No
INNSA1,2023-09-16,301049751,73239990,NP-21 STAINLESS STEEL SPORTS BOTTLE 650ML S115 (QTY: 9720 NUM/USD 1.0042 PER NUM),,,,,,,,,1701.0,KGS,497.6655732,846529.14,5.928118799,10083.73008,310168.3,2023,9,KG,Unknown,650ML,Steel,9720.0,1.0042,1156697.44,680.010252792475,Other,General,0.36640002729262217,No
INNSA1,2023-09-16,301049751,73239990,AM-398 STAINLESS STEELSPORTS BOTTLE 1.45L (QTY: 9876 NUM/USD1.6300 PER NUM),,,,,,,,,2798.2,KGS,498.9368237,1396125.02,5.943261747,16630.43502,511540.2,2023,9,KG,Unknown,1.45L,Steel,9876.0,1.63,1907665.22,681.7472732470875,Other,General,0.3663999947511864,No
INNSA1,2023-09-13,301049751,73239990,SS OIL POT 900ML (KWP-1000B) (QTY: 26424 PCS/USD: 1.47 PER PCS),,,,,,,,,7215.0,KGS,464.8330381,3353770.37,5.537022491,39949.61727,1228821.5,2023,9,KG,Unknown,900ML,General,26424.0,,4582591.87,635.1478683298684,Other,General,0.3664000108629977,No
INNSA1,2023-09-13,301049751,73231000,STEEL SCRUBBER 6PCS SET (OKS-4156) (QTY: 99000 NOS/USD: 0.248 PER NOS),,,,,,,,,9108.0,KGS,233.0286572,2122425.01,2.775802945,25282.01322,933018.0,2023,9,KG,Unknown,,Steel,99000.0,,3055443.01,335.468051163812,Other,General,0.43959998379400933,No
INNSA1,2023-09-12,301049751,73239990,AM-456 STAINLESS STEEL SPORTS BOTTLE 750ML SP750 (QTY: 1350NUM/USD 1.076 PER NUM),,,,,,,,,210.0,KGS,599.460619,125886.73,7.14068635,1499.544133,46124.8,2023,9,KG,Unknown,750ML,Steel,1350.0,1.076,172011.53,819.1025238095239,Other,General,0.36639922253918267,No
INNSA1,2023-09-12,301049751,73239990,NP-21 STAINLESS STEEL SPORTS BOTTLE 650ML S115 (QTY: 13416 NUM/USD 1.00 PER NUM),,,,,,,,,2068.3,KGS,562.1385969,1162671.26,6.696111935,13849.56831,426002.8,2023,9,KG,Unknown,650ML,Steel,13416.0,1.0,1588674.06,768.1062031620171,Other,General,0.3664000432934069,No
INNSA1,2023-09-12,301049751,73239990,NP-20 STAINLESS STEEL SPORTS BOTTLE 750ML S-308-C6 (QTY: 7896 NUM/USD 1.005 PER NUM),,,,,,,,,1250.2,KGS,550.0822108,687712.78,6.552498045,8191.933055,251978.1,2023,9,KG,Unknown,750ML,Steel,7896.0,1.005,939690.88,751.6324428091505,Other,General,0.36640019980434274,No
INNSA1,2023-09-12,301049751,73239990,BCLR-3 STAINLESS STEEL SPORTS BOTTLE 750ML SG705-1 (QTY: 18168 NUM/USD 1.065 PER NUM),,,,,,,,,2573.8,KGS,651.5021408,1676836.21,7.76059727,19974.22525,614392.7,2023,9,KG,Unknown,750ML,Steel,18168.0,1.065,2291228.91,890.212491258062,Other,General,0.36639994791143016,No
INNSA1,2023-09-12,301049751,73239990,AM-457 STAINLESS STEEL SPORTS BOTTLE 750ML SG210 (QTY: 1350NUM/USD 1.032 PER NUM),,,,,,,,,210.0,KGS,574.947381,120738.95,6.848688278,1438.224538,44238.8,2023,9,KG,Unknown,750ML,Steel,1350.0,1.032,164977.75,785.6083333333333,Other,General,0.36640040351518716,No
INNSA1,2023-09-12,301049751,73239390,NON STICK SAUCE PAN 16CM (AN-02) (QTY: 720 PCS/USD 0.566 PERPCS),,,,,,,,,176.0,KGS,203.3855114,35795.85,2.42269817,426.3948779,13115.6,2023,9,KG,Unknown,16CM,General,720.0,0.566,48911.45,277.90596590909087,Other,General,0.36640001564427166,No
INNSA1,2023-09-12,301049751,73239990,AM-459 STAINLESS STEEL SPORTS BOTTLE 750ML SG707 (QTY: 1350NUM/USD 1.083 PER NUM),,,,,,,,,225.0,KGS,563.1364444,126705.7,6.707998147,1509.299583,46424.9,2023,9,KG,Unknown,750ML,Steel,1350.0,1.083,173130.6,769.4693333333333,Other,General,0.36639945953496966,No
INNSA1,2023-09-12,301049751,73239390,NON STICK FRY PAN 16CM (AN-01) (QTY: 720 PCS/USD 0.497 PER PCS),,,,,,,,,156.0,KGS,201.4874359,31432.04,2.400088575,374.4138177,11516.7,2023,9,KG,Unknown,16CM,General,720.0,0.497,42948.740000000005,275.31243589743593,Other,General,0.36640001730718086,No
INNSA1,2023-09-11,301049751,73239990,STEEL SPRINKLER (AM-430) (QTY: 10824 PCS/USD 0.5724 PER PCS),,,,,,,,,1758.9,KGS,314.5721872,553301.02,3.747137429,6590.840024,202729.5,2023,9,KG,Unknown,,Steel,10824.0,0.5724,756030.52,429.8314401046108,Other,General,0.36640001133560174,No
INNSA1,2023-09-08,301049751,73239990,MILD STEEL MULTI FUNCTION CLOTH STAND (RYX-02-021A) (QTY: 1296 NOS /CNY: 63.00 PER NOS),,,,,,,,,4752.0,KGS,217.9239036,1035574.39,2.595877351,12335.60917,379434.5,2023,9,KG,Unknown,,Steel,1296.0,,1415008.8900000001,297.7712310606061,Other,General,0.36640004200953635,No
INNSA1,2023-09-07,301049751,73231000,8001-2 STEEL SCRUBBER 2 PCS SET (QTY- 167160 SETS/USD 0.158PER SETS),,,,,,,,,4875.0,KGS,464.2940554,2263433.52,5.530602208,26961.68577,995005.4,2023,9,KG,Unknown,,Steel,167160.0,0.158,3258438.92,668.3977271794872,Other,General,0.43960001087197825,No
INNSA1,2023-09-07,301049751,73239990,STEEL HANGER WITH HOOK (SL-89) (QTY: 70056 NOS/CNY: 7.48 PERNOS),,,,,,,,,15568.0,KGS,392.8973895,6116626.56,4.68013567,72860.35211,2241131.9,2023,9,KG,Unknown,,Steel,70056.0,,8357758.459999999,536.8549884378211,Other,General,0.366399988296817,No
INNSA1,2023-09-04,301049751,73239990,STAINLESS STEEL SPORTS BOTTLE 750ML SG902 (WB-750)(QTY:16728NOS/USD: 1.180 PER NOS),,,,,,,,,2927.4,KGS,585.1833675,1713065.79,6.974771961,20417.94744,627667.3,2023,9,KG,Unknown,750ML,Steel,16728.0,,2340733.09,799.5945514791282,Other,General,0.3663999968150669,No
INNSA1,2023-09-04,301049751,73239990,SL-01 STAINLESS STEEL COLA BOTTLE 750ML SK750 (QTY:29616 PCS/USD 1.139 PER PCS),,,,,,,,,5676.4,KGS,514.4829205,2920410.85,6.132096788,34808.23421,1070038.6,2023,9,KG,Unknown,750ML,Steel,29616.0,1.139,3990449.45,702.9894739623705,Other,General,0.36640002210647865,No
INNSA1,2023-09-04,301049751,73239990,SB-01 STAINLESS STEEL SPORTS BOTTLE 750ML SG-702 (QTY: 5712NUM/USD 1.055 PER NUM),,,,,,,,,999.6,KGS,521.9251901,521716.42,6.220800835,6218.312515,191156.9,2023,9,KG,Unknown,750ML,Steel,5712.0,1.055,712873.32,713.1585834333733,Other,General,0.3664000071149764,No
INNSA1,2023-09-04,301049751,73239990,STAINLESS STEEL SPORTS BOTTLE 500ML S116-500 (AM-314) (QTY:12216 NOS/USD: 0.943 PER NOS),,,,,,,,,1476.1,KGS,677.2874399,999743.99,8.072555898,11915.89976,366306.2,2023,9,KG,Unknown,500ML,Steel,12216.0,,1366050.19,925.4455592439537,Other,General,0.36640000206452855,No
INNSA1,2023-09-04,301049751,73239990,AM-06 STAINLESS STEEL BOTTLE 750ML SG805 (QTY:6720 PCS/USD 1.028 PER PCS),,,,,,,,,980.0,KGS,610.2814898,598075.86,7.273915254,7128.436949,219135.0,2023,9,KG,Unknown,750ML,Steel,6720.0,1.028,817210.86,833.8886326530612,Other,General,0.3664000081862525,No
INNSA1,2023-09-04,301049751,73239990,STAINLESS STEEL SPORTS BOTTLE (KWB-600F) (QTY: 49716 PCS/USD0.94 PER PCS),,,,,,,,,7600.0,KGS,524.0138711,3982505.42,6.245695722,47467.28749,1459190.0,2023,9,KG,Unknown,,Steel,49716.0,0.94,5441695.42,716.0125552631579,Other,General,0.366400003543498,No
INNSA1,2023-09-04,301049751,73239990,STAINLESS STEEL BOTTLE 750ML SG805 (AM-06) (QTY:19848 NOS /USD: 1.000 PER NOS),,,,,,,,,3308.0,KGS,520.7140266,1722522.0,6.206365037,20530.65554,631132.0,2023,9,KG,Unknown,750ML,Steel,19848.0,,2353654.0,711.5036275695284,Other,General,0.3663999647029182,No
INNSA1,2023-09-02,301049751,73239990,RYX-02-026-3S MILD STEEL MULTI FUNCTION CLOTH STAND (QTY :848 NUM/CNY 84.00 PER NUM),,,,,,,,,3307.2,KGS,261.8192187,865888.52,3.120610473,10320.48296,317261.6,2023,9,KG,Unknown,,Steel,848.0,,1183150.12,357.749794388002,Other,General,0.3664000534387498,No
INNSA1,2023-09-02,301049751,73239990,RYX-02-026-3S MILD STEEL MULTI FUNCTION CLOTH STAND (QTY :848 NUM/CNY 84.00 PER NUM),,,,,,,,,3307.2,KGS,261.8192187,865888.52,3.120610473,10320.48296,317261.6,2023,9,KG,Unknown,,Steel,848.0,,1183150.12,357.749794388002,Other,General,0.3664000534387498,No
INNSA1,2023-09-02,301049751,73239990,RYX-02-026-3S MILD STEEL MULTI FUNCTION CLOTH STAND (QTY :848 NUM/CNY 84.00 PER NUM),,,,,,,,,3307.2,KGS,261.8192187,865888.52,3.120610473,10320.48296,317261.6,2023,9,KG,Unknown,,Steel,848.0,,1183150.12,357.749794388002,Other,General,0.3664000534387498,No
INNSA1,2023-08-31,301049751,73239990,STEEL SPRINKLER (AM-430) (QTY: 15624 PCS / USD: 0.572 PER PCS),,,,,,,,,2538.9,KGS,310.4148923,788112.37,3.699819932,9393.472825,288764.4,2023,8,KG,Unknown,,Steel,15624.0,,1076876.77,424.15091968962935,Other,General,0.3664000350609901,No
INNSA1,2023-08-30,301049751,73239990,STEEL RECTANGLE CONTAINER LARGE (6862) (QTY: 45018 NOS/USD 1.47 PER NOS),,,,,,,,,11254.5,KGS,501.2746635,5641595.7,5.974668218,67241.90346,2067080.6,2023,8,KG,Unknown,,Steel,45018.0,1.47,7708676.300000001,684.9416944333378,Other,General,0.36639998857060957,No
INNSA1,2023-08-30,301049751,73239990,STEEL FOOD CONTAINER (6571) (QTY: 1008 NOS/USD 3.9 PER NOS),,,,,,,,,407.4,KGS,822.6262396,335137.93,9.80484195,3994.49261,122794.6,2023,8,KG,Unknown,,Steel,1008.0,3.9,457932.53,1124.0366470299462,Other,General,0.36640018633522026,No
INNSA1,2023-08-30,301049751,73239990,STEEL LUNCH BOX (6728) (QTY: 2400 NOS/USD 2.25 PER NOS),,,,,,,,,832.0,KGS,553.3104688,460354.31,6.594880438,5486.940524,168673.9,2023,8,KG,Unknown,,Steel,2400.0,2.25,629028.21,756.0435216346153,Other,General,0.3664001755517397,No
INNSA1,2023-08-30,301049751,73239990,STEEL FOOD CONTAINER (6713) (QTY: 2400 NOS/USD 1.68 PER NOS),,,,,,,,,707.333,KGS,485.9538152,343731.17,5.792059776,4096.915018,125943.0,2023,8,KG,Unknown,,Steel,2400.0,1.68,469674.17,664.0071508045008,Other,General,0.3663997070734086,No
INNSA1,2023-08-30,301049751,73239990,STEEL LUNCH BOX (6564) (QTY: 1200 NOS/USD 3.7 PER NOS),,,,,,,,,678.0,KGS,558.2795723,378513.55,6.65410694,4511.484505,138687.4,2023,8,KG,Unknown,,Steel,1200.0,3.7,517200.94999999995,762.8332595870206,Other,General,0.3664000932067029,No
INNSA1,2023-08-30,301049751,73239990,STEEL LUNCH BOX (6720) (QTY: 1200 NOS/USD 2.72 PER NOS),,,,,,,,,376.667,KGS,738.7389657,278258.59,8.804993632,3316.550536,101954.0,2023,8,KG,Unknown,,Steel,1200.0,2.72,380212.59,1009.4130624663165,Other,General,0.36640018911904926,No
INNSA1,2023-08-30,301049751,73239990,STEEL LUNCH BOX (6588) (QTY: 1200 NOS/USD 2.45 PER NOS),,,,,,,,,345.0,KGS,726.4850145,250637.33,8.658939386,2987.334088,91833.5,2023,8,KG,Unknown,,Steel,1200.0,2.45,342470.82999999996,992.669072463768,Other,General,0.366399929332155,No
INNSA1,2023-08-30,301049751,73239990,STEEL LUNCH BOX (6585) (QTY: 1200 NOS/USD 3.65 PER NOS),,,,,,,,,738.0,KGS,505.9599593,373398.45,6.03051203,4450.517878,136813.2,2023,8,KG,Unknown,,Steel,1200.0,3.65,510211.65,691.3436991869919,Other,General,0.3664000212105862,No
INNSA1,2023-08-30,301049751,73239990,STEEL LUNCH BOX (6122) (QTY: 2400 NOS/USD 2.02 PER NOS),,,,,,,,,748.0,KGS,552.5345187,413295.82,6.585631927,4926.052682,151431.6,2023,8,KG,Unknown,,Steel,2400.0,2.02,564727.42,754.9831818181818,Other,General,0.36640002795092386,No
INNSA1,2023-08-29,301049751,73239990,NP-19 STEEL SALT BOTTLE (QTY:15480 PCS /USD 0.4475 PER PCS),,,,,,,,,2408.0,KGS,251.9536628,606704.42,3.003023394,7231.280334,222296.5,2023,8,KG,Unknown,,Steel,15480.0,0.4475,829000.92,344.2694850498339,Other,General,0.3664000008439035,No
INNSA1,2023-08-29,301049751,73239990,NP-55 STEEL TEA STRAINER (QTY:100800 PCS/USD 0.2839 PER PCS),,,,,,,,,4620.0,KGS,542.4966732,2506334.63,6.465991337,29872.87998,918321.0,2023,8,KG,Unknown,,Steel,100800.0,0.2839,3424655.63,741.2674523809524,Other,General,0.3663999966357246,No
INNSA1,2023-08-29,301049751,73239990,SB-12 STEEL TEA STRAINER BIG - (QTY:15300 PCS/USD 1.0489 PERPCS),,,,,,,,,3740.0,KGS,375.8089144,1405525.34,4.479248086,16752.38784,514984.5,2023,8,KG,Unknown,,Steel,15300.0,1.0489,1920509.84,513.5053048128342,Other,General,0.36640001097383273,No
INNSA1,2023-08-29,301049751,73239990,AM-217 STEEL LEMON SQUEEZER (QTY:15000 PCS/USD 1.8461 PER PCS),,,,,,,,,4375.0,KGS,554.3468206,2425267.34,6.607232665,28906.64291,888617.9,2023,8,KG,Unknown,,Steel,15000.0,1.8461,3313885.2399999998,757.4594834285714,Other,General,0.36639997799170465,No
INNSA1,2023-08-29,301049751,73239990,SB-01 STAINLESS STEEL SPORTS BOTTLE 750ML SG-702 (QTY: 34872NUM/USD 1.0582 PER NUM),,,,,,,,,5957.3,KGS,536.6618116,3197055.41,6.396445907,38105.5472,1171401.1,2023,8,KG,Unknown,750ML,Steel,34872.0,1.0582,4368456.51,733.2946989407952,Other,General,0.3663999993043599,No
INNSA1,2023-08-29,301049751,73239990,NP-20 STAINLESS STEEL SPORTS BOTTLE 750ML S-308-C6 (QTY: 50544 NUM/USD 1.0065 PER NUM),,,,,,,,,8424.0,KGS,523.2034651,4407465.99,6.236036533,52532.37175,1614895.5,2023,8,KG,Unknown,750ML,Steel,50544.0,1.0065,6022361.49,714.9052101139602,Other,General,0.3663999912112765,No
INNSA1,2023-08-28,301049751,73239990,STEEL LUNCH BOX (6527) (QTY: 25680 NOS/USD: 1.90 PER NOS),,,,,,,,,8945.2,KGS,464.6091926,4156022.15,5.537654263,49535.42491,1522766.4,2023,8,KG,Unknown,,Steel,25680.0,,5678788.55,634.8419878817689,Other,General,0.36639997214644293,No
INNSA1,2023-08-28,301049751,73239990,STEEL ROUND CONTAINER MEDIUM (6581) (QTY: 87792 NOS/USD: 0.90 PER NOS),,,,,,,,,10608.2,KGS,634.4319272,6730180.77,7.561763137,80216.69571,2465938.3,2023,8,KG,Unknown,,Steel,87792.0,,9196119.07,866.8877915197677,Other,General,0.3664000097875528,No
INNSA1,2023-08-28,301049751,73239990,STEEL LUNCH BOX (6561) (QTY: 21144 NOS/USD: 2.45 PER NOS),,,,,,,,,8281.4,KGS,532.8178074,4412477.39,6.350629409,52592.10238,1616731.7,2023,8,KG,Unknown,,Steel,21144.0,,6029209.09,728.0422501026396,Other,General,0.3663999964428146,No
INNSA1,2023-08-25,301049751,73239990,HOUSEHOLD STEEL HOOK 3PCS SET (2628) (QTY: 166428 NOS/USD 0.416 PER NOS),,,,,,,,,5640.06,KGS,1040.901907,5870749.21,12.40645896,69973.17294,2151042.5,2023,8,KG,Unknown,,Steel,166428.0,0.416,8021791.71,1422.2883639535748,Other,General,0.3663999982039771,No
INNSA1,2023-08-25,301049751,73239990,STAINLESS STEEL BOTTLE 750ML SG805 (AM-06) (QTY: 7128 NOS/USD: 1.00 PER NOS),,,,,,,,,1039.5,KGS,594.8481674,618344.67,7.089966238,7370.019905,226561.5,2023,8,KG,Unknown,750ML,Steel,7128.0,,844906.17,812.8005483405484,Other,General,0.3664000208815578,No
INNSA1,2023-08-25,301049751,73239990,STAINLESS STEEL SPORTS BOTTLE 750ML SG-702 (SB-01) (QTY: 11640 NOS/USD: 1.055 PER NOS),,,,,,,,,2037.0,KGS,522.9706284,1065291.17,6.233261363,12697.1534,390322.6,2023,8,KG,Unknown,750ML,Steel,11640.0,,1455613.77,714.5870250368189,Other,General,0.3663999205024857,No
INNSA1,2023-08-25,301049751,73239990,STAINLESS STEELSPORTS BOTTLE 500ML S116-500 (AM-314) (QTY: 24048 NOS/USD: 0.943 PER NOS),,,,,,,,,2905.8,KGS,676.998651,1967222.68,8.069113838,23447.23099,720790.4,2023,8,KG,Unknown,500ML,Steel,24048.0,,2688013.08,925.0509601486682,Other,General,0.36640000510770854,No
INNSA1,2023-08-25,301049751,73239990,STAINLESS STEELSPORTS BOTTLE 650ML S115 (NP-21) (QTY: 6696 NOS/USD: 1.00 PER NOS),,,,,,,,,1116.0,KGS,520.4921326,580869.22,6.203720293,6923.351847,212830.5,2023,8,KG,Unknown,650ML,Steel,6696.0,,793699.72,711.2004659498208,Other,General,0.36640003062995835,No
INNSA1,2023-08-25,301049751,73239990,STAINLESS STEEL COLA BOTTLE 750ML SK750 (SL-01) (QTY: 3480 NOS/USD: 1.139 PER NOS),,,,,,,,,667.0,KGS,515.5135382,343847.53,6.14438067,4098.301907,125985.8,2023,8,KG,Unknown,750ML,Steel,3480.0,,469833.33,704.3977961019491,Other,General,0.36640018906054084,No
INNSA1,2023-08-25,301049751,73239990,HOUSEHOLD STEEL HOOK 3PCS SET (2628) (QTY: 1692 PKT/USD: 0.416 PER PKT),,,,,,,,,57.34,KGS,1040.12016,59640.49,12.39714136,710.8520858,21852.3,2023,8,KG,Unknown,,Steel,1692.0,,81492.79,1421.2206138821066,Other,General,0.36640041019113023,No
INNSA1,2023-08-24,301049751,73239990,NP-19 STEEL SALT BOTTLE (QTY:45720 PCS/USD 0.4507 PER PCS),,,,,,,,,6985.0,KGS,260.3482391,1818532.45,3.103077939,21674.9994,666310.3,2023,8,KG,Unknown,,Steel,45720.0,0.4507,2484842.75,355.73983536148893,Other,General,0.36640000567490566,No
INNSA1,2023-08-23,301049751,73239990,STAINLESS STEEL COLA BOTTLE 750ML SK750 (SL-01) (QTY: 5928 NOS/USD: 1.139 PER NOS),,,,,,,,,1136.2,KGS,515.3352843,585523.95,6.14225607,6978.831347,214536.0,2023,8,KG,Unknown,750ML,Steel,5928.0,,800059.95,704.1541541982044,Other,General,0.36640004221859757,No
INNSA1,2023-08-23,301049751,73231000,STEEL SCRUBBER 6PCS SET (OKS-4156) (QTY: 95280 NOS/USD: 0.248 PER NOS),,,,,,,,,8765.76,KGS,233.1507354,2043743.39,2.778912221,24359.27759,898429.7,2023,8,KG,Unknown,,Steel,95280.0,,2942173.09,335.64381069068736,Other,General,0.4396000517462224,No
INNSA1,2023-08-23,301049751,73231000,8001-2 STEEL SCRUBBER 2 PCS SET (QTY- 168000 SETS/USD 0.158PER SETS),,,,,,,,,4900.0,KGS,463.9228898,2273222.16,5.529474253,27094.42384,999308.4,2023,8,KG,Unknown,,Steel,168000.0,0.158,3272530.56,667.8633795918367,Other,General,0.4395999729300545,No
INNSA1,2023-08-23,301049751,73239990,STAINLESS STEELSPORTS BOTTLE 750ML (AM-393) (QTY: 20232 NOS/USD: 1.230 PER NOS),,,,,,,,,4046.4,KGS,533.3201438,2158026.63,6.356616732,25721.41395,790700.9,2023,8,KG,Unknown,750ML,Steel,20232.0,,2948727.53,728.7286303875048,Other,General,0.36639997347947467,No
INNSA1,2023-08-23,301049751,73239990,STAINLESS STEELSPORTS BOTTLE 500ML S116-500 (AM-314) (QTY: 23880 NOS/USD: 0.943 PER NOS),,,,,,,,,2885.5,KGS,676.7648761,1952805.05,8.066327486,23275.38796,715507.8,2023,8,KG,Unknown,500ML,Steel,23880.0,,2668312.85,924.7315369953214,Other,General,0.3664000151986498,No
INNSA1,2023-08-21,301049751,73239990,STEEL LUNCH BOX (6561) (QTY: 20940 NOS/USD: 2.45 PER NOS),,,,,,,,,8201.5,KGS,537.3941876,4407438.43,6.405175061,52532.04327,1614885.5,2023,8,KG,Unknown,,Steel,20940.0,,6022323.93,734.2954252270926,Other,General,0.36640001344272893,No
INNSA1,2023-08-21,301049751,73239990,STEEL LUNCH BOX (6527) (QTY: 25680 NOS/USD: 1.90 PER NOS),,,,,,,,,8945.2,KGS,468.5997272,4191718.28,5.585217249,49960.88534,1535845.7,2023,8,KG,Unknown,,Steel,25680.0,,5727563.9799999995,640.2946809462056,Other,General,0.3664000291546311,No
INNSA1,2023-08-21,301049751,73239990,STEEL ROUND CONTAINER (6857) (QTY: 70380 NOS/USD: 0.74 PER NOS),,,,,,,,,8973.45,KGS,498.6146911,4474294.0,5.942964137,53328.89154,1639381.3,2023,8,KG,Unknown,,Steel,70380.0,,6113675.3,681.3071115345825,Other,General,0.3663999951724227,No
INNSA1,2023-08-17,301049751,73239990,STAINLESS STEEL SPORT BOTTLE (KWB-600F) (QTY: 49716 PCS/USD0.94 PER PCS),,,,,,,,,7600.0,KGS,522.6386842,3972054.0,6.251658902,47512.60766,1455360.6,2023,8,KG,Unknown,,Steel,49716.0,0.94,5427414.6,714.1334999999999,Other,General,0.3664000036253284,No
INNSA1,2023-08-16,301049751,73239990,STAINLESS STEEL SPORTS BOTTLE 750ML S-308-C6 (NP-20) (QTY:21216 PCS/1.005 USD PER PCS),,,,,,,,,3536.0,KGS,523.7076046,1851830.09,6.264445032,22151.07763,678510.5,2023,8,KG,Unknown,750ML,Steel,21216.0,,2530340.59,715.5940582579185,Other,General,0.3663999757126746,No
INNSA1,2023-08-16,301049751,73239990,STAINLESS STEEL SPORTS BOTTLE 750ML SG-702 (SB-01) (QTY:8880PCS/1.080 USD PER PCS),,,,,,,,,1554.0,KGS,535.9907658,832929.65,6.411372796,9963.273325,305185.4,2023,8,KG,Unknown,750ML,Steel,8880.0,,1138115.05,732.3777670527671,Other,General,0.3663999714741815,No
INNSA1,2023-08-16,301049751,73239990,STAINLESS STEEL BOTTLE 750ML SG805 (AM-06) (QTY:12912 PCS/1.028 USD PER PCS),,,,,,,,,1883.0,KGS,612.2207063,1152811.59,7.32321419,13789.61232,422390.1,2023,8,KG,Unknown,750ML,Steel,12912.0,,1575201.69,836.5383377588953,Other,General,0.3663999422490192,No
INNSA1,2023-08-11,301049751,73239990,HOUSEHOLD STEEL HOOK 3PCS SET (3888) (QTY: 2400 NOS/USD 0.3PER NOS),,,,,,,,,80.0,KGS,792.524125,63401.93,9.479953648,758.3962919,23230.4,2023,8,KG,Unknown,,Steel,2400.0,0.3,86632.33,1082.904125,Other,General,0.36639894085243147,No
INNSA1,2023-08-08,301049751,73239990,SS OIL POT 900ML (KWP-1000B) (QTY: 27000 PCS/USD: 1.47 PER PCS),,,,,,,,,7315.0,KGS,463.1215038,3387733.8,5.539730906,40523.13158,1241265.7,2023,8,KG,Unknown,900ML,General,27000.0,,4628999.5,632.8092276144907,Other,General,0.3664000105321144,No
INNSA1,2023-08-07,301049751,73239990,STEEL HANGER WITH HOOK (SM1168) (QTY:57792 PCS/1.27 USD PERPCS),,,,,,,,,10836.0,KGS,572.7315347,6206118.91,6.850855678,74235.87213,2273922.0,2023,8,KG,Unknown,,Steel,57792.0,,8480040.91,782.5803719084533,Other,General,0.3664000050556556,No
INNSA1,2023-08-05,301049751,73239990,STAINLESS STEEL SPORTS BOTTLE 750ML SG-702 (SB-01) (QTY: 13824 NOS/USD 1.080 PER NOS),,,,,,,,,2419.2,KGS,535.721474,1296017.39,6.408151603,15502.60036,474860.8,2023,8,KG,Unknown,750ML,Steel,13824.0,1.08,1770878.19,732.0098338293651,Other,General,0.36640002183921316,No
INNSA1,2023-08-05,301049751,73239990,STAINLESS STEELSPORTS BOTTLE 650ML S115 (NP-21) (QTY: 17328NOS/USD 1.00 PER NOS),,,,,,,,,2888.0,KGS,520.8402874,1504186.75,6.230146978,17992.66447,551133.9,2023,8,KG,Unknown,650ML,Steel,17328.0,1.0,2055320.65,711.6761253462604,Other,General,0.36639991676565425,No
INNSA1,2023-08-05,301049751,73239990,STAINLESS STEEL BOTTLE 750ML SG805 (AM-06) (QTY: 7584 NOS/USD 1.028 PER NOS),,,,,,,,,1106.0,KGS,611.9127667,676775.52,7.319530702,8095.400957,247970.5,2023,8,KG,Unknown,750ML,Steel,7584.0,1.028,924746.02,836.1175587703436,Other,General,0.36639992534008914,No
INNSA1,2023-08-05,301049751,73239990,STAINLESS STEEL SPORTS BOTTLE 750ML S-308-C6 (NP-20) (QTY: 5376 NOS/USD 1.005 PER NOS),,,,,,,,,896.0,KGS,523.4444866,469006.26,6.261297687,5610.122727,171843.9,2023,8,KG,Unknown,750ML,Steel,5376.0,1.005,640850.16,715.2345535714286,Other,General,0.36640001350941453,No
INNSA1,2023-08-02,301049751,73239990,STEEL TEA STRAINER BIG (SB-12) (QTY: 35100 PCS/USD: 1.0518 PER PCS),,,,,,,,,8580.0,KGS,377.2526119,3236827.41,4.547951921,39021.42749,1185973.5,2023,8,KG,Unknown,,Steel,35100.0,,4422800.91,515.4779615384615,Other,General,0.3663999805290823,No
INNSA1,2023-08-02,301049751,73239990,STEEL TEA STRAINER (NP-55) (QTY: 100800 PCS/USD: 0.2847 PERPCS),,,,,,,,,4620.0,KGS,544.6095801,2516096.26,6.565516336,30332.68547,921897.7,2023,8,KG,Unknown,,Steel,100800.0,,3437993.96,744.1545367965368,Other,General,0.3664000120567724,No
INNSA1,2023-07-31,301049751,73239990,STAINLESS STEEL GRATER WITH HANDLE (KL324H-9S) (QTY: 59040 NOS /USD 0.64 PER NOS),,,,,,,,,9512.0,KGS,336.9922403,3205470.19,4.06259482,38643.40193,1174484.2,2023,7,KG,Unknown,,Steel,59040.0,0.64,4379954.39,460.4661890243902,Other,General,0.36639997578639155,No
INNSA1,2023-07-29,301049751,73239990,STAINLESS STEEL BOTTLE 750ML SG805 (AM-06) (QTY:22416 PCS/USD 1.028 PER PCS),,,,,,,,,3269.0,KGS,606.7444173,1983447.5,7.314580075,23911.36227,726735.1,2023,7,KG,Unknown,750ML,Steel,22416.0,1.028,2710182.6,829.0555521566229,Other,General,0.3663999677329498,No
INNSA1,2023-07-29,301049751,73239990,STEEL LUNCH BOX (6561) (QTY: 20736 NOS/USD 2.45 PER NOS),,,,,,,,,8121.0,KGS,535.7587089,4351217.93,6.458815056,52455.91236,1594286.3,2023,7,KG,Unknown,,Steel,20736.0,2.45,5945504.2299999995,732.1147925132373,Other,General,0.36640001159399527,No
INNSA1,2023-07-29,301049751,73231000,SS SCRUBBER 3PCS SET (SS410) (QTY: 113640 SET/USD: 0.173 PERSET),,,,,,,,,7230.0,KGS,241.0917635,1743093.45,2.906470928,21013.78481,766263.9,2023,7,KG,Unknown,,General,113640.0,,2509357.35,347.0757053941909,Other,General,0.4396000111181647,No
INNSA1,2023-07-29,301049751,73239990,"STAINLESS STEEL COLA BOTTLE 750ML SK750 (SL-01) (QTY:20,760PCS/USD 1.168 PER PCS)",,,,,,,,,3979.0,KGS,524.5244257,2087082.69,6.32338066,25160.73165,764707.1,2023,7,KG,Unknown,750ML,Steel,20.0,1.168,2851789.79,716.7101759235989,Other,General,0.3664000011422643,No
INNSA1,2023-07-29,301049751,73239990,HOUSEHOLD STEEL HOOK 3PCS SET (2628) (QTY: 168480 NOS/USD 0.416 PER NOS),,,,,,,,,5709.0,KGS,1034.799441,5908290.89,12.4749782,71227.1355,2164797.8,2023,7,KG,Unknown,,Steel,168480.0,0.416,8073088.6899999995,1414.0985619197756,Other,General,0.36640000303031794,No
INNSA1,2023-07-24,301049751,73231000,8001-2 STEEL SCRUBBER 2 PCS SET (QTY- 167760 SETS/USD 0.158PER SETS),,,,,,,,,4893.0,KGS,458.6840691,2244341.15,5.529645197,27056.55395,986612.3,2023,7,KG,Unknown,,Steel,167760.0,0.158,3230953.45,660.321571632945,Other,General,0.43959996901540577,No
INNSA1,2023-07-24,301049751,73239990,STAINLESS STEEL SPORTS BOTTLE 750ML S-308-C6 (NP-20) (QTY:39600 PCS/USD 1.02 PER PCS),,,,,,,,,6600.0,KGS,534.2525348,3526066.73,6.440657442,42508.33912,1291950.8,2023,7,KG,Unknown,750ML,Steel,39600.0,1.02,4818017.53,730.0026560606061,Other,General,0.3663999858561951,No
INNSA1,2023-07-20,301049751,73239990,STAINLESS STEEL SPORTS BOTTLE 750ML S-308-C6 (NP-20) (QTY: 8784 NOS /USD 1.020 PER NOS),,,,,,,,,1464.0,KGS,534.8174249,782972.71,6.424233332,9405.077598,286881.2,2023,7,KG,Unknown,750ML,Steel,8784.0,1.02,1069853.91,730.7745286885246,Other,General,0.3663999987943386,No
INNSA1,2023-07-20,301049751,73239990,STAINLESS STEELSPORTS BOTTLE 650ML S115 (NP-21) (QTY: 33984NOS /USD 1.033 PER NOS),,,,,,,,,5522.0,KGS,555.5217641,3067813.39,6.672934103,36850.61129,1124046.9,2023,7,KG,Unknown,650ML,Steel,33984.0,1.033,4191860.29,759.1199366171677,Other,General,0.36640002409012234,No
INNSA1,2023-07-19,301049751,73239990,STEEL SALT BOTTLE (NP-19) (QTY:12288 PCS / 0.4438 USD PER PCS),,,,,,,,,1920.0,KGS,248.9022448,477892.31,2.989816754,5740.448168,175099.7,2023,7,KG,Unknown,,Steel,12288.0,,652992.01,340.10000520833336,Other,General,0.3663999113105629,No
INNSA1,2023-07-19,301049751,73239990,STEEL LUNCH BOX (6527) (QTY: 25680 NOS /USD 1.90 PER NOS),,,,,,,,,8945.0,KGS,467.6787719,4183480.15,5.617763025,50252.01381,1532827.1,2023,7,KG,Unknown,,Steel,25680.0,1.9,5716307.25,639.0505589714925,Other,General,0.3663999935556047,No
INNSA1,2023-07-19,301049751,73239990,STEEL LEMON SQUEEZER (AM-217) (QTY:5100 PCS / 1.872 USD PERPCS),,,,,,,,,1487.0,KGS,562.4462185,836638.75,6.756110733,10049.71471,306544.5,2023,7,KG,Unknown,,Steel,5100.0,,1143183.25,768.784969737727,Other,General,0.3664000741060583,No
INNSA1,2023-07-19,301049751,73239990,STEEL TEA STRAINER BIG (SB-12) (QTY:15300 PCS / 1.04 USD PERPCS),,,,,,,,,3740.0,KGS,372.8336684,1394397.92,4.478482504,16749.52456,510907.5,2023,7,KG,Unknown,,Steel,15300.0,,1905305.42,509.43995187165774,Other,General,0.3664000732301724,No
INNSA1,2023-07-18,301049751,73239990,SB-01 STAINLESS STEEL SPORTS BOTTLE 750ML SG-702 (QTY: 29904NUM/USD 1.090 PER NUM),,,,,,,,,4984.0,KGS,561.3955076,2797995.21,6.743489581,33609.55207,1025185.4,2023,7,KG,Unknown,750ML,Steel,29904.0,1.09,3823180.61,767.090812600321,Other,General,0.36639998393707046,No
INNSA1,2023-07-18,301049751,73239990,NP-20 STAINLESS STEEL SPORTS BOTTLE 750ML S-308-C6 (QTY: 8640 NUM/USD 1.040 PER NUM),,,,,,,,,1440.0,KGS,535.6434236,771326.53,6.434155239,9265.183544,282614.0,2023,7,KG,Unknown,750ML,Steel,8640.0,1.04,1053940.53,731.9031458333334,Other,General,0.36639994737377957,No
INNSA1,2023-07-18,301049751,73239990,STAINLESS STEEL SPORT BOTTLE (KWB-600F) (QTY:50400 PCS /USD0.94 PER PCS),,,,,,,,,7800.0,KGS,519.6266538,4053087.9,6.241761608,48685.74054,1485051.5,2023,7,KG,Unknown,,Steel,50400.0,0.94,5538139.4,710.0178717948719,Other,General,0.3664000230540275,No
INNSA1,2023-07-18,301049751,73239990,NP-21 STAINLESS STEEL SPORTS BOTTLE 650ML S115 (QTY: 7416NUM/USD 1.033 PER NUM),,,,,,,,,1236.0,KGS,532.038301,657599.34,6.390850462,7899.091171,240944.4,2023,7,KG,Unknown,650ML,Steel,7416.0,1.033,898543.74,726.97713592233,Other,General,0.3664000027737254,No
INNSA1,2023-07-17,301049751,73231000,STEEL SCRUBBER 6PCS SET (OKS-4156) (QTY:95520 SET/USD:0.248PER SET),,,,,,,,,8735.0,KGS,237.912672,2078167.19,2.857809874,24962.96925,913562.2,2023,7,KG,Unknown,,Steel,95520.0,,2991729.3899999997,342.49907155123066,Other,General,0.4395999534570652,No
INNSA1,2023-07-13,301049751,73239990,SY-01-STAINLESS STEEL BOTTLE 650ML (QTY: 360 NUM/USD 1.130 PER NUM),,,,,,,,,63.0,KGS,554.3950794,34926.89,6.659400353,419.5422222,12797.2,2023,7,KG,Unknown,650ML,Steel,360.0,1.13,47724.09,757.525238095238,Other,General,0.36639964222408583,No
INNSA1,2023-07-13,301049751,73239990,SL-01 STAINLESS STEEL COLA BOTTLE 750ML SK750 (QTY: 26208 NUM/USD 1.180 PER NUM),,,,,,,,,4804.0,KGS,552.6109807,2655185.24,6.637969738,31894.117,972859.8,2023,7,KG,Unknown,750ML,Steel,26208.0,1.18,3628045.04,755.2133721898418,Other,General,0.36639997290735166,No
INNSA1,2023-07-13,301049751,73239990,AM-396-STAINLESS STEEL KIDS BOTTLE 450ML (QTY: 720 NUM/USD 1.250 PER NUM),,,,,,,,,108.0,KGS,715.4802778,77271.87,8.594357691,928.1906306,28312.4,2023,7,KG,Unknown,450ML,Steel,720.0,1.25,105584.26999999999,977.6321296296295,Other,General,0.3663998295886977,No
INNSA1,2023-07-13,301049751,73239990,SY-04-STAINLESS STEEL SPORTS BOTTLE 1000 ML (QTY: 360 NUM/USD 1.275 PER NUM),,,,,,,,,69.0,KGS,571.1398551,39408.65,6.8605388,473.3771772,14439.3,2023,7,KG,Unknown,1000ML,Steel,360.0,1.275,53847.95,780.4050724637681,Other,General,0.36639925498589776,No
INNSA1,2023-07-13,301049751,73239990,SY-03-STAINLESS STEEL SPORTS BOTTLE 1000 ML (QTY: 360 NUM/USD 1.230 PER NUM),,,,,,,,,60.0,KGS,633.6293333,38017.76,7.611163163,456.6697898,13929.8,2023,7,KG,Unknown,1000ML,Steel,360.0,1.23,51947.56,865.7926666666666,Other,General,0.3664024392810097,No
INNSA1,2023-07-13,301049751,73239990,AM-395 -STAINLESS STEEL BOTTLE 500ML (QTY: 720 NUM/USD 1.125PER NUM),,,,,,,,,92.0,KGS,755.9204348,69544.68,9.080125343,835.3715315,25481.1,2023,7,KG,Unknown,500ML,Steel,720.0,1.125,95025.78,1032.8889130434782,Other,General,0.3663989826396498,No
INNSA1,2023-07-13,301049751,73239990,SB-01 STAINLESS STEEL SPORTS BOTTLE 750ML SG-702 (QTY: 11904NUM/USD 1.090 PER NUM),,,,,,,,,2083.0,KGS,534.7703629,1114033.62,6.423668023,13381.78523,408181.9,2023,7,KG,Unknown,750ML,Steel,11904.0,1.09,1522215.52,730.7803744599136,Other,General,0.36639998351216724,No
INNSA1,2023-07-13,301049751,73239990,SY-02-STAINLESS STEEL BOTTLE 750 ML (QTY: 360 NUM/USD 1.145PER NUM),,,,,,,,,60.0,KGS,589.842,35390.52,7.085189189,425.1113514,12967.1,2023,7,KG,Unknown,750ML,Steel,360.0,1.145,48357.619999999995,805.9603333333332,Other,General,0.3664003806669131,No
INNSA1,2023-07-13,301049751,73239990,NP-21-STAINLESS STEEL SPORTS BOTTLE 650ML S115 (QTY: 888 NUM/USD 1.033 PER NUM),,,,,,,,,148.0,KGS,532.1433108,78757.21,6.392111842,946.0325526,28856.6,2023,7,KG,Unknown,650ML,Steel,888.0,1.033,107613.81,727.1203378378378,Other,General,0.3663994699659878,No
INNSA1,2023-07-13,301049751,73239990,AM-397-STAINLESS STEEL BOTTLE 500ML (QTY: 720 NUM/USD 1.100PER NUM),,,,,,,,,106.0,KGS,641.5022642,67999.24,7.705732903,816.8076877,24914.9,2023,7,KG,Unknown,500ML,Steel,720.0,1.1,92914.14000000001,876.5484905660379,Other,General,0.3663996832905779,No
INNSA1,2023-07-07,301049751,73239990,NP-19 STEEL SALT BOTTLE (QTY:38400 PCS/USD 0.4494 PER PCS),,,,,,,,,6000.0,KGS,253.1129567,1518677.74,3.040395876,18242.37526,556443.5,2023,7,KG,Unknown,,Steel,38400.0,0.4494,2075121.24,345.85354,Other,General,0.3663999842389209,No
INNSA1,2023-07-06,301049751,73239990,AM-06 STAINLESS STEEL BOTTLE 750ML SG805 (QTY:42804 NUM/USD1.039 PER NUM),,,,,,,,,6420.0,KGS,593.5016868,3810636.93,7.146317721,45883.64756,1396217.4,2023,7,KG,Unknown,750ML,Steel,42804.0,1.039,5206854.33,811.0365,Other,General,0.36640000757038793,No
INNSA1,2023-07-06,301049751,73239990,NP-20 STAINLESS STEEL SPORTS BOTTLE 750ML S-308-C6 (QTY:2844NUM/USD 1.025 PER NUM),,,,,,,,,505.0,KGS,494.0194422,249776.23,5.948458064,3007.540397,91517.9,2023,7,KG,Unknown,750ML,Steel,2844.0,1.025,341294.13,675.8299603960396,Other,General,0.3663995569154038,No
INNSA1,2023-07-04,301049751,73239990,STAINLESS STEEL COLA BOTTLE 750ML SK750 (SL-01) (QTY:6720 PCS /USD 1.18 PER PCS),,,,,,,,,1288.0,KGS,537.4207842,692197.97,6.471050983,8334.713666,253621.4,2023,7,KG,Unknown,750ML,Steel,6720.0,1.18,945819.37,734.3318090062112,Other,General,0.36640009215860603,No
INNSA1,2023-07-04,301049751,73239990,STAINLESS STEEL SPORTS BOTTLE 750ML S-308-C6 (NP-20) (QTY:32856 PCS /USD 1.04 PER PCS),,,,,,,,,5476.0,KGS,544.7078232,2982820.04,6.558793778,35915.95473,1092905.3,2023,7,KG,Unknown,750ML,Steel,32856.0,1.04,4075725.34,744.2887764791818,Other,General,0.36640001251969595,No
INNSA1,2023-07-03,301049751,73239990,STEEL TEA STRAINER (NP-55) (QTY: 100800 PCS / USD 0.2881 PERPCS),,,,,,,,,4620.0,KGS,556.244539,2569849.77,6.69770667,30943.40482,941593.0,2023,7,KG,Unknown,,Steel,100800.0,0.2881,3511442.77,760.0525476190476,Other,General,0.3664000172274662,No
INNSA1,2023-07-03,301049751,73239990,STEEL TEA STRAINER BIG (SB-12) (QTY: 35100 PCS / USD 1.0593PER PCS),,,,,,,,,8580.0,KGS,383.4800361,3290258.71,4.617459797,39617.80506,1205550.8,2023,7,KG,Unknown,,Steel,35100.0,1.0593,4495809.51,523.9871223776223,Other,General,0.3664000026307962,No
INNSA1,2023-06-30,301049751,73239990,STAINLESS STEEL BOTTLE 750ML SG805 (AM-06) (QTY:2520 PCS/USD1.0390 PER PCS),,,,,,,,,367.0,KGS,620.915483,228186.44,7.476405575,2747.579049,83607.5,2023,6,KG,Unknown,750ML,Steel,2520.0,1.039,311793.94,849.5747683923706,Other,General,0.36639994909425816,No
INNSA1,2023-06-30,301049751,73239990,STAINLESS STEEL SPORTS BOTTLE 750ML S-308-C6 (NP-20) (QTY:22356 PCS/USD 1.0250 PER PCS),,,,,,,,,3912.0,KGS,510.4575135,1997062.93,6.146387881,24046.51331,731723.9,2023,6,KG,Unknown,750ML,Steel,22356.0,1.025,2728786.83,697.5426457055215,Other,General,0.36640002125521404,No
INNSA1,2023-06-30,301049751,73239990,STAINLESS STEEL COLA BOTTLE 750ML SK750 (SL-01) (QTY:13368 PCS/USD 1.1888 PER PCS),,,,,,,,,2562.0,KGS,540.5501522,1384997.6,6.508731514,16676.67188,507463.2,2023,6,KG,Unknown,750ML,Steel,13368.0,1.1888,1892460.8,738.6654176424669,Other,General,0.3664000572997383,No
INNSA1,2023-06-30,301049751,73239990,STAINLESS STEEL SPORTS BOTTLE 650 ML S115 (NP-21) (QTY:45888PCS/USD 1.0395 PER PCS),,,,,,,,,7648.0,KGS,543.5626255,4157166.96,6.545004522,50056.19458,1523185.9,2023,6,KG,Unknown,650ML,Steel,45888.0,1.0395,5680352.859999999,742.7239618200836,Other,General,0.3663999821647769,No
INNSA1,2023-06-29,301049751,73239990,STAINLESS STEEL GRATER WITH HANDLE (KL324H-9S) (QTY: 59040 NOS /USD 0.640 PER NOS),,,,,,,,,9512.0,KGS,339.4799317,3229133.11,4.087657215,38881.79542,1183154.4,2023,6,KG,Unknown,,Steel,59040.0,0.64,4412287.51,463.8653816232128,Other,General,0.36640000882465945,No
INNSA1,2023-06-29,301049751,73239990,STAINLESS STEEL GRATER WITH HANDLE (KL326D-9S) (QTY: 37560 NOS /USD 0.935 PER NOS),,,,,,,,,8138.0,KGS,368.7900111,3001213.11,4.440578098,36137.42456,1099644.5,2023,6,KG,Unknown,,Steel,37560.0,0.935,4100857.61,503.91467313836324,Other,General,0.3664000054964441,No
INNSA1,2023-06-27,301049751,73239990,SS OIL POT 900ML (KWP-1000B) (QTY: 27000 PCS / USD 1.47 PERPCS),,,,,,,,,7315.0,KGS,462.913609,3386213.05,5.573914618,40773.18543,1240708.5,2023,6,KG,Unknown,900ML,General,27000.0,1.47,4626921.55,632.5251606288448,Other,General,0.3664000113637268,No
INNSA1,2023-06-21,301049751,73239990,RYX-02-020 MILD STEEL MULTI FUNCTION CLOTH STAND (QTY :2464NUM/CNY 103.00 PER NUM),,,,,,,,,8008.0,KGS,379.0137025,3035141.73,4.563680946,36545.95701,1112075.9,2023,6,KG,Unknown,,Steel,2464.0,,4147217.63,517.8843194305695,Other,General,0.36639999015795544,No
INNSA1,2023-06-20,301049751,73239990,STEEL DRAINER (AM-321) (QTY: 900 PCS / USD 0.7779 PER PCS),,,,,,,,,125.0,KGS,488.52392,61065.49,5.882286815,735.2858519,22374.4,2023,6,KG,Unknown,,Steel,900.0,0.7779,83439.89,667.51912,Other,General,0.3664000731018453,No
INNSA1,2023-06-20,301049751,73239990,STEEL TEA STRAINER (NP-55) (QTY: 7848 PCS / USD 0.2885 PER PCS),,,,,,,,,359.0,KGS,549.0277731,197485.29,6.610810032,2377.908368,72358.7,2023,6,KG,Unknown,,Steel,7848.0,0.2885,269843.99,751.6545682451253,Other,General,0.36640045443384667,No
INNSA1,2023-06-20,301049751,73239990,STEEL KITCHEN BASKET (AM-322) (QTY: 480 PCS / USD 1.3437 PERPCS),,,,,,,,,132.0,KGS,426.1886364,56256.9,5.131711455,677.3859121,20612.5,2023,6,KG,Unknown,,Steel,480.0,1.3437,76869.4,582.3439393939393,Other,General,0.3663994994391799,No
INNSA1,2023-06-17,301049751,73239990,STAINLESS STEEL SPORTS BOTTLE (KWB-600F) (QTY: 50400 PCS /USD 0.94 PER PCS),,,,,,,,,7800.0,KGS,515.9830064,4024667.45,6.212920005,48460.77604,1474638.1,2023,6,KG,Unknown,,Steel,50400.0,0.94,5499305.550000001,705.0391730769231,Other,General,0.36639998666225204,No
INNSA1,2023-06-17,301049751,73239990,STAINLESS STEEL SPORTS BOTTLE 750ML SG-702 (SB-01) (QTY: 30024 PCS / USD 1.090 PER PCS),,,,,,,,,5004.0,KGS,565.9790568,2832159.2,6.814919407,34101.85671,1037703.1,2023,6,KG,Unknown,750ML,Steel,30024.0,1.09,3869862.3000000003,773.3537769784173,Other,General,0.3663999890966581,No
INNSA1,2023-06-17,301049751,73239990,STAINLESS STEELSPORTS BOTTLE 650ML S115 (NP-21) (QTY: 11340PCS / USD 1.040 PER PCS),,,,,,,,,1984.0,KGS,514.3016226,1020631.57,6.192674564,12289.36267,373959.4,2023,6,KG,Unknown,650ML,Steel,11340.0,1.04,1394590.97,702.9188356854838,Other,General,0.3663999928985148,No
INNSA1,2023-06-17,301049751,73239990,STAINLESS STEEL COLA BOTTLE 750ML SK750 (SL-01) (QTY: 3960 PCS / USD 1.195 PER PCS),,,,,,,,,759.0,KGS,539.5652306,409530.01,6.496872132,4931.125948,150051.8,2023,6,KG,Unknown,750ML,Steel,3960.0,1.195,559581.81,737.2619367588934,Other,General,0.3664000105877466,No
INNSA1,2023-06-14,301049751,73239990,STAINLESS STEELSPORTS BOTTLE 650ML S115 (NP-21) (QTY: 20340PCS / USD 1.040 PER PCS),,,,,,,,,3616.0,KGS,509.0275664,1840643.68,6.103448038,22070.06811,674411.8,2023,6,KG,Unknown,650ML,Steel,20340.0,1.04,2515055.48,695.5352544247787,Other,General,0.3663999759040816,No
INNSA1,2023-06-14,301049751,73239990,STAINLESS STEEL COLA BOTTLE 750ML SK750 (SL-01) (QTY: 21216PCS / USD 1.195 PER PCS),,,,,,,,,4066.0,KGS,542.5087891,2206057.74,6.504901548,26451.53165,808299.6,2023,6,KG,Unknown,750ML,Steel,21216.0,1.195,3014357.3400000003,741.3569454008855,Other,General,0.36640001997409183,No
INNSA1,2023-06-13,301049751,73231000,STEEL SCRUBBER 2PCS SET (ITEM NO: 8001-2) (QTY: 168120 SETS& 0.16 USD PER SET),,,,,,,,,4903.0,KGS,466.9197226,2289307.4,5.598557825,27449.72902,1006379.5,2023,6,KG,Unknown,,Steel,168120.0,,3295686.9,672.1776259433,Other,General,0.4395999855676874,No
INNSA1,2023-06-12,301049751,73239990,NP-20 STAINLESS STEEL SPORTS BOTTLE 750 ML S-308-C6 (QTY:19656 NUM/USD 1.025 PER NUM),,,,,,,,,3221.0,KGS,541.0456106,1742924.33,6.487357441,20898.37326,638607.5,2023,6,KG,Unknown,750ML,Steel,19656.0,1.025,2381531.83,739.3765383421298,Other,General,0.36640001462369853,No
INNSA1,2023-06-12,301049751,73239990,SL-01 STAINLESS STEEL COLA BOTTLE 750ML SK750 (QTY:5376 NUM/USD 1.195 PER NUM),,,,,,,,,1030.0,KGS,539.3626747,555759.3,6.467178354,6663.780576,203630.3,2023,6,KG,Unknown,750ML,Steel,5376.0,1.195,759389.6000000001,737.2714563106797,Other,General,0.36640016640297335,No
INNSA1,2023-06-12,301049751,73239990,NP-21 STAINLESS STEEL SPORTS BOTTLE 650ML S115 (QTY: 16992 NUM USD 1.040 PER NUM),,,,,,,,,2973.0,KGS,514.1085452,1528753.17,6.164371046,18330.37374,560135.2,2023,6,KG,Unknown,650ML,Steel,16992.0,1.04,2088888.3699999999,702.6197006390851,Other,General,0.3664000251917711,No
INNSA1,2023-06-09,301049751,73239990,STAINLESS STEEL SPORTS BOTTLE 750ML S-308-C6 (NP-20) (QTY: 15840 PCS / USD 1.0245 PER PCS),,,,,,,,,2816.0,KGS,498.4211328,1403553.91,5.976272576,16829.18357,514262.2,2023,6,KG,Unknown,750ML,Steel,15840.0,1.0245,1917816.1099999999,681.0426526988635,Other,General,0.36640003375431446,No
INNSA1,2023-06-09,301049751,73239990,STAINLESS STEEL BOTTLE 750ML SG805 (AM-06) (QTY: 3276 PCS /USD 1.0390 PER PCS),,,,,,,,,491.0,KGS,599.0813594,294388.58,7.183229729,3529.839089,107864.0,2023,6,KG,Unknown,750ML,Steel,3276.0,1.039,402252.58,819.2516904276986,Other,General,0.36640008250320033,No
INNSA1,2023-06-09,301049751,73239990,AM-253 STEEL KITCHEN TURNER (QTY:20160 PCS/ USD 0.5305 PER PCS),,,,,,,,,1960.0,KGS,474.5611224,930139.8,5.690181324,11152.7554,340803.3,2023,6,KG,Unknown,,Steel,20160.0,0.5305,1270943.1,648.4403571428572,Other,General,0.36640008308428473,No
INNSA1,2023-06-09,301049751,73239990,STAINLESS STEEL SPORTS BOTTLE 750ML SG-702 (SB-01) (QTY: 3096 PCS / USD 1.1100 PER PCS),,,,,,,,,490.0,KGS,606.3349449,297225.39,7.270203177,3563.853597,108903.4,2023,6,KG,Unknown,750ML,Steel,3096.0,1.11,406128.79000000004,828.8342653061226,Other,General,0.3664000575455549,No
INNSA1,2023-06-09,301049751,73239990,STAINLESS STEELSPORTS BOTTLE 650ML S115 (NP-21) (QTY: 20664PCS / USD 1.0400 PER PCS),,,,,,,,,3673.0,KGS,505.9619556,1858701.84,6.066690115,22286.59281,681028.4,2023,6,KG,Unknown,650ML,Steel,20664.0,1.04,2539730.24,691.4593629185952,Other,General,0.36640002465376587,No
INNSA1,2023-06-06,301049751,73239990,STEEL SALT BOTTLE (NP-19) (QTY:60672 PCS /USD 0.4584 PER PCS),,,,,,,,,9480.0,KGS,257.4740612,2440854.1,3.087218959,29266.83573,894328.9,2023,6,KG,Unknown,,Steel,60672.0,0.4584,3335183.0,351.81255274261605,Other,General,0.3663999826945822,No
INNSA1,2023-06-06,301049751,73239990,STAINLESS STEEL GRATER WITH HANDLE (DS-25) (QTY:75000 PCS /USD 0.2120 PER PCS),,,,,,,,,2500.0,KGS,558.16958,1395423.95,6.692680815,16731.70204,511283.4,2023,6,KG,Unknown,,Steel,75000.0,0.212,1906707.35,762.68294,Other,General,0.36640004638017,No
INNSA1,2023-06-06,301049751,73239990,STEEL SPRINKLER (AM-430) (QTY:960 PCS /USD 0.6160 PER PCS),,,,,,,,,180.0,KGS,288.3290556,51899.23,3.45718292,622.2929257,19015.9,2023,6,KG,Unknown,,Steel,960.0,0.616,70915.13,393.97294444444447,Other,General,0.36640042636470715,No
INNSA1,2023-06-02,301049751,73231000,STEEL SCRUBBER 6PCS SET (OKS-4156) (QTY:99000 SET /USD:0.255PER SET),,,,,,,,,8624.0,KGS,249.2383453,2149650.82,2.988469369,25775.18969,944986.5,2023,6,KG,Unknown,,Steel,99000.0,,3094637.32,358.8401345083488,Other,General,0.4395999997804295,No
INNSA1,2023-06-01,301049751,73239990,STEEL LUNCH BOX SMALL (6587) (QTY:102000 PCS /USD 1.55 PER PCS),,,,,,,,,20697.0,KGS,642.2112405,13292167.15,7.709618733,159569.8337,4870250.0,2023,6,KG,Unknown,,Steel,102000.0,1.55,18162417.15,877.5386360342078,Other,General,0.3663999967078356,No
INNSA1,2023-06-01,301049751,73239990,STEEL RECTANGLE CONTAINER (6901) (QTY:55200 PCS /USD 0.94 PER PCS),,,,,,,,,8970.0,KGS,486.3382441,4362454.05,5.838394287,52370.39676,1598403.2,2023,6,KG,Unknown,,Steel,55200.0,0.94,5960857.25,664.5325808249721,Other,General,0.36640000827057423,No
INNSA1,2023-06-01,301049751,73239990,STEEL LUNCH BOX (6561) (QTY:21888 PCS /USD 2.50 PER PCS),,,,,,,,,8341.0,KGS,551.5086277,4600552.61,6.620751833,55228.72281,1685642.5,2023,6,KG,Unknown,,Steel,21888.0,2.5,6286195.11,753.6500551492627,Other,General,0.36640000515068555,No
INNSA1,2023-06-01,301049751,73239990,STEEL TEA STRAINER BIG (SB-12) (QTY:40800 PCS /USD 1.0838 PER PCS),,,,,,,,,9690.0,KGS,404.3782208,3918424.96,4.854480442,47039.91549,1435710.9,2023,6,KG,Unknown,,Steel,40800.0,1.0838,5354135.859999999,552.5424004127966,Other,General,0.3663999986361867,No
INNSA1,2023-06-01,301049751,73239990,STEEL TEA STRAINER (NP-55) (QTY:92952 PCS /USD 0.2947 PER PCS),,,,,,,,,4260.0,KGS,569.7717039,2427398.39,6.839996445,29140.43685,889398.8,2023,6,KG,Unknown,,Steel,92952.0,0.2947,3316797.1900000004,778.5908896713617,Other,General,0.3664000123193622,No
INNSA1,2023-06-01,301049751,73239990,STEEL RECTANGLE CONTAINER LARGE (6862) (QTY:1032 PCS /USD 1.50 PER PCS),,,,,,,,,258.0,KGS,504.4466279,130147.23,6.055781848,1562.391717,47685.9,2023,6,KG,Unknown,,Steel,1032.0,1.5,177833.13,689.2756976744187,Other,General,0.3663996536845233,No
INNSA1,2023-06-01,301049751,73239990,STEEL ROUND CONTAINER (6856) (QTY:51840 PCS /USD 0.60 PER PCS),,,,,,,,,4320.0,KGS,605.3359398,2615051.26,7.266938053,31393.17239,958154.8,2023,6,KG,Unknown,,Steel,51840.0,0.6,3573206.0599999996,827.1310324074074,Other,General,0.36640000701171727,No
INNSA1,2023-06-01,301049751,73239990,STEEL LUNCH BOX (6527) (QTY:51360 PCS /USD1.90 PER PCS),,,,,,,,,17890.0,KGS,458.5877957,8204319.1,5.505255651,98491.22569,3006062.5,2023,6,KG,Unknown,,Steel,51360.0,1.9,11210381.6,626.628373392957,Other,General,0.3663999977767808,No
INNSA1,2023-06-01,301049751,73239990,STEEL ROUND CONTAINER (6857) (QTY:28980 PCS /USD 0.76 PER PCS),,,,,,,,,3694.0,KGS,501.1495528,1851722.54,6.016201114,22229.5623,678471.2,2023,6,KG,Unknown,,Steel,28980.0,0.76,2530193.74,684.9468706009746,Other,General,0.36640003312807323,No
INNSA1,2023-06-01,301049751,73239990,STEEL RECTANGLE CONTAINER BIG (6578) (QTY:76800 PCS /USD 1.66 PER PCS),,,,,,,,,22688.0,KGS,472.4294742,10718479.91,5.671422259,128673.2282,3927251.1,2023,6,KG,Unknown,,Steel,76800.0,1.66,14645731.01,645.5276361953455,Other,General,0.3664000056888664,No
INNSA1,2023-05-29,301049751,73239990,STAINLESS STEEL SPORTS BOTTLE 750ML SG705-1 (BCLR-3) (QTY:23976 PCS /USD 1.117 PER PCS),,,,,,,,,3596.4,KGS,639.2194083,2298888.68,7.673702381,27597.70324,842312.8,2023,5,KG,Unknown,750ML,Steel,23976.0,1.117,3141201.4800000004,873.4293960627296,Other,General,0.36639999462696904,No
INNSA1,2023-05-29,301049751,73239990,MILD STEEL MULTI FUNCTION CLOTH STAND (ITEM NO: RYX-02-020)(QTY- 2464 PIECES & 103.00 CNY PER PIECE),,,,,,,,,8008.0,KGS,390.1400387,3124241.43,4.683553886,37505.89952,1144722.0,2023,5,KG,Unknown,,Steel,2464.0,,4268963.43,533.0873414085913,Other,General,0.3663999808107019,No
INNSA1,2023-05-29,301049751,73239990,STAINLESS STEEL SPORTS BOTTLE 750ML SG-702 (SB-01) (QTY:21888 PCS /USD 1.110 PER PCS),,,,,,,,,3465.6,KGS,601.7812904,2085533.24,7.224265191,25036.41345,764139.4,2023,5,KG,Unknown,750ML,Steel,21888.0,1.11,2849672.64,822.2739612188366,Other,General,0.36640001000415606,No
INNSA1,2023-05-20,301049751,73239990,STEEL LUNCH BOX (6527) (QTY:25680 NOS /USD 1.90 PER NOS),,,,,,,,,8945.2,KGS,458.0033683,4096931.73,5.498239715,49182.8539,1501115.7,2023,5,KG,Unknown,,Steel,25680.0,1.9,5598047.43,625.8157928274381,Other,General,0.3663999790399241,No
INNSA1,2023-05-20,301049751,73239990,STEEL RECTANGLE CONTAINER BIG (6578) (QTY:38400 NOS /USD1.66 PER NOS),,,,,,,,,11344.0,KGS,471.8274066,5352410.1,5.664194557,64254.62305,1961123.0,2023,5,KG,Unknown,,Steel,38400.0,1.66,7313533.1,644.7049629760226,Other,General,0.36639998867052437,No
INNSA1,2023-05-20,301049751,73239990,STEEL LUNCH BOX (6561) (QTY:21312 NOS /USD 2.50 PER NOS),,,,,,,,,8122.24,KGS,550.8057814,4473776.75,6.612314303,53706.80372,1639191.8,2023,5,KG,Unknown,,Steel,21312.0,2.5,6112968.55,752.6210195709558,Other,General,0.3663999997317703,No
INNSA1,2023-05-20,301049751,73239990,STEEL RECTANGLE CONTAINER (6901) (QTY:55200 NOS /USD 0.94PER NOS),,,,,,,,,8970.0,KGS,485.7184515,4356894.51,5.8309538,52303.65558,1596366.2,2023,5,KG,Unknown,,Steel,55200.0,0.94,5953260.71,663.6856978818283,Other,General,0.36640001182860865,No
INNSA1,2023-05-20,301049751,73239990,STEEL RECTANGLE CONTAINER LARGE (6862) (QTY:47040 NOS /USD 1.50 PER NOS),,,,,,,,,11760.0,KGS,503.8037466,5924732.06,6.048064185,71125.23481,2170821.8,2023,5,KG,Unknown,,Steel,47040.0,1.5,8095553.859999999,688.3974370748299,Other,General,0.36639999547928925,No
INNSA1,2023-05-19,301049751,73239990,STAINLESS STEEL SPORTS BOTTLE 500ML S116-500 (AM-314) (QTY:720 PCS /USD 0.985 PER PCS),,,,,,,,,86.0,KGS,708.3077907,60914.47,8.503094726,731.2661465,22319.1,2023,5,KG,Unknown,500ML,Steel,720.0,0.985,83233.57,967.8322093023256,Other,General,0.3664006269774653,No
INNSA1,2023-05-19,301049751,73239990,STAINLESS STEEL SPORTS BOTTLE 800ML (AM-394) (QTY: 600 PCS /USD 1.285 PER PCS),,,,,,,,,126.0,KGS,525.5760317,66222.58,6.309436155,794.9889556,24264.0,2023,5,KG,Unknown,800ML,Steel,600.0,1.285,90486.58,718.1474603174603,Other,General,0.3664007050163252,No
INNSA1,2023-05-19,301049751,73239990,STAINLESS STEEL SPORTS BOTTLE 650ML S115 (NP-21) (QTY:7956 PCS /USD 1.040 PER PCS),,,,,,,,,1392.3,KGS,510.4427566,710689.45,6.127764185,8531.686074,260396.6,2023,5,KG,Unknown,650ML,Steel,7956.0,1.04,971086.0499999999,697.4689722042663,Other,General,0.3663999796254187,No
INNSA1,2023-05-19,301049751,73239990,STAINLESS STEEL SPORTS BOTTLE 1.5L (AM-398) (QTY:360 PCS /USD 1.760 PER PCS),,,,,,,,,98.0,KGS,555.3168367,54421.05,6.666468628,653.3139256,19939.8,2023,5,KG,Unknown,1.5L,Steel,360.0,1.76,74360.85,758.7841836734694,Other,General,0.36639866375235314,No
INNSA1,2023-05-19,301049751,73239990,STAINLESS STEEL SPORTS BOTTLE 750ML (AM-392) (QTY:600 PCS /USD 1.260 PER PCS),,,,,,,,,126.0,KGS,515.350873,64934.21,6.18668515,779.5223289,23791.9,2023,5,KG,Unknown,750ML,Steel,600.0,1.26,88726.11,704.1754761904762,Other,General,0.36640008402350627,No
INNSA1,2023-05-19,301049751,73239990,STAINLESS STEEL SPORTS BOTTLE 700ML S119-136 (AM-315) (QTY:720 PCS /USD 1.275 PER PCS),,,,,,,,,130.0,KGS,606.5283077,78848.68,7.281252193,946.5627851,28890.2,2023,5,KG,Unknown,700ML,Steel,720.0,1.275,107738.87999999999,828.7606153846153,Other,General,0.3664005535666546,No
INNSA1,2023-05-19,301049751,73239990,STAINLESS STEEL SPORTS BOTTLE 750ML (AM-393) (QTY 600 PCS /USD 1.295 PER PCS),,,,,,,,,120.0,KGS,556.1495,66737.94,6.676464586,801.1757503,24452.8,2023,5,KG,Unknown,750ML,Steel,600.0,1.295,91190.74,759.9228333333334,Other,General,0.36640028145909204,No
INNSA1,2023-05-19,301049751,73239990,STAINLESS STEEL SPORTS BOTTLE 750ML SG705-1 (BCLR-3) (QTY:18180 PCS /USD 1.117 PER PCS),,,,,,,,,2727.0,KGS,639.6076384,1744210.03,7.678363006,20938.89592,639078.6,2023,5,KG,Unknown,750ML,Steel,18180.0,1.117,2383288.63,873.9598936560322,Other,General,0.3664000258042318,No
INNSA1,2023-05-19,301049751,73239990,STAINLESS STEEL BOTTLE 750ML SG805 (AM-06) (QTY:14436 PCS /USD 1.039 PER PCS),,,,,,,,,2165.4,KGS,594.943724,1288291.14,7.142181561,15465.67995,472029.8,2023,5,KG,Unknown,750ML,Steel,14436.0,1.039,1760320.94,812.9310704719682,Other,General,0.3663999427955392,No
INNSA1,2023-05-15,301049751,73239990,STAINLESS STEEL GRATER WITH HANDLE (DS-25) (QTY: 51300 PCS/ USD : 0.215 PER PCS),,,,,,,,,3420.0,KGS,277.2848655,948314.24,3.356959631,11480.80194,347462.3,2023,5,KG,Unknown,,Steel,51300.0,,1295776.54,378.8820292397661,Other,General,0.36639996041818373,No
INNSA1,2023-05-10,301049751,73239990,STAINLESS STEEL BOTTLE 750ML SG805 (AM-06) (QTY:19116 NOS /USD 1.0390 PER NOS),,,,,,,,,2867.4,KGS,589.9051719,1691494.09,7.141709103,20478.13668,619763.4,2023,5,KG,Unknown,750ML,Steel,19116.0,1.039,2311257.49,806.0464148706145,Other,General,0.3663999795588999,No
INNSA1,2023-05-10,301049751,73239990,STAINLESS STEEL SPORTS BOTTLE 750ML S-308-C6 (NP-20) (QTY:29916 NOS /USD 1.0281 PER NOS),,,,,,,,,4986.0,KGS,525.3450321,2619370.33,6.360109347,31711.50521,959737.3,2023,5,KG,Unknown,750ML,Steel,29916.0,1.0281,3579107.63,717.8314540713999,Other,General,0.36640000423307845,No
INNSA1,2023-05-10,301049751,73239990,STAINLESS STEEL SPORTS BOTTLE 650ML S115 (NP-21) (QTY:15120NOS /USD 1.0376 PER NOS),,,,,,,,,2688.0,KGS,497.0618564,1336102.27,6.017698019,16175.57228,489547.9,2023,5,KG,Unknown,650ML,Steel,15120.0,1.0376,1825650.17,679.1853311011904,Other,General,0.3664000211600569,No
INNSA1,2023-05-10,301049751,73239990,STAINLESS STEEL SPORTS BOTTLE 750ML SG-702 (SB-01) (QTY:23436 NOS /USD 1.1090 PER NOS),,,,,,,,,3710.7,KGS,596.50916,2213466.54,7.221660533,26797.41574,811014.1,2023,5,KG,Unknown,750ML,Steel,23436.0,1.109,3024480.64,815.0701053709544,Other,General,0.3663999818131427,No
INNSA1,2023-05-04,301049751,73239990,STEEL SALT BOTTLE (NP-19) (QTY: 13728 PCS / USD : 0.4678 PERPCS),,,,,,,,,2145.0,KGS,260.1741399,558073.53,3.12897342,6711.647986,204478.2,2023,5,KG,Unknown,,Steel,13728.0,,762551.73,355.50197202797204,Other,General,0.36640010501841935,No
INNSA1,2023-04-28,301049751,73239990,STAINLESS STEEL COLA BOTTLE 750ML SK750 (SL-01) (QTY:21240 NOS /USD 1.1800 PER NOS),,,,,,,,,4248.0,KGS,505.4971234,2147351.78,6.079340028,25825.03644,786789.7,2023,4,KG,Unknown,750ML,Steel,21240.0,1.18,2934141.4799999995,690.7112711864405,Other,General,0.36640000363610664,No
INNSA1,2023-04-28,301049751,73239990,STAINLESS STEEL SPORTS BOTTLE 750ML S-308-C6 (NP-20) (QTY:14328 NOS /USD 1.050 PER NOS),,,,,,,,,2547.2,KGS,506.5329578,1290240.75,6.091797447,15517.02646,472744.3,2023,4,KG,Unknown,750ML,Steel,14328.0,1.05,1762985.05,692.1266684987438,Other,General,0.3664000691343844,No
INNSA1,2023-04-28,301049751,73239990,STAINLESS STEEL SPORTS BOTTLE 750ML SG902 (WB-750) (QTY:10080 NOS /USD 1.2450 PER NOS),,,,,,,,,1764.0,KGS,609.5340873,1075218.13,7.330536227,12931.0659,393959.9,2023,4,KG,Unknown,750ML,Steel,10080.0,1.245,1469178.0299999998,832.8673639455781,Other,General,0.36639997876523905,No
INNSA1,2023-04-28,301049751,73239990,STAINLESS STEEL COLA BOTTLE 750ML SK750 (SL-01) (QTY:17244 NOS /USD 1.180 PER NOS),,,,,,,,,3448.8,KGS,505.9969468,1745082.27,6.085351134,20987.15899,639398.1,2023,4,KG,Unknown,750ML,Steel,17244.0,1.18,2384480.37,691.3942153792624,Other,General,0.3663999749421556,No
INNSA1,2023-04-28,301049751,73239990,STAINLESS STEEL SPORTS BOTTLE 750ML SG-702 (SB-01) (QTY:10476 NOS /USD 1.094 PER NOS),,,,,,,,,1658.7,KGS,592.5713933,982898.17,7.126535096,11820.78376,360133.9,2023,4,KG,Unknown,750ML,Steel,10476.0,1.094,1343032.07,809.6895580876591,Other,General,0.3664000106949024,No
INNSA1,2023-04-28,301049751,73239990,STAINLESS STEEL BOTTLE 750ML SG805 (AM-06) (QTY:10980 NOS /USD 1.0448 PER NOS),,,,,,,,,1647.0,KGS,596.7719976,982883.48,7.177053489,11820.6071,360128.5,2023,4,KG,Unknown,750ML,Steel,10980.0,1.0448,1343011.98,815.4292531876139,Other,General,0.366399992804844,No
INNSA1,2023-04-27,301049751,73239990,2628 HOUSEHOLD STEEL HOOK 3 PCS SET (QTY : 648 NUM/USD 0.421PER NUM),,,,,,,,,21.96,KGS,1045.211749,22952.85,12.57019541,276.0414913,8410.0,2023,4,KG,Unknown,,Steel,648.0,0.421,31362.85,1428.1807832422585,Other,General,0.36640330067943633,No
INNSA1,2023-04-27,301049751,73239990,2628 HOUSEHOLD STEEL HOOK 3 PCS SET (QTY : 167832 NUM/USD 0.421 PER NUM),,,,,,,,,5687.64,KGS,1043.414277,5934564.78,12.5485782,71371.79531,2174424.6,2023,4,KG,Unknown,,Steel,167832.0,0.421,8108989.380000001,1425.7212798278372,Other,General,0.36640001088672924,No
INNSA1,2023-04-26,301049751,73231000,STEEL SCRUBBER 2PCS SET ITEM NO: 8001-2) (168360 PCS & 0.16USD PER PIECE),,,,,,,,,4910.0,KGS,465.5069715,2285639.23,5.598400138,27488.14468,1004767.0,2023,4,KG,Unknown,,Steel,,,3290406.23,670.1438350305499,Other,General,0.4395999975901709,No
INNSA1,2023-04-24,301049751,73239990,STEEL MUFFIN PAN 6 PCS SET (AM-286) (QTY : 960 SET / USD : 0.526 PER SET ),,,,,,,,,186.0,KGS,236.2205376,43937.02,2.840896424,528.4067348,16098.5,2023,4,KG,Unknown,,Steel,960.0,,60035.52,322.7716129032258,Other,General,0.3663994508503308,No
INNSA1,2023-04-24,301049751,73239990,STEEL LEMON SQUEEZER (AM-217) (QTY :5040 PCS /USD:1.976 PERPCS),,,,,,,,,1470.0,KGS,589.4864966,866545.15,7.089434716,10421.46903,317502.1,2023,4,KG,Unknown,,Steel,5040.0,,1184047.25,805.4743197278912,Other,General,0.36639995042381807,No
INNSA1,2023-04-22,301049751,73239990,STEEL HANGER WITH HOOK (SL-89) (QTY:70056 PCS/1.11 USD PER PCS),,,,,,,,,15568.0,KGS,417.609526,6501345.1,5.022363511,78188.15514,2382092.8,2023,4,KG,Unknown,,Steel,70056.0,,8883437.899999999,570.6216533915724,Other,General,0.36639999313372856,No
INNSA1,2023-04-21,301049751,73239990,"STEEL ROUND CONTAINER (6856) (QTY: 1,680 PCS/ USD:0.60 PER PCS)",,,,,,,,,140.0,KGS,605.8141429,84813.98,7.285798471,1020.011786,31075.9,2023,4,KG,Unknown,,Steel,1.0,,115889.88,827.7848571428572,Other,General,0.3664006806425073,No
INNSA1,2023-04-21,301049751,73239990,STEEL RECTANGLE CONTAINER (6901) (QTY: 55896 PCS/ USD:0.94 PER PCS),,,,,,,,,9083.1,KGS,486.7224175,4420948.39,5.853546812,53168.35105,1619835.5,2023,4,KG,Unknown,,Steel,55896.0,,6040783.89,665.0575123030683,Other,General,0.3664000022402433,No
INNSA1,2023-04-21,301049751,73239990,STEEL LUNCH BOX SMALL (6587) (QTY: 51000 PCS/ USD:1.55 PER PCS),,,,,,,,,10348.75,KGS,642.7186259,6651334.38,7.729628694,79991.99495,2437049.0,2023,4,KG,Unknown,,Steel,51000.0,,9088383.379999999,878.2107384949873,Other,General,0.36640001250395715,No
INNSA1,2023-04-21,301049751,73239990,STEEL RECTANGLE CONTAINER LARGE (6862) (QTY: 432 PCS/ USD:1.50 PER PCS),,,,,,,,,108.0,KGS,504.8450926,54523.27,6.071498408,655.721828,19977.4,2023,4,KG,Unknown,,Steel,432.0,,74500.67,689.8210185185185,Other,General,0.3664013548710487,No
INNSA1,2023-04-19,301049751,73239990,"STAINLESS STEEL SPORTS BOTTLE 750ML S-308-C6 (NP-20) (QTY:24,552 NOS /USD 1.046 USD PER NOS)",,,,,,,,,4364.8,KGS,502.7282464,2194308.25,6.067932968,26485.31382,803994.6,2023,4,KG,Unknown,750ML,Steel,24.0,1.046,2998302.85,686.927889021261,Other,General,0.3664000260674406,No
INNSA1,2023-04-19,301049751,73239990,STAINLESS STEEL COLA BOTTLE 750ML SK750 (SL-01) (QTY:8784 NOS /USD 1.180 USD PER NOS),,,,,,,,,1756.8,KGS,504.1167065,885632.23,6.08469169,10689.58636,324495.6,2023,4,KG,Unknown,750ML,Steel,8784.0,1.18,1210127.83,688.8250398451731,Other,General,0.36639994459099573,No
INNSA1,2023-04-19,301049751,73239990,STAINLESS STEEL SPORTS BOTTLE (KWB-600F) (QTY :49920 PCS /USD:0.94 PER PCS),,,,,,,,,7750.0,KGS,507.35716,3932017.99,6.123803983,47459.48087,1440691.4,2023,4,KG,Unknown,,Steel,49920.0,,5372709.390000001,693.2528245161291,Other,General,0.3664000021525842,No
INNSA1,2023-04-19,301049751,73239990,STAINLESS STEELSPORTS BOTTLE 650ML S115 (NP-21) (QTY:30924 NOS /USD 1.036 USD PER NOS),,,,,,,,,5497.6,KGS,497.9219641,2737375.79,6.009921112,33040.14231,1002974.5,2023,4,KG,Unknown,650ML,Steel,30924.0,1.036,3740350.29,680.3605737048894,Other,General,0.3664000038518643,No
INNSA1,2023-04-19,301049751,73239990,STAINLESS STEEL SPORTS BOTTLE 750ML SG-702 (SB-01) (QTY:22644 NOS /USD 1.094 PER NOS),,,,,,,,,3396.6,KGS,623.1681358,2116652.89,7.52164316,25548.01316,775541.7,2023,4,KG,Unknown,750ML,Steel,22644.0,1.094,2892194.59,851.4969646116705,Other,General,0.3664000383170997,No
INNSA1,2023-04-15,301049751,73239990,STAINLESS STEEL BOTTLE 750ML SG805 (ITEM NO. AM-06),,,,,,,,,44352.0,NOS,91.92192979,4076921.43,1.109498247,49208.46626,1493784.0,2023,4,PCS,Unknown,750ML,Steel,,,5570705.43,125.60212459415584,Other,General,0.36639999706837617,No
INNSA1,2023-04-15,301049751,73239990,STAINLESS STEEL BOTTLE 750ML SD0900 (ITEM NO. AM-295),,,,,,,,,720.0,NOS,111.0580972,79961.83,1.340471904,965.1397707,29298.0,2023,4,PCS,Unknown,750ML,Steel,,,109259.83,151.74976388888888,Other,General,0.3663998185134082,No
INNSA1,2023-04-15,301049751,73239990,STAINLESS STEEL BOTTLE 750ML SG2318 (ITEM NO. AM-296),,,,,,,,,720.0,NOS,93.11794444,67044.92,1.123934151,809.232589,24565.3,2023,4,PCS,Unknown,750ML,Steel,,,91610.22,127.23641666666667,Other,General,0.3664006161838958,No
INNSA1,2023-04-14,301049751,73239990,STEEL TEA STRAINER (NP-55) (QTY:100800 PCS/USD 0.2982 PER PCS),,,,,,,,,4620.0,KGS,560.9598506,2591634.51,6.770788783,31281.04418,949574.9,2023,4,KG,Unknown,,Steel,100800.0,0.2982,3541209.4099999997,766.4955432900432,Other,General,0.3664000059946725,No
INNSA1,2023-04-14,301049751,73239990,STEEL SALT BOTTLE (NP-19) (QTY:36816 PCS/USD 0.4678 PER PCS),,,,,,,,,5752.5,KGS,258.1342807,1484917.45,3.115682326,17922.96258,544073.7,2023,4,KG,Unknown,,Steel,36816.0,0.4678,2028991.15,352.71467188179054,Other,General,0.36639996384984225,No
INNSA1,2023-04-14,301049751,73239990,STEEL TEA STRAINER BIG (SB-12) (QTY:20400 PCS/USD 1.0964 PERPCS),,,,,,,,,4845.0,KGS,398.0256367,1928434.21,4.804171838,23276.21255,706578.3,2023,4,KG,Unknown,,Steel,20400.0,1.0964,2635012.51,543.8622311661507,Other,General,0.36640000282923835,No
INNSA1,2023-04-11,301049751,73231000,SS410 SS SCRUBBER 3 PCS SET (QTY- 120720 SETS/USD 0.167 PERSETS),,,,,,,,,7746.2,KGS,224.7610583,1741044.11,2.71286733,21014.41291,765363.0,2023,4,KG,Unknown,,General,120720.0,0.167,2506407.1100000003,323.5660207585655,Other,General,0.43960000530945764,No
INNSA1,2023-04-08,301049751,73239990,STEEL KITCHEN TURNER (AM-253) ( QTY :20160 PCS/USD:0.550 PERPCS),,,,,,,,,1680.0,KGS,561.5426131,943391.59,6.777822729,11386.74218,345658.6,2023,4,KG,Unknown,,Steel,20160.0,,1289050.19,767.2917797619048,Other,General,0.36639991670903066,No
INNSA1,2023-04-08,301049751,73231000,"STEEL SCRUBBER 6PCS SET (OKS-4156) (QTY:99,000 SET /USD:0.255 PER SET)",,,,,,,,,8624.88,KGS,247.4989588,2134648.82,2.987313927,25765.22414,938391.7,2023,4,KG,Unknown,,Steel,99.0,,3073040.5199999996,356.2995102540557,Other,General,0.4396000368810079,No
INNSA1,2023-04-07,301049751,73239990,"STAINLESS STEEL GRATER WITH HANDLE (DS-25) (QTY: 51,000 PCS/ USD:0.2160 PER PCS)",,,,,,,,,1700.0,KGS,561.6112412,954739.11,6.77865107,11523.70682,349816.4,2023,4,KG,Unknown,,Steel,51.0,,1304555.51,767.3855941176471,Other,General,0.3663999896264855,No
INNSA1,2023-04-07,301049751,73239990,STEEL LEMON SQUEEZER (AM-217) (QTY: 5100 PCS / USD:1.9708 PER PCS),,,,,,,,,1487.5,KGS,585.6209008,871111.09,7.068447807,10514.31611,319175.1,2023,4,KG,Unknown,,Steel,5100.0,,1190286.19,800.1923966386554,Other,General,0.3663999961244897,No
INNSA1,2023-04-07,301049751,73239990,STEEL SALT BOTTLE (NP-19) (QTY: 8016 PCS /USD:0.4671 PER PCS),,,,,,,,,1252.5,KGS,259.0897246,324509.88,3.127214539,3916.83621,118900.5,2023,4,KG,Unknown,,Steel,8016.0,,443410.38,354.0202634730539,Other,General,0.3664002464270117,No
INNSA1,2023-04-06,301049751,73239990,RYX-02-020 MILD STEEL MULTI FUNCTION CLOTH STAND (QTY :2464NUM/CNY 103.00 PER NUM),,,,,,,,,8008.0,KGS,402.9086951,3226492.83,4.813723955,38548.30143,1182187.1,2023,4,KG,Unknown,,Steel,2464.0,,4408679.93,550.5344567932068,Other,General,0.366400039388899,No
INNSA1,2023-04-03,301049751,73239990,STAINLESS STEEL SPORTS BOTTLE 650ML S115 (NP-21) (QTY :9648PCS/USD:1.036 PER PCS),,,,,,,,,1715.2,KGS,503.2867945,863237.51,6.012984403,10313.47085,316290.3,2023,4,KG,Unknown,650ML,Steel,9648.0,,1179527.81,687.6911205690299,Other,General,0.36640008842989225,No
INNSA1,2023-04-03,301049751,73239990,KL324H-9S STAINLESS STEEL GRATER WITH HANDLE (MILD STEEL) (QTY - 59040 PCS/USD 0.655 PER PCS),,,,,,,,,9676.0,KGS,338.8665564,3278872.8,4.048584904,39174.10753,1201379.1,2023,4,KG,Unknown,,Steel,59040.0,0.655,4480251.9,463.0272736668045,Other,General,0.36640003235258173,No
INNSA1,2023-04-03,301049751,73239990,STAINLESS STEEL BOTTLE 750ML SG805 (AM-06) (QTY :20844 PCS/USD:1.036 PER PCS),,,,,,,,,3126.6,KGS,596.4878046,1864978.77,7.126497069,22281.70573,683328.3,2023,4,KG,Unknown,750ML,Steel,20844.0,,2548307.0700000003,815.0409614277492,Other,General,0.36640004218385824,No
INNSA1,2023-04-03,301049751,73239990,STAINLESS STEEL SPORTS BOTTLE 750ML S-308-C6 (NP-20) (QTY :38664 PCS/USD:1.014 PER PCS),,,,,,,,,6551.4,KGS,516.8254007,3385929.93,6.17473597,40453.16523,1240604.7,2023,4,KG,Unknown,750ML,Steel,38664.0,,4626534.63,706.1902234636872,Other,General,0.36639999221720454,No
INNSA1,2023-04-03,301049751,73239990,STAINLESS STEEL COLA BOTTLE 750ML SK750 (SL-01) (QTY :15120PCS/USD:1.180 PER PCS),,,,,,,,,3024.0,KGS,509.5481052,1540873.47,6.087790982,18409.47993,564576.1,2023,4,KG,Unknown,750ML,Steel,15120.0,,2105449.57,696.2465509259258,Other,General,0.3664000393231509,No
INNSA1,2023-03-21,301049751,73239990,STAINLESS STEEL SPORTS BOTTLE 650ML S115 (NP-21) (QTY :20196PCS/USD:1.036 PER PCS),,,,,,,,,3590.4,KGS,503.2221285,1806768.73,6.012211809,21586.24528,662000.0,2023,3,KG,Unknown,650ML,Steel,20196.0,,2468768.73,687.6026988636363,Other,General,0.36639996531266067,No
INNSA1,2023-03-21,301049751,73239990,STAINLESS STEEL BOTTLE 750ML SG805 (AM-06) (QTY :6732 PCS/USD:1.036 PER PCS),,,,,,,,,1009.8,KGS,596.4111705,602256.0,7.125581488,7195.412186,220666.6,2023,3,KG,Unknown,750ML,Steel,6732.0,,822922.6,814.9362249950485,Other,General,0.36640000265667755,No
INNSA1,2023-03-21,301049751,73239990,STAINLESS STEEL COLA BOTTLE 750ML SK750 (SL-01) (QTY :15228PCS/USD:1.180 PER PCS),,,,,,,,,3045.6,KGS,509.482634,1551680.31,6.087008769,18538.59391,568535.7,2023,3,KG,Unknown,750ML,Steel,15228.0,,2120216.01,696.1570823483057,Other,General,0.3664000221798264,No
INNSA1,2023-03-21,301049751,73231000,8001-2 STEEL SCRUBBER 2 PCS SET (QTY- 168000 SETS/USD 0.16 PER SETS),,,,,,,,,4900.0,KGS,469.088649,2298534.38,5.604404408,27461.5816,1010435.8,2023,3,KG,Unknown,,Steel,168000.0,0.16,3308970.1799999997,675.3000367346938,Other,General,0.4396000376552993,No
INNSA1,2023-03-17,301049751,73239990,STAINLESS STEEL BOTTLE 750ML SG805 (AM-06) (QTY :18504 PCS/USD:1.036 PER PCS),,,,,,,,,2775.6,KGS,596.1213792,1654594.5,7.122119225,19768.15412,606243.4,2023,3,KG,Unknown,750ML,Steel,18504.0,,2260837.9,814.540243550944,Other,General,0.36639998501143334,No
INNSA1,2023-03-17,301049751,73239990,"STAINLESS STEEL SPORTS BOTTLE 750ML SG-702 (SB-01) (QTY:12,924 PCS / USD:1.094 PER PCS)",,,,,,,,,2046.3,KGS,596.3639984,1220339.65,7.125017902,14579.92413,447132.4,2023,3,KG,Unknown,750ML,Steel,12.0,,1667472.0499999998,814.87174412354,Other,General,0.36639996086335475,No
INNSA1,2023-03-17,301049751,73239990,STAINLESS STEEL SPORTS BOTTLE 650ML S115 (NP-21) (QTY :14148PCS/USD:1.036 PER PCS),,,,,,,,,2515.2,KGS,502.9776201,1265089.31,6.009290562,15114.56762,463528.8,2023,3,KG,Unknown,650ML,Steel,14148.0,,1728618.11,687.2686506043258,Other,General,0.3664000607198238,No
INNSA1,2023-03-15,301049751,73239990,KWP-600B SS OIL POT 600 ML (QTY :39000 PCS/USD:1.21 PER PCS),,,,,,,,,6825.0,KGS,583.8795106,3984977.66,6.992568989,47724.28335,1460095.8,2023,3,KG,Unknown,600ML,General,39000.0,,5445073.46,797.8129611721612,Other,General,0.3663999963302178,No
INNSA1,2023-03-14,301049751,73239990,STEEL SALT BOTTLE (NP-19) (QTY:42432 PCS/USD 0.4670 PER PCS),,,,,,,,,7514.0,KGS,231.9864373,1743146.09,2.778280686,20876.00108,638688.7,2023,3,KG,Unknown,,Steel,42432.0,0.467,2381834.79,316.9862643066276,Other,General,0.3663999842950627,No
INNSA1,2023-03-11,301049751,73239990,AM-06 - STAINLESS STEEL BOTTLE 750ML SG805 (QTY:7884 NUM/USD1.0100 PER NUM),,,,,,,,,1182.6,KGS,581.5702943,687765.03,6.964913704,8236.706946,251997.1,2023,3,KG,Unknown,750ML,Steel,7884.0,1.01,939762.13,794.6576441738542,Other,General,0.3663999898337372,No
INNSA1,2023-03-11,301049751,73239990,NP-21 STAINLESS STEEL SPORTS BOTTLE 650ML S115 (QTY: 46116 NUM/USD 1.0102 PER NUM),,,,,,,,,8198.4,KGS,490.7971275,4023751.17,5.87780991,48188.63677,1474302.4,2023,3,KG,Unknown,650ML,Steel,46116.0,1.0102,5498053.57,670.6251915007807,Other,General,0.3663999928703345,No
INNSA1,2023-03-11,301049751,73239990,NP-20 STAINLESS STEEL SPORTS BOTTLE 750ML S-308-C6 (QTY:30672 NUM/USD 0.9880 PER NUM),,,,,,,,,5452.8,KGS,480.0115317,2617406.88,5.748641098,31346.19018,959017.9,2023,3,KG,Unknown,750ML,Steel,30672.0,0.988,3576424.78,655.8877604166667,Other,General,0.3664000073232787,No
INNSA1,2023-03-04,301049751,73239990,STEEL LUNCH BOX 2 LAYER (8504) (QTY:22080 PCS / USD 2.48 PERPCS),,,,,,,,,10561.6,KGS,440.0480107,4647611.07,5.270036057,55660.01281,1702884.7,2023,3,KG,Unknown,2L,Steel,22080.0,2.48,6350495.7700000005,601.2816022193607,Other,General,0.3664000008503293,No
INNSA1,2023-03-04,301049751,73239990,STEEL RECTANGLE CONTAINER BIG (6578) (QTY:38400 PCS/ USD 1.66 PER PCS),,,,,,,,,11344.0,KGS,476.9272373,5410262.58,5.711703441,64793.56383,1982320.2,2023,3,KG,Unknown,,Steel,38400.0,1.66,7392582.78,651.6733762341325,Other,General,0.3663999982788266,No
INNSA1,2023-03-04,301049751,73239990,STEEL LUNCH BOX 3 LAYER (8505) (QTY:16800 PCS /USD 3.45 PERPCS),,,,,,,,,10892.0,KGS,451.6476873,4919346.61,5.408954339,58914.33066,1802448.5,2023,3,KG,Unknown,3L,Steel,16800.0,3.45,6721795.11,617.1313909291223,Other,General,0.36639998009817,No
INNSA1,2023-03-04,301049751,73239990,STEEL ROUND CONTAINER (6856) (QTY:125760 PCS /US 0.60 PER PCS),,,,,,,,,10480.0,KGS,611.0989303,6404316.79,7.318550064,76698.40467,2346541.7,2023,3,KG,Unknown,,Steel,125760.0,,8750858.49,835.0055811068703,Other,General,0.3664000043945359,No
INNSA1,2023-03-01,301049751,73239990,RYX-02-020 MILD STEEL MULTI FUNCTION CLOTH STAND (QTY :2464NUM /CNY 103.0 PER NUM),,,,,,,,,8008.0,KGS,407.1283754,3260284.03,4.867045731,38975.30221,1194568.1,2023,3,KG,Unknown,,Steel,2464.0,,4454852.13,556.300216033966,Other,General,0.36640000963351654,No
INNSA1,2023-03-01,301049751,73239990,KL326D-9S STAINLESS STEEL GRATER WITH HANDLE (MILD STEEL) (QTY - 37560 NUM/USD 0.95 PER NUM),,,,,,,,,8607.5,KGS,352.4233959,3033484.38,4.21307108,36264.00932,1111468.7,2023,3,KG,Unknown,,Steel,37560.0,0.95,4144953.08,481.5513308161487,Other,General,0.36640000763742187,No
INNSA1,2023-03-01,301049751,73239990,KL324H-9S STAINLESS STEEL GRATER WITH HANDLE (MILD STEEL) (QTY - 59040 PCS/USD 0.655 PER PCS),,,,,,,,,9676.0,KGS,339.3530891,3283580.49,4.056821149,39253.80143,1203103.9,2023,3,KG,Unknown,,Steel,59040.0,0.655,4486684.390000001,463.69206180239775,Other,General,0.3664000025776739,No
INNSA1,2023-02-10,301049751,73231000,SS410 SS SCRUBBER 3 PCS SET (QTY- 118680 SET/ USD 0.167 PERSET),,,,,,,,,7615.3,KGS,225.4696558,1717019.07,2.724708832,20749.47517,754801.6,2023,2,KG,Unknown,,General,118680.0,0.167,2471820.67,324.5861187346526,Other,General,0.4396000098007065,No
INNSA1,2023-02-02,301049751,73239990,KWB-600F STAINLESS STEEL SPORTS BOTTLE (QTY.50400 PCS/USD 0.94 PER PCS),,,,,,,,,7875.0,KGS,502.0332444,3953511.8,6.100039422,48037.81045,1448566.7,2023,2,KG,Unknown,,Steel,,0.94,5402078.5,685.9782222222223,Other,General,0.36639999405085877,No
INNSA1,2023-01-31,301049751,73239990,KL324H-9S STAINLESS STEEL GRATER WITH HANDLE (QTY 59040 PCS/USD 0.655 PER PCS),,,,,,,,,9676.0,KGS,334.404105,3235694.12,4.063233354,39315.84593,1185558.3,2023,1,KG,Unknown,,Steel,59040.0,0.655,4421252.42,456.9297664324101,Other,General,0.3663999920981406,No
INNSA1,2023-01-24,301049751,73239990,SB-01 STAINLESS STEEL SPORTS BOTTLE 750ML SG-702 (QTY: 36540NUM/USD 1.066 PER NUM),,,,,,,,,5785.5,KGS,573.3275274,3316986.41,6.966312606,40303.60158,1215343.8,2023,1,KG,Unknown,750ML,Steel,36540.0,1.066,4532330.21,783.3947299282689,Other,General,0.366399993782308,No
INNSA1,2023-01-24,301049751,73239990,NP-20 STAINLESS STEEL SPORTS BOTTLE 750ML S-308-C6 (QTY:3780NUM USD 0.988 PER NUM),,,,,,,,,672.0,KGS,473.2573661,318028.95,5.750393269,3864.264277,116525.8,2023,1,KG,Unknown,750ML,Steel,3780.0,0.988,434554.75,646.6588541666666,Other,General,0.3663999771090022,No
INNSA1,2023-01-24,301049751,73239990,AM-06 STAINLESS STEEL BOTTLE 750ML SG805 (QTY:5616 NUM USD1.010 PER NUM),,,,,,,,,842.4,KGS,573.387227,483021.4,6.967037995,5869.032807,176979.0,2023,1,KG,Unknown,750ML,Steel,5616.0,1.01,660000.4,783.4762583095917,Other,General,0.3663999152004445,No
INNSA1,2023-01-24,301049751,73239990,KWP-1000B SS OIL POT 900ML(QTY: 26508 PCS/USD 1.50 PER PCS),,,,,,,,,6850.0,KGS,486.241981,3330757.57,5.908165018,40470.93038,1220389.6,2023,1,KG,Unknown,900ML,General,26508.0,1.5,4551147.17,664.4010467153284,Other,General,0.3664000079117137,No
INNSA1,2023-01-20,301049751,73239990,6862 STEEL RECTANGLE CONTAINER LARGE (QTY:45576 PCS USD 1.50 PER PCS),,,,,,,,,45576.0,NOS,125.617523,5725144.23,1.526336853,69564.32843,2097692.8,2023,1,PCS,Unknown,,Steel,45576.0,1.5,7822837.03,171.64378247323154,Other,General,0.36639999198762535,No
INNSA1,2023-01-20,301049751,73239990,6581 STEEL ROUND CONTAINER MEDIUM (QTY 88800 PCS USD 0.92 PER PCS),,,,,,,,,88800.0,NOS,77.04541408,6841632.77,0.936153269,83130.41033,2506774.3,2023,1,PCS,Unknown,,Steel,88800.0,0.92,9348407.07,105.27485439189189,Other,General,0.3664000077572126,No
INNSA1,2023-01-20,301049751,73239990,6901 STEEL RECTANGLE CONTAINER (QTY:55200 PCS USD 0.97 PERPCS),,,,,,,,,55200.0,NOS,81.23266486,4484043.1,0.987031165,54484.12029,1642953.4,2023,1,PCS,Unknown,,Steel,55200.0,0.97,6126996.5,110.9963134057971,Other,General,0.36640000181978627,No
INNSA1,2023-01-20,301049751,73239990,6857 STEEL ROUND CONTAINER (QTY:70560 PCS USD 0.76 PER PCS),,,,,,,,,70560.0,NOS,63.64621173,4490876.7,0.773344006,54567.1531,1645457.2,2023,1,PCS,Unknown,,Steel,70560.0,0.76,6136333.9,86.96618339002268,Other,General,0.3663999949052264,No
INNSA1,2023-01-20,301049751,73239990,6527 STEEL LUNCH BOX (QTY:25680 PCS USD 1.90 PER PCS),,,,,,,,,25680.0,NOS,159.1155292,4086086.79,1.933360015,49648.68518,1497142.2,2023,1,PCS,Unknown,,Steel,25680.0,1.9,5583228.99,217.41545911214953,Other,General,0.36640000003524154,No
INNSA1,2023-01-20,301049751,73239990,8505 STEEL LUNCH BOX 3 LAYER (QTY:16800 PCS USD 3.45 PERPCS),,,,,,,,,16800.0,NOS,288.920303,4853861.09,3.510574763,58977.65601,1778454.7,2023,1,PCS,Unknown,3L,Steel,16800.0,3.45,6632315.79,394.7807017857143,Other,General,0.36639999930447126,No
INNSA1,2023-01-18,301049751,73239990,NP-55 STEEL TEA STRAINER (QTY:151200 PCS/USD 0.2973 PER PCS),,,,,,,,,6930.0,KGS,567.9730346,3936053.13,6.785818813,47025.72437,1442169.9,2023,1,KG,Unknown,,Steel,151200.0,0.2973,5378223.029999999,776.0783593073592,Other,General,0.3664000084267155,No
INNSA1,2023-01-18,301049751,73239990,SB-12 STEEL TEA STRAINER BIG (QTY:2256 PCS/USD 1.0930 PER PCS),,,,,,,,,535.8,KGS,402.9685704,215910.56,4.814439311,2579.576583,79109.6,2023,1,KG,Unknown,,Steel,2256.0,1.093,295020.16000000003,550.6162000746548,Other,General,0.36639986483291975,No
INNSA1,2023-01-09,301049751,73239990,SB-12 STEEL TEA STRAINER BIG (QTY:48144 PCS USD 1.097 PER PCS),,,,,,,,,11434.2,KGS,417.0152551,4768235.83,4.982261112,56968.17001,1747081.6,2023,1,KG,Unknown,,Steel,48144.0,1.097,6515317.43,569.8096438753913,Other,General,0.36639999829874187,No
INNSA1,2023-01-09,301049751,73239990,KWB-600F STAINLESS STEEL SPORTS BOTTLE (QTY.50400 PCS/USD 0.96 PER PCS),,,,,,,,,7875.0,KGS,522.3504508,4113509.8,6.240746127,49145.87575,1507190.0,2023,1,KG,Unknown,,Steel,,0.96,5620699.8,713.7396571428571,Other,General,0.366400002255981,No
INNSA1,2023-01-07,301049751,73239990,DS-25 STAINLESS STEEL GRATER WITH HANDLE-(QTY:75000 PCS USD0.213PER PCS),,,,,,,,,2500.0,KGS,559.0221,1397555.25,6.678878136,16697.19534,512064.2,2023,1,KG,Unknown,,Steel,75000.0,0.213,1909619.45,763.84778,Other,General,0.3663999688026645,No
INNSA1,2022-12-31,301049751,73231000,SS410-A SS SCRUBBER 3 PCS SET (QTY- 112320 SET/ USD 0.170 PER SET),,,,,,,,,7207.2,KGS,231.5006521,1668471.5,2.770803736,19969.73668,733460.0,2022,12,KG,Unknown,,General,112320.0,0.17,2401931.5,333.2683288933289,Other,General,0.43959995720634126,No
INNSA1,2022-12-31,301049751,73239990,SB-01 STAINLESS STEEL SPORTS BOTTLE 750ML SG-702 (QTY: 12996NUM USD 1.066 PER NUM),,,,,,,,,2057.7,KGS,583.6131943,1200900.87,6.98519682,14373.4395,440010.1,2022,12,KG,Unknown,750ML,Steel,12996.0,1.066,1640910.9700000002,797.4490790688635,Other,General,0.3664000176800604,No
INNSA1,2022-12-31,301049751,73239990,NP-20 STAINLESS STEEL SPORTS BOTTLE 750ML S-308-C6 (QTY: 29952 NUM USD 0.988 PER NUM),,,,,,,,,5075.2,KGS,505.4401423,2565209.81,6.04955287,30702.69072,939892.9,2022,12,KG,Unknown,750ML,Steel,29952.0,0.988,3505102.71,690.6334154319042,Other,General,0.3664000099859278,No
INNSA1,2022-12-31,301049751,73239990,KWB-600F STAINLESS STEEL SPORTS BOTTLE (QTY.50400 PCS/USD 0.96 PER PCS),,,,,,,,,7875.0,KGS,521.4145651,4106139.7,6.240748834,49145.89707,1504489.6,2022,12,KG,Unknown,,Steel,,0.96,5610629.300000001,712.4608634920636,Other,General,0.3664000033900454,No
INNSA1,2022-12-31,301049751,73231000,SS410-B SS SCRUBBER 3 PCS SET (QTY- 3480 SET/ USD 0.185 PERSET),,,,,,,,,223.3,KGS,251.9271384,56255.33,3.015285917,673.3133453,24729.9,2022,12,KG,Unknown,,General,3480.0,0.185,80985.23000000001,362.67456336766685,Other,General,0.4396010120285491,No
INNSA1,2022-12-27,301049751,73239990,SB-01 - STAINLESS STEEL SPORTS BOTTLE 750ML SG-702 (QTY:2700PCS/USD 1.066 PER PCS),,,,,,,,,427.5,KGS,583.3426433,249378.98,6.981958627,2984.787313,91372.5,2022,12,KG,Unknown,750ML,Steel,2700.0,1.066,340751.48,797.0794853801169,Other,General,0.3664001673276553,No
INNSA1,2022-12-27,301049751,73239990,SL-01 STAINLESS STEEL COLA BOTTLE 750ML SK750 (QTY 19008 PCS / USD 1.140 PER PCS),,,,,,,,,3801.6,KGS,493.8711963,1877500.74,5.911085534,22471.58276,687916.2,2022,12,KG,Unknown,750ML,Steel,19008.0,1.14,2565416.94,674.8255839646465,Other,General,0.36639996211133313,No
INNSA1,2022-12-27,301049751,73239990,NP-21 - STAINLESS STEEL SPORTS BOTTLE 650ML S115(QTY:19944 PCS/USD 1.010 PER PCS),,,,,,,,,3545.6,KGS,492.2466212,1745309.62,5.891641187,20889.40299,639481.4,2022,12,KG,Unknown,650ML,Steel,19944.0,1.01,2384791.02,672.605770532491,Other,General,0.3663999743495369,No
INNSA1,2022-12-22,301049751,73239990,6561 STEEL LUNCH BOX (QTY:21600 PCS USD2.50 PER PCS),,,,,,,,,8232.0,KGS,562.4123141,4629778.17,6.73144601,55413.26355,1696350.7,2022,12,KG,Unknown,,Steel,21600.0,2.5,6326128.87,768.4801834305151,Other,General,0.3663999953587409,No
INTMX6,2022-12-21,301049751,73239990,STEEL LUNCH BOX 2 LAYER (ITEM NO-8504),,,,,,,,,22080.0,PCS,214.1640168,4728741.49,2.563303612,56597.74375,1732610.9,2022,12,PCS,Unknown,2L,Steel,,,6461352.390000001,292.6337133152174,Other,General,0.36640000382004384,No
INTMX6,2022-12-21,301049751,73239990,STEEL LUNCH BOX 3 LAYER ( ITEM N0-8505),,,,,,,,,16800.0,PCS,297.9297815,5005220.33,3.565886075,59906.88606,1833912.8,2022,12,PCS,Unknown,3L,Steel,,,6839133.13,407.09125773809524,Other,General,0.36640001420277135,No
INNSA1,2022-12-20,301049751,73239990,AM-06 - STAINLESS STEEL BOTTLE 750ML SG805 (QTY:34056 PCS/USD 1.010 PER PCS),,,,,,,,,5108.4,KGS,583.0224317,2978311.79,6.978126052,35647.05913,1091253.5,2022,12,KG,Unknown,750ML,Steel,34056.0,1.01,4069565.29,796.6418624226765,Other,General,0.3664000201939905,No
INNSA1,2022-12-20,301049751,73239990,SB-01 - STAINLESS STEEL SPORTS BOTTLE 750ML SG-702 (QTY:13680 PCS/USD 1.066 PER PCS),,,,,,,,,2166.0,KGS,582.9617359,1262695.12,6.977399592,15113.04752,462651.5,2022,12,KG,Unknown,750ML,Steel,13680.0,1.066,1725346.62,796.5589196675901,Other,General,0.36640000636099707,No
INNSA1,2022-12-20,301049751,73239990,SL-01 STAINLESS STEEL COLA BOTTLE 750ML SK750 (QTY 38736 PCS / USD 1.140 PER PCS),,,,,,,,,7747.2,KGS,493.548717,3823620.62,5.907225816,45764.45984,1400974.6,2022,12,KG,Unknown,750ML,Steel,38736.0,1.14,5224595.220000001,674.3849674721191,Other,General,0.36640000126372374,No
INNSA1,2022-12-19,301049751,73239990,NP-19 STEEL SALT BOTTLE (QTY:50400 PCS/USD 0.461 PER PCS),,,,,,,,,7875.0,KGS,260.8923251,2054527.06,3.122589169,24590.38971,752778.7,2022,12,KG,Unknown,,Steel,50400.0,0.461,2807305.76,356.4832711111111,Other,General,0.36639999280418334,No
INNSA1,2022-12-19,301049751,73239990,SB-01 - STAINLESS STEEL SPORTS BOTTLE 750ML SG-702 (QTY:24120 PCS/USD 1.066 PER PCS),,,,,,,,,3819.0,KGS,583.8899974,2229875.9,6.988509843,26689.11909,817026.5,2022,12,KG,Unknown,750ML,Steel,24120.0,1.066,3046902.4,797.8272846294841,Other,General,0.36639998665396584,No
INNSA1,2022-12-19,301049751,73239990,SL-01 STAINLESS STEEL COLA BOTTLE 750ML SK750 (QTY 19440 PCS / USD 1.140 PER PCS),,,,,,,,,3888.0,KGS,494.3346065,1921972.95,5.916632034,23003.86535,704210.9,2022,12,KG,Unknown,750ML,Steel,19440.0,1.14,2626183.85,675.4588091563786,Other,General,0.3664000057857214,No
INNSA1,2022-12-15,301049751,73239990,NP-20 STAINLESS STEEL SPORTS BOTTLE 750 ML S-308-C6 (QTY:16488 PCS USD 0.988 PER PCS),,,,,,,,,2931.2,KGS,472.8601767,1386047.75,5.766587521,16903.02134,507848.0,2022,12,KG,Unknown,750ML,Steel,16488.0,0.988,1893895.75,646.1161810862446,Other,General,0.36640007532208035,No
INNSA1,2022-12-15,301049751,73239990,AM-06 - STAINLESS STEEL BOTTLE 750ML SG805 (QTY:288 PCS/USD1.010 PER PCS),,,,,,,,,43.2,KGS,572.9060185,24749.54,6.986658762,301.8236585,9068.2,2022,12,KG,Unknown,750ML,Steel,288.0,1.01,33817.740000000005,782.8180555555556,Other,General,0.3663987290268829,No
INNSA1,2022-12-15,301049751,73239990,SB-01 - STAINLESS STEEL SPORTS BOTTLE 750ML SG-702 (QTY:5616PCS/USD 1.066 PER PCS),,,,,,,,,889.2,KGS,572.8467836,509375.36,6.985936386,6211.894634,186635.2,2022,12,KG,Unknown,750ML,Steel,5616.0,1.066,696010.56,782.7379217273955,Other,General,0.36640013368530433,No
INNSA1,2022-12-15,301049751,73239990,NP-21 STAINLESS STEEL SPORTS BOTTLE 650ML S115 (QTY : 20412PCS/USD 1.010 PER PCS),,,,,,,,,3628.8,KGS,483.3895392,1754123.96,5.894994381,21391.75561,642711.1,2022,12,KG,Unknown,650ML,Steel,20412.0,1.01,2396835.06,660.5034887566137,Other,General,0.36640004620882094,No
INNSA1,2022-12-09,301049751,73231000,SS410 SS SCRUBBER 3 PCS SET (QTY- 119280 SET/ USD 0.185 PERSET),,,,,,,,,7653.8,KGS,247.1884136,1891930.68,3.014492849,23072.32537,831692.7,2022,12,KG,Unknown,,General,119280.0,0.185,2723623.38,355.8524366981107,Other,General,0.4395999857669204,No
INNSA1,2022-12-09,301049751,73231000,OKS-4156 -STEEL SCRUBBER 6PCS SET (QTY 99600 SET / USD 0.26SET),,,,,,,,,8677.15,KGS,252.8131898,2193697.97,3.083087681,26752.41427,964349.7,2022,12,KG,Unknown,,Steel,99600.0,0.26,3158047.67,363.94987639950904,Other,General,0.43960003299816147,No
INNSA1,2022-12-08,301049751,73239990,KWP-1000B SS OIL POT 900ML(QTY: 27000 PCS/USD 1.55 PER PCS),,,,,,,,,6975.0,KGS,502.1159857,3502259.0,6.123365679,42710.47561,1283227.7,2022,12,KG,Unknown,900ML,General,27000.0,1.55,4785486.7,686.0912831541219,Other,General,0.36640000068527195,No
INNSA1,2022-12-01,301049751,73239990,2628 HOUSEHOLD STEEL HOOK 3 PCS SET (QTY :168480 SET/USD 0.421 PER SET),,,,,,,,,5709.6,KGS,1041.580969,5947010.7,12.60993909,71997.70823,2178984.7,2022,12,KG,Unknown,,Steel,168480.0,0.421,8125995.4,1423.2162323104947,Other,General,0.36639999655625305,No
INNSA1,2022-11-26,301049751,73239990,6561 STEEL LUNCH BOX (QTY:21600 PCS USD 2.50 PER PCS),,,,,,,,,8232.0,KGS,556.0189699,4577148.16,6.731464526,55413.41598,1677067.1,2022,11,KG,Unknown,,Steel,21600.0,2.5,6254215.26,759.7443221574343,Other,General,0.366400003097125,No
INNSA1,2022-11-26,301049751,73239990,NP-55 STEEL TEA STRAINER (QTY:100800 PCS USD0.297 PER PCS),,,,,,,,,4620.0,KGS,563.2033571,2601999.51,6.81844258,31501.20472,953372.6,2022,11,KG,Unknown,,Steel,100800.0,0.297,3555372.11,769.5610627705628,Other,General,0.3663999921352791,No
INNSA1,2022-11-25,301049751,73239990,NP-20 - STAINLESS STEEL SPORTS BOTTLE 750ML S-308-C6 (QTY:47340 PCS/USD1.0275 PER PCS),,,,,,,,,8153.0,KGS,517.3384092,4217860.05,6.263176867,51063.68099,1545423.9,2022,11,KG,Unknown,750ML,Steel,47340.0,1.0275,5763283.949999999,706.8911995584447,Other,General,0.36639999470821705,No
INNSA1,2022-11-25,301049751,73239990,NP-21 - STAINLESS STEEL SPORTS BOTTLE 650ML S115 (QTY:32436PCS/USD 1.0500 PER PCS),,,,,,,,,5766.4,KGS,512.1461466,2953239.54,6.200316545,35753.50533,1082067.0,2022,11,KG,Unknown,650ML,Steel,32436.0,1.05,4035306.54,699.7965004162043,Other,General,0.36640001101976305,No
INNSA1,2022-11-25,301049751,73239990,SB-01 - STAINLESS STEEL SPORTS BOTTLE 750ML SG-702 (QTY:3600PCS/USD 1.1100 PER PCS),,,,,,,,,570.0,KGS,607.9007544,346503.43,7.359573298,4194.95678,126958.9,2022,11,KG,Unknown,750ML,Steel,3600.0,1.11,473462.32999999996,830.6356666666666,Other,General,0.3664001248126173,No
INNSA1,2022-11-25,301049751,73239990,BCLR-3 - STAINLESS STEEL SPORTS BOTTLE 750ML SG705-1 (QTY:540 PCS/USD 1.1700 PER PCS),,,,,,,,,90.0,KGS,608.7222222,54785.0,7.369518429,663.2566586,20073.2,2022,11,KG,Unknown,750ML,Steel,540.0,1.17,74858.2,831.7577777777777,Other,General,0.3663995619238843,No
INNSA1,2022-11-25,301049751,73239990,WB-750 - STAINLESS STEEL SPORTS BOTTLE 750ML SG902 (QTY:540PCS/USD 1.3000 PER PCS),,,,,,,,,96.0,KGS,634.0857292,60872.23,7.676582678,736.951937,22303.5,2022,11,KG,Unknown,750ML,Steel,540.0,1.3,83175.73000000001,866.4138541666667,Other,General,0.36639860244975414,No
INNSA1,2022-11-25,301049751,73231000,8001-2 STEEL SCRUBBER 2 PCS SET -(QTY- 168000 SET/USD 0.164PER SET),,,,,,,,,4900.0,KGS,491.7607633,2409627.74,5.953520136,29172.24867,1059272.4,2022,11,KG,Unknown,,Steel,168000.0,0.164,3468900.14,707.9388040816327,Other,General,0.43960001888092465,No
INNSA1,2022-11-18,301049751,73239990,8504 STEEL LUNCH BOX 2 LAYER (QTY 22080 PCS / USD 2.48 PER PCS),,,,,,,,,10561.6,KGS,442.4214447,4672678.33,5.356191824,56569.95557,1712069.4,2022,11,KG,Unknown,2L,Steel,22080.0,2.48,6384747.73,604.5246676639903,Other,General,0.36640001281663226,No
INNSA1,2022-11-18,301049751,73239990,6527 STEEL LUNCH BOX (QTY:25680 PCS/USD1.90 PER PCS),,,,,,,,,8945.2,KGS,465.4506741,4163549.37,5.634996055,50406.16671,1525524.5,2022,11,KG,Unknown,,Steel,25680.0,1.9,5689073.87,635.9918023073827,Other,General,0.3664000026016264,No
INNSA1,2022-11-16,301049751,73239990,NP-21 STAINLESS STEEL SPORTS BOTTLE 650ML S115 (QTY:35496 NUM USD1.05 PER NUM),,,,,,,,,6310.4,KGS,518.7085224,3273258.26,6.18983917,39060.3611,1199321.9,2022,11,KG,Unknown,650ML,Steel,35496.0,1.05,4472580.16,708.763336713996,Other,General,0.36640002246568837,No
INNSA1,2022-11-16,301049751,73239990,SB-01 STAINLESS STEEL SPORTS BOTTLE 750ML SG-702 (QTY: 8604NUM USD 1.11 PER NUM),,,,,,,,,1362.3,KGS,615.6900903,838754.61,7.347137116,10009.00489,307319.7,2022,11,KG,Unknown,750ML,Steel,8604.0,1.11,1146074.31,841.2789473684211,Other,General,0.3664000129906887,No
INNSA1,2022-11-16,301049751,73239990,KWP-1000B SS OIL POT 900ML(QTY: 27000 PCS/USD 1.55 PER PCS),,,,,,,,,6975.0,KGS,518.5417921,3616829.0,6.187849548,43160.2506,1325206.2,2022,11,KG,Unknown,900ML,General,27000.0,1.55,4942035.2,708.5355125448029,Other,General,0.36640001504079955,No
INNSA1,2022-11-15,301049751,73239990,NP-19 STEEL SALT BOTTLE (QTY:25920 PCS USD 0.4430 PER PCS),,,,,,,,,4050.0,KGS,251.5588593,1018813.38,3.001895695,12157.67757,373293.3,2022,11,KG,Unknown,,Steel,25920.0,0.443,1392106.68,343.73004444444445,Other,General,0.3664000761356314,No
INNSA1,2022-11-10,301049751,73239990,KL32D-9S STAINLESS STEEL GRATER WITH HANDLE (QTY:37560 PCS USD 0.99 PER PCS),,,,,,,,,8451.0,KGS,381.445597,3223596.74,4.551856766,38467.74153,1181125.8,2022,11,KG,Unknown,,Steel,37560.0,0.99,4404722.54,521.2072583126258,Other,General,0.3663999858741636,No
INNSA1,2022-11-10,301049751,73239990,KL324H-9S STAINLESS STEEL GRATER WITH HANDLE (QTY - 59040 PCS/USD 0.68 PER PCS),,,,,,,,,9512.0,KGS,365.9008221,3480448.62,4.366358259,41532.79976,1275236.4,2022,11,KG,Unknown,,Steel,59040.0,0.68,4755685.02,499.9668860386879,Other,General,0.3664000073645678,No
INNSA1,2022-11-05,301049751,73231000,OKS-4156 -STEEL SCRUBBER 6PCS SET (QTY 99600 SET / USD 0.26SET),,,,,,,,,8677.15,KGS,260.7683133,2262725.77,3.111793715,27001.50084,994694.3,2022,11,KG,Unknown,,Steel,99600.0,0.26,3257420.0700000003,375.4020698040256,Other,General,0.4396000227636953,No
INNSA1,2022-11-04,301049751,73239990,NP-55 STEEL TEA STRAINER (QTY:100800 PCS /USD 0.2892 PER PCS),,,,,,,,,4620.0,KGS,554.0316688,2559626.31,6.61135643,30544.46671,937847.1,2022,11,KG,Unknown,,Steel,100800.0,0.2892,3497473.41,757.0288766233766,Other,General,0.36640000781989146,No
INNSA1,2022-11-04,301049751,73239990,NP-19 STEEL SALT BOTTLE (QTY:44352 PCS /USD 0.445 PER PCS),,,,,,,,,6930.0,KGS,250.0677821,1732969.73,2.984102412,20679.82971,634960.1,2022,11,KG,Unknown,,Steel,44352.0,0.445,2367929.83,341.6926161616162,Other,General,0.3663999947650557,No
INNSA1,2022-11-04,301049751,73231000,8001-2 STEEL SCRUBBER 2 PCS SET (QTY- 169440 SET/USD 0.164PER SET),,,,,,,,,4942.0,KGS,497.448883,2458392.38,5.936144189,29336.42458,1080709.3,2022,11,KG,Unknown,,Steel,169440.0,0.164,3539101.6799999997,716.127414002428,Other,General,0.43960000396682003,No
INNSA1,2022-11-03,301049751,73239990,AM-253 STEEL KITCHEN TURNER (QTY:25200 PCS/ USD 0.535 PER PCS),,,,,,,,,2450.0,KGS,490.6718122,1202145.94,5.848293352,14328.31871,440466.3,2022,11,KG,Unknown,,Steel,25200.0,0.535,1642612.24,670.453975510204,Other,General,0.3664000229456334,No
INNSA1,2022-11-03,301049751,73239990,SB-01 - STAINLESS STEEL SPORTS BOTTLE 750ML SG-702 (QTY:26172 PCS/USD1.110 PER PCS),,,,,,,,,4143.9,KGS,613.4219914,2541959.39,7.311346739,30297.48975,931374.0,2022,11,KG,Unknown,750ML,Steel,26172.0,1.11,3473333.39,838.1798281811821,Other,General,0.36640003127666015,No
INNSA1,2022-11-03,301049751,73239990,SB-12 STEEL TEA STRAINER BIG(QTY:50400 PCS/USD 1.057 PER PCS),,,,,,,,,11970.0,KGS,397.2742498,4755372.77,4.735092369,56679.05566,1742368.7,2022,11,KG,Unknown,,Steel,50400.0,1.057,6497741.47,542.835544695071,Other,General,0.3664000246188902,No
INNSA1,2022-11-03,301049751,73239990,NP-20 STAINLESS STEEL SPORTS BOTTLE 750ML S-308-C6 (QTY:18288 PCS / USD 1.062 PER PCS),,,,,,,,,3251.2,KGS,522.7040354,1699415.36,6.230083855,20255.24863,622665.8,2022,11,KG,Unknown,750ML,Steel,18288.0,1.062,2322081.16,714.2227977362205,Other,General,0.36640000711774195,No
INNSA1,2022-11-01,301049751,73239990,STAINLESS STEEL GRATER WITH HANDLE DS-25 (QTY:51000 PCS /USD0.2252 PER PCS),,,,,,,,,1700.0,KGS,600.5886118,1021000.64,7.158386314,12169.25673,374094.6,2022,11,KG,Unknown,,Steel,51000.0,0.2252,1395095.24,820.6442588235294,Other,General,0.3663999662135373,No
INNSA1,2022-10-29,301049751,73239990,NP-21 STAINLESS STEEL SPORTS BOTTLE 650ML S115 (QTY:19584 PCS USD 1.05 PER PCS),,,,,,,,,3481.6,KGS,515.4764534,1794682.82,6.143938657,21390.73683,657571.9,2022,10,KG,Unknown,650ML,Steel,19584.0,1.05,2452254.72,704.3470588235294,Other,General,0.36640006393998914,No
INNSA1,2022-10-29,301049751,73239990,8504 STEEL LUNCH BOX 2 LAYER (QTY:22080 PCS /USD2.61PER PCS),,,,,,,,,10561.6,KGS,467.0604217,4932905.35,5.566870342,58795.05781,1807416.5,2022,10,KG,Unknown,2L,Steel,22080.0,2.61,6740321.85,638.1913583169217,Other,General,0.3663999958969414,No
INNSA1,2022-10-29,301049751,73239990,SB-01 - STAINLESS STEEL SPORTS BOTTLE 750ML SG-702 (QTY:25128 PCS/USD1.11 PER PCS),,,,,,,,,3978.6,KGS,611.8537274,2434321.24,7.292654677,29014.5559,891935.2,2022,10,KG,Unknown,750ML,Steel,25128.0,1.11,3326256.4400000004,836.0369074548837,Other,General,0.36639995796117686,No
INNSA1,2022-10-29,301049751,73231000,8001-2 STEEL SCRUBBER 2 PCS SET (QTY- 168240 SET/USD 0.164 PER SET),,,,,,,,,4809.0,KGS,503.6067727,2421844.97,6.002464514,28865.85185,1064643.1,2022,10,KG,Unknown,,Steel,168240.0,0.164,3486488.0700000003,724.9923206487836,Other,General,0.4396000211359524,No
INNSA1,2022-10-29,301049751,73239990,6527 STEEL LUNCH BOX (QTY:25680 PCS / USD 2.00 PER PCS),,,,,,,,,8945.2,KGS,491.471322,4396309.27,5.85782267,52399.39535,1610807.8,2022,10,KG,Unknown,,Steel,25680.0,2.0,6007117.069999999,671.5464237803513,Other,General,0.36640001898683533,No
INNSA1,2022-10-29,301049751,73239990,AM-06 - STAINLESS STEEL BOTTLE 750ML SG805 (QTY:46584 PCS/USD 1.05 PER PCS),,,,,,,,,6987.6,KGS,610.9350564,4268969.8,7.281705082,50881.64243,1564150.6,2022,10,KG,Unknown,750ML,Steel,46584.0,1.05,5833120.4,834.7816703875436,Other,General,0.3664000152917456,No
INNSA1,2022-10-29,301049751,73239990,6581 STEEL ROUND CONTAINER MEDIUM (QTY:46080 PCS/ USD 0.99 PER PCS),,,,,,,,,5568.0,KGS,701.3125647,3904908.36,8.358910187,46542.41192,1430758.5,2022,10,KG,Unknown,,Steel,46080.0,0.99,5335666.859999999,958.2735021551723,Other,General,0.3664000196921395,No
INNSA1,2022-10-29,301049751,73239990,6862 STEEL RECTANGLE CONTAINER LARGE (QTY:23040 PCS/USD1.58PER PCS),,,,,,,,,5760.0,KGS,540.9788472,3116038.16,6.447900444,37139.90656,1141716.4,2022,10,KG,Unknown,,Steel,23040.0,1.58,4257754.5600000005,739.1935000000001,Other,General,0.3664000058330479,No
INNSA1,2022-10-18,301049751,73239990,SL-01 - STAINLESS STEEL COLA BOTTLE 750ML SK750 (QTY:21816 PCS/USD 1.2400PER PCS),,,,,,,,,4363.2,KGS,530.4587734,2314497.72,6.433702527,28071.53087,848032.0,2022,10,KG,Unknown,750ML,Steel,21816.0,1.24,3162529.72,724.8188760542722,Other,General,0.3664000152914387,No
INNSA1,2022-10-18,301049751,73239990,NP-20 STAINLESS STEEL SPORTS BOTTLE 750 ML S-308-C6 (QTY:19836 PCS USD 1.0620 PER PCS),,,,,,,,,3526.4,KGS,511.1012194,1802347.34,6.198923219,21859.88284,660380.1,2022,10,KG,Unknown,750ML,Steel,19836.0,1.062,2462727.44,698.3687159709618,Other,General,0.3664000192105035,No
INNSA1,2022-10-18,301049751,73239990,SB-01 - STAINLESS STEEL SPORTS BOTTLE 750ML SG-702 (QTY:46224 PCS/USD 1.1257 PER PCS),,,,,,,,,7318.8,KGS,608.2894805,4451949.05,7.377677144,53995.74348,1631194.1,2022,10,KG,Unknown,750ML,Steel,46224.0,1.1257,6083143.15,831.1667418155982,Other,General,0.36639999283010666,No
INNSA1,2022-10-12,301049751,73239990,SL-01 -STAINLESS STEEL COLA BOTTLE 750ML SK750 (QTY: 16776NUM USD 1.24 PER NUM),,,,,,,,,3355.2,KGS,531.0812738,1781883.89,6.441252563,21611.6906,652882.3,2022,10,KG,Unknown,750ML,Steel,16776.0,1.24,2434766.19,725.6694653075823,Other,General,0.36640002396564686,No
INNSA1,2022-10-12,301049751,73239990,SB-01-STAINLESS STEEL SPORTS BOTTLE 750ML SG-702 (QTY: 27036 NUM USD 1.16 PER NUM),,,,,,,,,4280.7,KGS,627.5595533,2686394.18,7.611395432,32582.10042,984294.8,2022,10,KG,Unknown,750ML,Steel,27036.0,1.16,3670688.9800000004,857.4973672530195,Other,General,0.36639998974387294,No
INNSA1,2022-10-11,301049751,73231000,OKS-4156 -STEEL SCRUBBER 6PCS SET (QTY99600 SET / USD 0.26 SET),,,,,,,,,8677.15,KGS,255.3805017,2215974.92,3.097398443,26876.5909,974142.6,2022,10,KG,Unknown,,Steel,99600.0,0.26,3190117.52,367.64577309370014,Other,General,0.43960001135752924,No
INNSA1,2022-10-07,301049751,73239990,AM-06 STAINLESS STEEL BOTTLE 750ML SG805(QTY:46692 PCS/USD 1.095 PER PCS),,,,,,,,,7003.8,KGS,631.1250907,4420273.91,7.654640275,53611.56956,1619588.4,2022,10,KG,Unknown,750ML,Steel,46692.0,1.095,6039862.3100000005,862.3693295068392,Other,General,0.3664000089080452,No
INNSA1,2022-10-06,301049751,73239990,NP-21 STAINLESS STEEL SPORTS BOTTLE 650ML S115(QTY:21600 PCS/USD 1.090 PER PCS),,,,,,,,,3840.0,KGS,515.298487,1978746.19,6.409185161,24611.27102,725012.5,2022,10,KG,Unknown,650ML,Steel,21600.0,1.09,2703758.69,704.1038255208333,Other,General,0.3663999474333795,No
INNSA1,2022-10-06,301049751,73239990,STAINLEES STEEL SPORTS BOTTLE 750ML SG-702(QTY:5940 PCS/USD1.160 PER PCS),,,,,,,,,940.5,KGS,615.7373418,579100.97,7.65842465,7202.748383,212182.6,2022,10,KG,Unknown,750ML,Steel,5940.0,1.16,791283.57,841.3435087719298,Other,General,0.3664000079295326,No
INNSA1,2022-10-06,301049751,73239990,NP-20 STAINLESS STEEL SPORTS BOTTLE 750ML S-308-C6(QTY:10224PCS/USD 1.069 PER PCS),,,,,,,,,1817.6,KGS,505.3708847,918562.12,6.285707521,11424.90199,336561.1,2022,10,KG,Unknown,750ML,Steel,10224.0,1.069,1255123.22,690.5387433978873,Other,General,0.36639993384443065,No
INNSA1,2022-10-06,301049751,73239990,SL-01 STAINLESS STEEL COLA BOTTLE 750ML SK750(QTY:5148 PCS/USD 1.250 PER PCS),,,,,,,,,1029.6,KGS,525.2787879,540827.04,6.533318257,6726.704478,198159.0,2022,10,KG,Unknown,750ML,Steel,5148.0,1.25,738986.04,717.7409090909092,Other,General,0.36639994923330754,No
INNSA1,2022-09-24,301049751,73231000,STILL SCRUBBER 2 PCS SET (8001-2) (QTY:166200 SET/USD:0.164PER SET),,,,,,,,,4847.0,KGS,482.9116257,2340672.65,6.006363504,29112.84391,1028959.7,2022,9,KG,Unknown,,General,166200.0,,3369632.3499999996,695.1995770579739,Other,General,0.4396000013073165,No
INNSA1,2022-09-22,301049751,73239990,NP-55 STEEL TEA STRAINER (QTY:151200 PCS / USD 0.3014 PER PCS),,,,,,,,,6930.0,KGS,558.1866133,3868233.23,6.942619568,48112.35361,1417320.6,2022,9,KG,Unknown,,Steel,151200.0,0.3014,5285553.83,762.7061803751803,Other,General,0.3663999856596031,No
INNSA1,2022-09-19,301049751,73239990,STAINLESS STEEL SPORTS BOTTLE 750ML SG-702 (SB-01) (QTY :10656 PCS/USD:1.160 PER PCS),,,,,,,,,1687.2,KGS,626.9541311,1057797.01,7.797936954,13156.67923,387576.8,2022,9,KG,Unknown,750ML,Steel,10656.0,,1445373.81,856.6701102418208,Other,General,0.3663999768726894,No
INNSA1,2022-09-19,301049751,73239990,STAINLESS STEEL SPORTS BOTTLE 650ML S115 (NP-21) (QTY :19872 PCS/USD:1.090 PER PCS),,,,,,,,,3532.8,KGS,524.6856007,1853609.29,6.525940307,23054.84192,679162.5,2022,9,KG,Unknown,650ML,Steel,19872.0,,2532771.79,716.930420629529,Other,General,0.3664000302890152,No
INNSA1,2022-09-19,301049751,73239990,STAINLESS STEEL SPORTS BOTTLE 750ML S-308-C6 (NP-20) (QTY :12672 PCS/USD:1.069 PER PCS),,,,,,,,,2252.8,KGS,514.5770641,1159239.21,6.40021224,14418.39813,424745.2,2022,9,KG,Unknown,750ML,Steel,12672.0,,1583984.41,703.1180797230113,Other,General,0.3663999598495293,No
INNSA1,2022-09-17,301049751,73239990,KWP-1000B SS OIL POT 900 ML (QTY :27000 PCS/USD:1.59 PER PCS),,,,,,,,,6850.0,KGS,528.6389547,3621176.84,6.575111377,45039.51294,1326799.2,2022,9,KG,Unknown,900ML,General,27000.0,,4947976.04,722.3322686131387,Other,General,0.3664000016083169,No
INNSA1,2022-09-17,301049751,73239990,HOUSEHOLD STEEL HOOK 3PCS SET (2628)(QTY:165600 PKT/USD 0.436 PER PKT),,,,,,,,,5612.0,KGS,1059.935713,5948359.22,13.18328001,73984.56741,2179478.8,2022,9,KG,Unknown,,Steel,165600.0,0.436,8127838.02,1448.2961546685672,Other,General,0.3663999969389878,No
INNSA1,2022-09-17,301049751,73239990,NP-55 STEEL TEA STRAINER(QTY:100800 PCS /USD 0.3032 PER PCS),,,,,,,,,4620.0,KGS,569.0503052,2629012.41,7.077740114,32699.15933,963270.1,2022,9,KG,Unknown,,Steel,100800.0,0.3032,3592282.5100000002,777.5503268398269,Other,General,0.3663999821134355,No
INNSA1,2022-09-17,301049751,73239990,AM-217 STEEL LEMON SQUEEZER (QTY:10200 PCS/USD 2.0408 PER PCS),,,,,,,,,2975.0,KGS,601.8892168,1790620.42,7.486184289,22271.39826,656083.3,2022,9,KG,Unknown,,Steel,10200.0,2.0408,2446703.7199999997,822.4214184873948,Other,General,0.36639998777630384,No
INNSA1,2022-09-12,301049751,73239990,STAINLESS STEEL COLA BOTTLE 750ML SK-750 (SL-01) (QTY :20664PCS/USD:1.25 PER PCS),,,,,,,,,4132.8,KGS,542.4083067,2241665.05,6.742179077,27864.07769,821346.1,2022,9,KG,Unknown,750ML,Steel,20664.0,,3063011.15,741.1467165118079,Other,General,0.3664000114557704,No
INNSA1,2022-09-12,301049751,73239990,STAINLESS STEEL SPORTS BOTTLE 750ML SG-702 (SB-01) (QTY :1008 PCS/USD:1.160 PER PCS),,,,,,,,,159.6,KGS,635.8167293,101476.35,7.903253317,1261.359229,37180.9,2022,9,KG,Unknown,750ML,Steel,1008.0,,138657.25,868.7797619047619,Other,General,0.36639965863967316,No
INNSA1,2022-09-12,301049751,73239990,STAINLESS STEEL SPORTS BOTTLE 650ML S115 (NP-21) (QTY :19908PCS/USD:1.09 PER PCS),,,,,,,,,3539.2,KGS,532.1025486,1883217.34,6.614077671,23408.54369,690010.8,2022,9,KG,Unknown,650ML,Steel,19908.0,,2573228.14,727.0649129746836,Other,General,0.36639998227713855,No
INNSA1,2022-09-12,301049751,73239990,KWB-600F STAINLESS STEEL SPORTS BOTTLE (QTY.50400 PCS/USD 1.00 PER PCS),,,,,,,,,7875.0,KGS,543.853873,4282849.25,6.760147583,53236.16221,1569236.0,2022,9,KG,Unknown,,Steel,,1.0,5852085.25,743.1219365079365,Other,General,0.36640000812543194,No
INNSA1,2022-09-08,301049751,73239990,"STEEL LUNCH BOX 3LAYER (8505) (QTY:33,600 PCS/USD:3.63 PER PCS)",,,,,,,,,21784.0,KGS,468.6002745,10207988.38,5.824739273,126886.1203,3740207.0,2022,9,KG,Unknown,3L,Steel,33.0,,13948195.38,640.2954177377892,Other,General,0.3664000056395048,No
INNSA1,2022-09-08,301049751,73239990,"STEEL LUNCH BOX (6527) (QTY:25,680 PCS/USD:2 PER PCS)",,,,,,,,,8945.2,KGS,480.5396403,4298523.19,5.973146554,53430.99055,1574978.9,2022,9,KG,Unknown,,Steel,25.0,,5873502.09,656.6093647989983,Other,General,0.36640000074071943,No
INNSA1,2022-09-08,301049751,73239990,"STEEL ROUND CONTAINER (6856) (QTY:66,384 PCS/USD:0.64 PER PCS)",,,,,,,,,5532.0,KGS,642.7697993,3555802.53,7.989680539,44198.91274,1302846.1,2022,9,KG,Unknown,,Steel,66.0,,4858648.63,878.2806634128706,Other,General,0.36640001490746454,No
INNSA1,2022-09-08,301049751,73239990,"STEEL ROUND CONTAINER (6857) (QTY:35,280 PCS/USD:0.82 PER PCS)",,,,,,,,,4498.2,KGS,538.2672313,2421233.66,6.690705175,30096.13002,887140.0,2022,9,KG,Unknown,,Steel,35.0,,3308373.66,735.4883420034681,Other,General,0.36639999462092393,No
INNSA1,2022-09-08,301049751,73239990,"STEEL RECTANGLE CONTAINER BIG (6578) (QTY:37,920 PCS/USD:1.75 PER PCS)",,,,,,,,,10847.7,KGS,511.9917549,5553932.96,6.36409888,69035.83543,2034961.1,2022,9,KG,Unknown,,Steel,37.0,,7588894.0600000005,699.5855397918452,Other,General,0.366400011425417,No
INNSA1,2022-09-08,301049751,73239990,STEEL LUNCH BOX SMALL (6587) (QTY:51000 PCS/USD:1.68 PER PCS),,,,,,,,,10348.75,KGS,692.9243397,7170900.76,8.613105527,89134.87582,2627418.1,2022,9,KG,Unknown,,Steel,51000.0,,9798318.86,946.8118236501992,Other,General,0.36640000858134875,No
INNSA1,2022-09-03,301049751,73239990,STAINLESS STEEL SPORTS BOTTLE (KWB-600F) (QTY:50400 PCS/USD:1. PER PCS),,,,,,,,,7875.0,KGS,543.853873,4282849.25,6.760147583,53236.16221,1569236.0,2022,9,KG,Unknown,,Steel,50400.0,,5852085.25,743.1219365079365,Other,General,0.36640000812543194,No
INNSA1,2022-08-30,301049751,73239990,STEEL HANGER WITH HOOK (ITEM NO. SL-89) (QTY 70056 PCS / USD1.14 PER PCS),,,,,,,,,15568.0,KGS,426.7317652,6643360.12,5.301015716,82526.21267,2434127.1,2022,8,KG,Unknown,,Steel,70056.0,1.14,9077487.22,583.086280832477,Other,General,0.3663999927795575,No
INNSA1,2022-08-23,301049751,73239990,STAINLESS STEEL SPORTS BOTTLE 750ML S-308-C6 (NP-20) (QTY :19080 PCS/USD:1.068 PER PCS),,,,,,,,,3392.0,KGS,526.3105513,1785245.39,6.538019271,22176.96137,654113.9,2022,8,KG,Unknown,750ML,Steel,19080.0,,2439359.29,719.1507340801887,Other,General,0.3663999938966374,No
INNSA1,2022-08-23,301049751,73239990,"STAINLESS STEEL COLA BOTTLE 750ML SK750 (SL-01) (QTY:18,180PCS/USD:1.240 PER PCS)",,,,,,,,,3636.0,KGS,543.1752695,1974985.28,6.747518876,24533.97863,723634.6,2022,8,KG,Unknown,750ML,Steel,18.0,,2698619.88,742.1946864686469,Other,General,0.3663999966622536,No
INNSA1,2022-08-23,301049751,73239990,STAINLESS STEEL SPORTS BOTTLE 750ML SG-702 (SB-01) (QTY :1908 PCS/USD:1.160 PER PCS),,,,,,,,,302.1,KGS,641.8505793,193903.06,7.973299121,2408.733665,71046.1,2022,8,KG,Unknown,750ML,Steel,1908.0,,264949.16000000003,877.0246938099967,Other,General,0.36640009703817983,No
INNSA1,2022-08-23,301049751,73239990,STAINLESS STEEL BOTTLE 750ML SG805 (AM-06) (QTY:4032 PCS/USD1.0950 PER PCS),,,,,,,,,604.8,KGS,633.933879,383403.21,7.874955018,4762.772795,140478.9,2022,8,KG,Unknown,750ML,Steel,4032.0,1.095,523882.11,866.2071924603175,Other,General,0.3663999057284888,No
INNSA1,2022-08-23,301049751,73239990,STAINLESS STEEL COLA BOTTLE 750ML SK750 (SL-01) (QTY:15192 PCS/USD 1.2483 PER PCS),,,,,,,,,3038.4,KGS,542.0133853,1646853.47,6.733085532,20457.80708,603407.2,2022,8,KG,Unknown,750ML,Steel,15192.0,1.2483,2250260.67,740.607118878357,Other,General,0.366400053794707,No
INNSA1,2022-08-23,301049751,73239990,"STAINLESS STEEL BOTTLE 750ML SG805 (AM-06) (QTY :2,376 PCS/USD:1.095 PER PCS)",,,,,,,,,356.4,KGS,639.5450617,227933.86,7.944659152,2831.476522,83515.0,2022,8,KG,Unknown,750ML,Steel,2.0,,311448.86,873.8744668911336,Other,General,0.3664001478323581,No
INNSA1,2022-08-23,301049751,73239990,STAINLESS STEEL SPORTS BOTTLE 650ML S115 (NP-21) (QTY:23220PCS/USD 1.0900 PER PCS),,,,,,,,,4128.0,KGS,532.4393338,2197909.57,6.614153215,27303.22447,805314.1,2022,8,KG,Unknown,650ML,Steel,23220.0,1.09,3003223.67,727.5251138565891,Other,General,0.3664000152654142,No
INNSA1,2022-08-22,301049751,73239990,HOUSEHOLD STEEL HOOK 3PCS SET (ITEM NO. 2628) (QTY 170208NOS/ USD 0.436PER NOS),,,,,,,,,5768.16,KGS,1077.822415,6217052.14,13.38909832,77230.46137,2277927.8,2022,8,KG,Unknown,,Steel,170208.0,0.436,8494979.94,1472.7365294998751,Other,General,0.3663999832563733,No
INNSA1,2022-08-20,301049751,73239990,KWP-600B SS OIL POT 600ML(QTY:39000 PCS/USD 1.25 PER PCS),,,,,,,,,6850.0,KGS,611.5153737,4188880.31,7.59646427,52035.78025,1534805.8,2022,8,KG,Unknown,600ML,General,39000.0,1.25,5723686.11,835.5746145985402,Other,General,0.36640001299058367,No
INNSA1,2022-08-18,301049751,73239990,STEEL TEA STRAINER BIG (SB-12) (QTY:5256 PCS/USD 1.155 PER PCS),,,,,,,,,1248.3,KGS,421.305848,525916.09,5.249917108,6553.471526,192695.6,2022,8,KG,Unknown,,Steel,5256.0,1.155,718611.69,575.6722662821437,Other,General,0.36639989470563644,No
INNSA1,2022-08-16,301049751,73239990,RYX-02-020 MILD STEEL MULTI FUNCTION CLOTH STAND(QTY:1232 PCS/USD 15.30 PER PCS),,,,,,,,,4004.0,KGS,461.0523926,1846053.78,5.745201154,23003.78542,676394.2,2022,8,KG,Unknown,,Steel,1232.0,15.3,2522447.98,629.982012987013,Other,General,0.3664000514654562,No
INNSA1,2022-08-12,301049751,73239990,NP-55 STEEL TEA STRAINER (QTY:50400 PCS/USD 0.3099 PER PCS),,,,,,,,,2310.0,KGS,590.0823853,1363090.31,7.35305153,16985.54903,499436.3,2022,8,KG,Unknown,,Steel,50400.0,0.3099,1862526.61,806.2885757575758,Other,General,0.3664000076414599,No
INNSA1,2022-08-12,301049751,73239990,SB-12 STEEL TEA STRAINER BIG - (QTY:21216 PCS/USD 1.1549 PERPCS),,,,,,,,,5038.8,KGS,424.3783996,2138357.88,5.288204357,26646.20411,783494.4,2022,8,KG,Unknown,,Steel,21216.0,1.1549,2921852.28,579.8706596808763,Other,General,0.366400034029851,No
INNSA1,2022-08-10,301049751,73239990,NP-20 STAINLESS STEEL SPORTS BOTTLE 750ML S-308-C6 (QTY:2376PCS/ USD 1.062 PER PCS),,,,,,,,,422.4,KGS,535.8829072,226356.94,6.677668626,2820.647227,82937.2,2022,8,KG,Unknown,750ML,Steel,2376.0,1.062,309294.14,732.2304450757576,Other,General,0.3664000759154988,No
INNSA1,2022-08-10,301049751,73239990,NP-21 STAINLESS STEEL SPORTS BOTTLE 650ML S115(QTY:40680 PCS/ USD 1.140 PER PCS),,,,,,,,,7232.0,KGS,575.2420243,4160150.32,7.168124914,51839.87938,1524279.1,2022,8,KG,Unknown,650ML,Steel,40680.0,1.14,5684429.42,786.010705199115,Other,General,0.3664000054690332,No
INNSA1,2022-08-10,301049751,73231000,OKS-4156 STEEL SCRUBBER 6PCS SET (QTY 99600 SET / USD 0.265PER SET),,,,,,,,,8677.15,KGS,288.3185297,2501783.13,3.592754264,31174.86766,1099783.9,2022,8,KG,Unknown,,Steel,99600.0,0.265,3601567.03,415.0633595132042,Other,General,0.43960001441052166,No
INNSA1,2022-08-08,301049751,73239990,STAINLESS STEEL SPORTS BOTTLE (KWB-600F) (QTY:50400 PCS/USD:1. PER PCS),,,,,,,,,7875.0,KGS,552.1657079,4348304.95,6.880569569,54184.48536,1593218.9,2022,8,KG,Unknown,,Steel,50400.0,,5941523.85,754.479219047619,Other,General,0.366399992254453,No
INNSA1,2022-08-08,301049751,73231000,SS410 SS SCRUBBER 3PCS SET(QTY:120120 SET/USD 0.20 PER SET),,,,,,,,,7707.7,KGS,298.0790521,2297503.91,3.714380712,28629.33221,1009982.8,2022,8,KG,Unknown,,General,120120.0,0.2,3307486.71,429.1146139574711,Other,General,0.43960003532703457,No
INNSA1,2022-08-06,301049751,73239990,STEEL HANGER WITH HOOK (SM1168) (QTY:57792 PCS / USD 1.30 PER PCS),,,,,,,,,10836.0,KGS,583.9064046,6327209.8,7.276092269,78843.73583,2318289.7,2022,8,KG,Unknown,,Steel,57792.0,1.3,8645499.5,797.8497139165744,Other,General,0.3664000046276323,No
INNSA1,2022-08-02,301049751,73239990,RYX-02-020 MILD STEEL MULTI FUNCTION CLOTH STAND(QTY:1232 PCS/USD 15.30 PER PCS),,,,,,,,,4004.0,KGS,474.1710789,1898581.0,5.857579727,23453.74923,695640.1,2022,8,KG,Unknown,,Steel,1232.0,15.3,2594221.1,647.9073676323677,Other,General,0.3664000113769178,No
INNSA1,2022-07-30,301049751,73239990,NP-55 STEEL TEA STRAINER (QTY:50400 PCS/USD 0.3123 PER PCS),,,,,,,,,2310.0,KGS,603.3303983,1393693.22,7.453124129,17216.71674,510649.2,2022,7,KG,Unknown,,Steel,50400.0,0.3123,1904342.42,824.390658008658,Other,General,0.36640000300783554,No
INNSA1,2022-07-30,301049751,73239990,NP-19 STEEL SALT BOTTLE (QTY:68928 PCS/USD 0.4954 PER PCS),,,,,,,,,10770.0,KGS,280.7376462,3023544.45,3.468037631,37350.76529,1107826.7,2022,7,KG,Unknown,,Steel,68928.0,0.4954,4131371.1500000004,383.59992107706597,Other,General,0.36640000447157306,No
INNSA1,2022-07-30,301049751,73239990,SB-01 STAINLESS STEEL SPORTS BOTTLE 750ML SG-702 (QTY:33948PCS/USD 1.1600 PER PCS),,,,,,,,,5375.1,KGS,662.486017,3560928.59,8.183891501,43989.23521,1304724.3,2022,7,KG,Unknown,750ML,Steel,33948.0,1.16,4865652.89,905.220905657569,Other,General,0.36640001814807527,No
INNSA1,2022-07-30,301049751,73239990,AM-06 STAINLESS STEEL BOTTLE 750ML SG805 (QTY:39672 PCS/USD1.095 PER PCS),,,,,,,,,5950.8,KGS,660.0485464,3927816.89,8.153780685,48521.5181,1439152.1,2022,7,KG,Unknown,750ML,Steel,39672.0,1.095,5366968.99,901.8903323922834,Other,General,0.36639999783696636,No
INNSA1,2022-07-30,301049751,73239990,SL-01 STAINLESS STEEL COLA BOTTLE 750ML SK750 (QTY:21960 PCS/USD 1.2512 PER PCS),,,,,,,,,4392.0,KGS,565.7021243,2484563.73,6.988290603,30692.57233,910344.1,2022,7,KG,Unknown,750ML,Steel,21960.0,1.2512,3394907.83,772.975371129326,Other,General,0.3663999796052726,No
INNSA1,2022-07-30,301049751,73239990,DS-25 STAINLESS STEEL GRATER WITH HANDLE(QTY:100200 PCS/USD0.2192 PER PCS),,,,,,,,,3340.0,KGS,582.2727725,1944791.06,7.192992865,24024.59617,712571.4,2022,7,KG,Unknown,,Steel,100200.0,0.2192,2657362.46,795.6175029940119,Other,General,0.3663999771780111,No
INNSA1,2022-07-30,301049751,73239990,NP-20 STAINLESS STEEL SPORTS BOTTLE 750ML S-308-C6 (QTY :5724 PCS/USD 1.062 PER PCS),,,,,,,,,1017.6,KGS,540.1323703,549638.7,6.672419645,6789.854231,201387.6,2022,7,KG,Unknown,750ML,Steel,5724.0,1.062,751026.2999999999,738.0368514150942,Other,General,0.36639996419466103,No
INNSA1,2022-07-30,301049751,73239990,AM-253 STEEL KITCHEN TURNER (QTY:30600 PCS/USD 0.5780 PER PCS),,,,,,,,,2975.0,KGS,526.4134588,1566080.04,6.502945754,19346.26362,573811.7,2022,7,KG,Unknown,,Steel,30600.0,0.578,2139891.74,719.2913411764706,Other,General,0.36639998297915854,No
INNSA1,2022-07-30,301049751,73239990,NP-21 STAINLESS STEEL SPORTS BOTTLE 650ML S115(QTY:43164 PCS/USD 1.140 PER PCS),,,,,,,,,7673.6,KGS,579.8029178,4449175.67,7.162481999,54962.02187,1630177.9,2022,7,KG,Unknown,650ML,Steel,43164.0,1.14,6079353.57,792.2426983423686,Other,General,0.36639998528086887,No
INNSA1,2022-07-30,301049751,73239990,NP-20 STAINLESS STEEL SPORTS BOTTLE 750ML S-308-C6(QTY:29916PCS/USD 1.0620 PER PCS),,,,,,,,,5318.4,KGS,540.1795183,2872890.75,6.673002079,35489.69426,1052627.1,2022,7,KG,Unknown,750ML,Steel,29916.0,1.062,3925517.85,738.1012804602889,Other,General,0.36639997535583285,No
INNSA1,2022-07-30,301049751,73239990,SB-12 STEEL TEA STRAINER BIG(QTY:23928 PCS/USD 1.1636 PER PCS),,,,,,,,,5682.9,KGS,433.8151754,2465328.26,5.359050962,30454.95071,903296.4,2022,7,KG,Unknown,,Steel,23928.0,1.1636,3368624.6599999997,592.7650776892079,Other,General,0.3664000509206024,No
INNSA1,2022-07-28,301049751,73239990,NP-19 STEEL SALT BOTTLE (QTY:56112 PCS/ USD 0.496 PER PCS),,,,,,,,,8767.5,KGS,289.12198,2534876.96,3.57161186,31314.10698,928778.9,2022,7,KG,Unknown,,Steel,56112.0,0.496,3463655.86,395.0562714570858,Other,General,0.36639999284225616,No
INNSA1,2022-07-25,301049751,73239990,6901 STEEL RECTANGLE CONTAINER (QTY:54504 PCS /USD 1.01 PERPCS),,,,,,,,,8856.9,KGS,548.5822229,4858737.89,6.776803248,60021.46868,1780241.6,2022,7,KG,Unknown,,Steel,54504.0,1.01,6638979.49,749.5827535593719,Other,General,0.3664000076365511,No
INNSA1,2022-07-25,301049751,73239990,8504 STEEL LUNCH BOX 2 LAYER (QTY:44160 PCS/ USD 2.61 PER PCS),,,,,,,,,21123.2,KGS,481.5967595,10172864.67,5.94931142,125668.495,3727337.6,2022,7,KG,Unknown,2L,Steel,44160.0,2.61,13900202.27,658.0538114490229,Other,General,0.36639999851683863,No
INNSA1,2022-07-25,301049751,73239990,6900 STEEL LUNCH BOX (QTY:91200 PCS /USD 0.83 PER PCS),,,,,,,,,10374.0,KGS,644.021497,6681079.01,7.955793663,82533.40346,2447947.4,2022,7,KG,Unknown,,Steel,91200.0,0.83,9129026.41,879.9909784075573,Other,General,0.36640000759398295,No
INNSA1,2022-07-23,301049751,73239990,KWP-1000B SSOIL POT 900 ML (QTY 27000 PCS / USD 1.64 PER PCS),,,,,,,,,6850.0,KGS,581.3007679,3981910.26,7.180985397,49189.74997,1458972.0,2022,7,KG,Unknown,900ML,General,27000.0,1.64,5440882.26,794.2893810218977,Other,General,0.3664000202756955,No
INNSA1,2022-07-23,301049751,73239990,NP-20 STAINLESS STEEL SPORTS BOTTLE 750ML S-308-C6 (QTY :14976 PCS/USD 1.113 PER PCS),,,,,,,,,2662.4,KGS,565.232159,1504874.1,6.982484978,18590.168,551385.9,2022,7,KG,Unknown,750ML,Steel,14976.0,1.113,2056260.0,772.3332331730769,Other,General,0.3664000197757407,No
INNSA1,2022-07-23,301049751,73239990,SB-01 STAINLESS STEEL SPORTS BOTTLE 750ML SG-702 (QTY :4968PCS/USD 1.205 PER PCS),,,,,,,,,786.6,KGS,687.1060514,540477.62,8.488030282,6676.68462,198031.0,2022,7,KG,Unknown,750ML,Steel,4968.0,1.205,738508.62,938.8617086193744,Other,General,0.3664000000592069,No
INNSA1,2022-07-23,301049751,73239990,NP-21 STAINLESS STEEL SPORTS BOTTLE 650ML S115 (QTY :23112 PCS/USD 1.140 PER PCS),,,,,,,,,4108.8,KGS,578.9438985,2378764.69,7.151870271,29385.60457,871579.4,2022,7,KG,Unknown,650ML,Steel,23112.0,1.14,3250344.09,791.0689471378504,Other,General,0.36640000739207207,No
INNSA1,2022-07-19,301049751,73239990,KL324H-9S STAINLESS STEEL GRATER WITH HANDLE (QTY: 59040 PCS/USD 0.70 PER PCS),,,,,,,,,9676.0,KGS,378.0898946,3658397.82,4.732038731,45787.20676,1608231.8,2022,7,KG,Unknown,,Steel,59040.0,0.7,5266629.62,544.2982244729227,Other,General,0.43960003234421346,No
INNSA1,2022-07-18,301049751,73231000,OKS-4156 STEEL SCRUBBER 6PCS SET (QTY: 99600 SET / USD 0.275 PER SET),,,,,,,,,8677.15,KGS,297.3856266,2580459.69,3.721972799,32296.11627,1134370.1,2022,7,KG,Unknown,,Steel,99600.0,0.275,3714829.79,428.11635041459465,Other,General,0.43960000785751474,No
INNSA1,2022-07-12,301049751,73239990,SL-01 - STAINLESS STEEL COLA BOTTLE 750ML SK750 (QTY:38592PCS/USD 1.300 PER PCS),,,,,,,,,7718.4,KGS,576.9107963,4452828.29,7.220410467,55730.01615,1631516.4,2022,7,KG,Unknown,750ML,Steel,38592.0,1.3,6084344.6899999995,788.2909268760365,Other,General,0.36640002572387537,No
INNSA1,2022-07-12,301049751,73231000,8001-2 STEEL SCRUBBER 2 PCS SET (QTY- 165960 SET/USD 0.168PER SET),,,,,,,,,4840.0,KGS,568.0112831,2749174.61,7.109027322,34407.69224,1208537.1,2022,7,KG,Unknown,,Steel,165960.0,0.168,3957711.71,817.7090309917355,Other,General,0.43959997870051626,No
INNSA1,2022-07-12,301049751,73239990,SB-01 - STAINLESS STEEL SPORTS BOTTLE 750ML SG-702 (QTY:1872PCS/USD 1.205 PER PCS),,,,,,,,,296.4,KGS,675.4760796,200211.11,8.454018518,2505.771089,73357.3,2022,7,KG,Unknown,750ML,Steel,1872.0,1.205,273568.41,922.9703441295546,Other,General,0.3663997467473209,No
INNSA1,2022-07-04,301049751,73239990,KL326D-9S STAINLESS STEEL GRATER WITH HANDLE (QTY:37560PCS/USD 1.02 PER PCS),,,,,,,,,8607.5,KGS,388.5427139,3344381.41,4.921376997,42360.7525,1225381.3,2022,7,KG,Unknown,,Steel,37560.0,1.02,4569762.71,530.9047586407203,Other,General,0.36639998546098845,No
INNSA1,2022-07-04,301049751,73239990,KL324H-9S STAINLESS STEEL GRATER WITH HANDLE (QTY:59040 PCS/USD 0.70 PER PCS),,,,,,,,,9676.0,KGS,372.8537691,3607733.07,4.722656987,45696.42901,1321873.4,2022,7,KG,Unknown,,Steel,59040.0,0.7,4929606.47,509.4673904505994,Other,General,0.3664000008736788,No
INNSA1,2022-06-29,301049751,73239990,6578 STEEL RECTANGLE CONTAINER BIG(QTY:37920 PCS/ USD 1.80 PER PCS),,,,,,,,,11202.2,KGS,528.7779927,5923476.83,6.69763132,75028.20557,2170361.9,2022,6,KG,Unknown,,Steel,37920.0,1.8,8093838.73,722.522248308368,Other,General,0.36639999822536656,No
INNSA1,2022-06-29,301049751,73239990,6561 STEEL LUNCH BOX (QTY:21600 PCS/ USD 2.75 PER PCS),,,,,,,,,8232.0,KGS,626.2055418,5154924.02,7.931672474,65293.5278,1888764.2,2022,6,KG,Unknown,,Steel,21600.0,2.75,7043688.22,855.6472570456754,Other,General,0.36640000757954916,No
INNSA1,2022-06-29,301049751,73239990,6901 STEEL RECTANGLE CONTAINER(QTY:56184 PCS/ USD 1.06 PER PCS),,,,,,,,,9129.9,KGS,566.0937436,5168379.27,7.170281743,65463.95529,1893694.2,2022,6,KG,Unknown,,Steel,56184.0,1.06,7062073.47,773.5104951861466,Other,General,0.36640000686327345,No
INNSA1,2022-06-29,301049751,73239990,6527 STEEL LUNCH BOX (QTY:25560 PCS/ USD 2.06 PER PCS),,,,,,,,,8903.4,KGS,513.2253083,4569450.21,6.500637217,57877.7734,1674246.5,2022,6,KG,Unknown,,Steel,25560.0,2.06,6243696.71,701.2710548779119,Other,General,0.36639998753810693,No
INNSA1,2022-06-29,301049751,73239990,6862 STEEL RECTANGLE CONTAINER LARGE(QTY:20400 PCS/ USD 1.63PER PCS),,,,,,,,,5100.0,KGS,565.8267118,2885716.23,7.166899452,36551.18721,1057326.4,2022,6,KG,Unknown,,Steel,20400.0,1.63,3943042.63,773.1456137254902,Other,General,0.3663999907572339,No
INNSA1,2022-06-29,301049751,73239990,8505 STEEL LUNCH BOX 3 LAYER(QTY:16800 PCS/ USD 3.75 PER PCS),,,,,,,,,10892.0,KGS,501.9596291,5467344.28,6.35794337,69250.71919,2003235.0,2022,6,KG,Unknown,3L,Steel,16800.0,3.75,7470579.28,685.8776423062799,Other,General,0.3664000102075152,No
INNSA1,2022-06-24,301049751,73239990,SL-89 STEEL HANGER WITH HOOK (QTY:70056 PACKS/USD 1.18 PER PACKS),,,,,,,,,15568.0,KGS,440.6186421,6859551.02,5.580983434,86884.75009,2513339.5,2022,6,KG,Unknown,,Steel,70056.0,1.18,9372890.52,602.0613129496403,Other,General,0.3664000009143456,No
INNSA1,2022-06-19,301049751,73239990,SB-12 STEEL TEA STRAINER BIG(QTY:25200 PCS/USD 1.1724 PER PCS),,,,,,,,,5985.0,KGS,425.4705564,2546441.28,5.389114077,32253.84775,933016.1,2022,6,KG,Unknown,,Steel,25200.0,1.1724,3479457.38,581.3629707602339,Other,General,0.36640000589371535,No
INNSA1,2022-06-19,301049751,73239990,NP-19 STEEL SALT BOTTLE (QTY:50448PCS/ USD 0.4992 PER PCS),,,,,,,,,7882.5,KGS,275.3669864,2170580.27,3.487865565,27493.10032,795300.7,2022,6,KG,Unknown,,Steel,50448.0,0.4992,2965880.9699999997,376.2614614652711,Other,General,0.3664000410360313,No
INNSA1,2022-06-19,301049751,73239990,NP-55 STEEL TEA STRAINER(QTY:50400 PCS/ USD 0.3146 PER PCS),,,,,,,,,2310.0,KGS,591.6087576,1366616.23,7.493461147,17309.89525,500728.1,2022,6,KG,Unknown,,Steel,50400.0,0.3146,1867344.33,808.3741688311688,Other,General,0.36639993657912284,No
INNSA1,2022-06-16,301049751,73239990,AM-253 STEEL KITCHEN TURNER(QTY:8712 PCS/ USD 0.579 PER PCS),,,,,,,,,847.0,KGS,516.4145809,437403.15,6.578529693,5572.01465,160264.5,2022,6,KG,Unknown,,Steel,8712.0,0.579,597667.65,705.6288665879575,Other,General,0.36639996762711924,No
INNSA1,2022-06-16,301049751,73239990,NP-20 STAINLESS STEEL SPORTS BOTTLE 750 ML S-308-C6 (QTY:576PCS USD 1.113 PER PCS),,,,,,,,,102.4,KGS,543.1566406,55619.24,6.919192874,708.5253503,20378.9,2022,6,KG,Unknown,750ML,Steel,576.0,1.113,75998.14,742.1693359374999,Other,General,0.36640018813633557,No
INNSA1,2022-06-16,301049751,73239990,MILD STEEL MULTI FUNCTION CLOTH STAND - RYX-02-020 (QTY :1232 PCS/ USD 15.30 PER PCS),,,,,,,,,4004.0,KGS,457.862008,1833279.48,5.832637044,23353.87873,671713.6,2022,6,KG,Unknown,,Steel,1232.0,15.3,2504993.08,625.6226473526474,Other,General,0.36639999919706734,No
INNSA1,2022-06-16,301049751,73239990,NP-21 STAINLESS STEEL SPORTS BOTTLE 650ML S115 (QTY :19908 PCS/USD 1.140 PER PCS),,,,,,,,,3539.2,KGS,556.3311624,1968967.25,7.087021177,25082.38535,721429.6,2022,6,KG,Unknown,650ML,Steel,19908.0,1.14,2690396.85,760.1709002034358,Other,General,0.3663999997968478,No
INNSA1,2022-06-16,301049751,73239990,AM-06 - STAINLESS STEEL BOTTLE 750ML SG805 (QTY:24444 PCS/USD 1.140 PER PCS),,,,,,,,,3666.6,KGS,659.3554519,2417592.7,8.399432509,30797.35924,885806.0,2022,6,KG,Unknown,750ML,Steel,24444.0,1.14,3303398.7,900.9432989690722,Other,General,0.3664000143613934,No
INNSA1,2022-06-14,301049751,73239990,SS OIL POT 900ML-KWP-1000B(QTY: 27000PCS/USD 1.64 PER PCS),,,,,,,,,6750.0,KGS,565.6657778,3818244.0,7.205933475,48640.05096,1399004.6,2022,6,KG,Unknown,900ML,General,27000.0,1.64,5217248.6,772.9257185185185,Other,General,0.36639999958095926,No
INNSA1,2022-06-06,301049751,73239990,NP-20 STAINLESS STEEL SPORTS BOTTLE 750 ML S-308-C6 (QTY:18036 PCS USD 1.113 PER PCS),,,,,,,,,3206.4,KGS,540.0129647,1731497.57,6.879146047,22057.29389,634420.7,2022,6,KG,Unknown,750ML,Steel,18036.0,1.113,2365918.27,737.8737119510978,Other,General,0.3663999944279448,No
INNSA1,2022-06-06,301049751,73239990,STAINLESS STEEL SPORTS BOTTLE 650ML S115 NP-21 (QTY:19836 PCS USD 1.140 PER PCS),,,,,,,,,3526.4,KGS,553.1129197,1950497.4,7.046024455,24847.10064,714662.2,2022,6,KG,Unknown,650ML,Steel,19836.0,1.14,2665159.5999999996,755.7734800362975,Other,General,0.366399975719014,No
INNSA1,2022-06-06,301049751,73239990,AM-06-STAINLESS STEEL BOTTLE 750ML SG805 (QTY:9792 PCS/USD 1.140 PER PCS),,,,,,,,,1468.8,PCS,655.5411492,962858.84,8.350842665,12265.71771,352791.5,2022,6,PCS,Unknown,750ML,Steel,9792.0,1.14,1315650.3399999999,895.7314406318083,Other,General,0.3664000218349764,No
INNSA1,2022-06-06,301049751,73239990,STAINLESS STEEL COLABOTTLE 750ML SK750 SL-01 (QTY: 17964 NUMUSD 1.300PER NUM),,,,,,,,,3592.8,KGS,560.6602705,2014340.22,7.142169051,25660.38497,738054.2,2022,6,KG,Unknown,750ML,Steel,17964.0,1.3,2752394.42,766.0861779113783,Other,General,0.366399971897498,No
INNSA1,2022-06-06,301049751,73239990,SB-01STAINLESS STEEL SPORTS BOTTLE 750ML SG-702 (QTY:21492 PCS USD 1.205 PER PCS),,,,,,,,,3402.9,KGS,656.4491639,2233830.86,8.362409732,28456.44408,818475.6,2022,6,KG,Unknown,750ML,Steel,21492.0,1.205,3052306.46,896.9721296541185,Other,General,0.3663999878665836,No
INNSA1,2022-06-01,301049751,73231000,OKS-4156 STEEL SCRUBBER 6 PCS SET (QTY- 99600 SET/USD 0.275PER SET),,,,,,,,,8677.15,KGS,284.8484468,2471672.7,3.62402604,31446.21756,1086547.3,2022,6,KG,Unknown,,Steel,99600.0,0.275,3558220.0,410.06782180785166,Other,General,0.4395999923452648,No
INNSA1,2022-05-30,301049751,73239990,MILD STEEL MULTI FUNCTION CLOTH STAND - RYX-02-020 (QTY :1232 NUM USD 15.30 PER NUM),,,,,,,,,4004.0,KGS,450.593017,1804174.44,5.732735585,22953.87328,661049.5,2022,5,KG,Unknown,,Steel,1232.0,15.3,2465223.94,615.6902947052947,Other,General,0.36639999178793375,No
INNSA1,2022-05-27,301049751,73239990,SB-01 - STAINLESS STEEL SPORTS BOTTLE 750ML SG-702 (QTY:23904 PCS/USD 1.205 PER PCS),,,,,,,,,3784.8,KGS,651.9549778,2467519.2,8.294592593,31393.37405,904099.0,2022,5,KG,Unknown,750ML,Steel,23904.0,1.205,3371618.2,890.831272458254,Other,General,0.366399985864345,No
INNSA1,2022-05-27,301049751,73239990,SB-12 STEEL TEA STRAINER BIG - SB-12 (QTY:25200 PCS/USD 1.1584 PER PCS),,,,,,,,,5985.0,KGS,415.261213,2485338.36,5.28322154,31620.08092,910628.0,2022,5,KG,Unknown,,Steel,25200.0,1.1584,3395966.36,567.412925647452,Other,General,0.3664000100171471,No
INNSA1,2022-05-27,301049751,73239990,NP-20 STAINLESS STEEL SPORTS BOTTLE 750 ML S-308-C6 (QTY:20880 PCS USD 1.113 PER PCS),,,,,,,,,3712.0,KGS,536.3158378,1990804.39,6.823356715,25328.30013,729430.8,2022,5,KG,Unknown,750ML,Steel,20880.0,1.113,2720235.19,732.8219800646551,Other,General,0.36640003591714004,No
INNSA1,2022-05-27,301049751,73239990,NP-19 STEEL SALT BOTTLE(QTY: 50400 PCS / USD 0.4932 PER PCS),,,,,,,,,7875.0,KGS,268.7382273,2116313.54,3.419061416,26925.10865,775417.3,2022,5,KG,Unknown,,Steel,50400.0,0.4932,2891730.84,367.20391619047615,Other,General,0.36640000895141467,No
INNSA1,2022-05-27,301049751,73239990,SB-01 STAINLESS STEEL SPORTS BOTTLE 750ML SG-702 (QTY: 16632NUM USD 1.205 PER NUM),,,,,,,,,2633.4,KGS,651.3647072,1715303.82,8.287082789,21823.20382,628487.4,2022,5,KG,Unknown,750ML,Steel,16632.0,1.205,2343791.22,890.0247664616086,Other,General,0.3664000468441795,No
INNSA1,2022-05-27,301049751,73239990,NP-21 STAINLESS STEEL SPORTS BOTTLE 650ML S115 (QTY: 17532 NUM USD 1.140 PER NUM),,,,,,,,,3068.1,KGS,557.5404387,1710589.82,7.093389805,21763.22926,626760.2,2022,5,KG,Unknown,650ML,Steel,17532.0,1.14,2337350.02,761.8232847690754,Other,General,0.3664000525853708,No
INNSA1,2022-05-27,301049751,73239990,AM-06 STAINLESS STEEL BOTTLE 750ML SG805 (QTY: 11196 NUM USD1.140 PER NUM),,,,,,,,,1679.4,KGS,650.4638145,1092388.93,8.275621049,13898.07799,400251.3,2022,5,KG,Unknown,750ML,Steel,11196.0,1.14,1492640.23,888.7937537215672,Other,General,0.3663999963822409,No
INNSA1,2022-05-27,301049751,73239990,AM-253 STEEL KITCHEN TURNER (QTY:4464 PCS/ USD 0.573 PER PCS),,,,,,,,,434.0,KGS,534.1403226,231816.9,6.795678404,2949.324427,84937.7,2022,5,KG,Unknown,,Steel,4464.0,0.573,316754.6,729.8493087557603,Other,General,0.366399947544808,No
INNSA1,2022-05-27,301049751,73239990,NP-003 - STEEL ZHARA (QTY:102000 PCS/USD 0.4484 PER PCS),,,,,,,,,9520.0,KGS,409.0300903,3893966.46,5.20394517,49541.55802,1426749.3,2022,5,KG,Unknown,,Steel,102000.0,0.4484,5320715.76,558.8987142857143,Other,General,0.36639999718949817,No
INNSA1,2022-05-27,301049751,73239990,NP-55 STEEL TEA STRAINER(QTY:50400 PCS/USD 0.3109 PER PCS),,,,,,,,,2310.0,KGS,577.5182338,1334067.12,7.347560226,16972.86412,488802.1,2022,5,KG,Unknown,,Steel,50400.0,0.3109,1822869.2200000002,789.1208744588746,Other,General,0.3663999304622694,No
INNSA1,2022-05-27,301049751,73239990,AM-253 STEEL KITCHEN TURNER(QTY:17424 PCS/ USD 0.5754 PER PCS),,,,,,,,,1452.0,KGS,587.8648691,853579.79,7.479196808,10859.79377,312751.7,2022,5,KG,Unknown,,Steel,17424.0,0.5754,1166331.49,803.2586019283747,Other,General,0.3664000760842756,No
INNSA1,2022-05-26,301049751,73239990,NP-21 STAINLESS STEEL SPORTS BOTTLE 650ML S115(QTY:22248PCSUSD 1.140PER PCS),,,,,,,,,3893.4,KGS,558.338013,2173833.22,7.103537062,27656.9112,796492.5,2022,5,KG,Unknown,650ML,Steel,22248.0,1.14,2970325.72,762.9130631324806,Other,General,0.3664000037684583,No
INNSA1,2022-05-26,301049751,73239990,AM-06 - STAINLESS STEEL BOTTLE 750ML SG805 (QTY:16488 PCS/USD 1.140 PER PCS),,,,,,,,,2473.2,KGS,651.3943191,1611028.43,8.287459531,20496.54491,590280.9,2022,5,KG,Unknown,750ML,Steel,16488.0,1.14,2201309.33,890.0652312793144,Other,General,0.36640005167382433,No
INNSA1,2022-05-26,301049751,73231000,STEEL SCRUBBER 2 PCS SET-8001-2 (QTY- 165600 SET/USD 0.168 PER SET),,,,,,,,,4830.0,KGS,511.8293747,2472135.88,6.511824106,31452.11043,1086750.9,2022,5,KG,Unknown,,Steel,165600.0,0.168,3558886.78,736.8295610766045,Other,General,0.43959998671270445,No
INNSA1,2022-05-26,301049751,73239990,SB-01 - STAINLESS STEEL SPORTS BOTTLE 750ML SG-702 (QTY:6192PCS/USD 1.205 PER PCS),,,,,,,,,980.4,KGS,652.2964198,639511.41,8.298936639,8136.277481,234317.0,2022,5,KG,Unknown,750ML,Steel,6192.0,1.205,873828.41,891.2978478172175,Other,General,0.36640003029813023,No
INNSA1,2022-05-26,301049751,73239990,SM1168 STEEL HANGER WITH HOOK (QTY:57792 PCS/USD 1.35 PER PCS),,,,,,,,,10836.0,KGS,592.3425729,6418624.12,7.53616505,81661.88448,2351783.9,2022,5,KG,Unknown,,Steel,57792.0,1.35,8770408.02,809.3768936877076,Other,General,0.36640000349483,No
INNSA1,2022-05-18,301049751,73239990,6587 STEEL LUNCH BOX SMALL (QTY:19920 PCS/USD 1.73 PER PCS),,,,,,,,,4042.1,KGS,703.616338,2844087.6,9.131944686,36912.23361,1042073.7,2022,5,KG,Unknown,,Steel,19920.0,1.73,3886161.3,961.4213651319858,Other,General,0.3664000011813982,No
INNSA1,2022-05-18,301049751,73239990,6856 STEEL ROUND CONTAINER (QTY:24576 PCS/USD 0.66 PER PCS),,,,,,,,,2048.0,KGS,653.6311328,1338636.56,8.483207434,17373.60883,490476.4,2022,5,KG,Unknown,,Steel,24576.0,0.66,1829112.96,893.1215625,Other,General,0.36639997341772884,No
INNSA1,2022-05-18,301049751,73239990,KWP-1000B SS OIL POT 900ML(QTY: 17040 PCS/USD 1.64 PER PCS),,,,,,,,,4260.0,KGS,548.0456995,2334674.68,7.112857878,30300.77456,855424.8,2022,5,KG,Unknown,900ML,General,17040.0,1.64,3190099.4800000004,748.8496431924883,Other,General,0.366399998821249,No
INNSA1,2022-05-18,301049751,73239990,6901 STEEL RECTANGLE CONTAINER(QTY:54696 PCS/ USD 1.06 PER PCS),,,,,,,,,8888.1,KGS,538.3442198,4784857.26,6.986946396,62100.67826,1753171.7,2022,5,KG,Unknown,,Steel,54696.0,1.06,6538028.96,735.593541926846,Other,General,0.3663999999866245,No
INNSA1,2022-05-18,301049751,73239990,8504 STEEL LUNCH BOX 2 LAYER (QTY:22080 PCS/USD 2.75 PER PCS),,,,,,,,,10561.6,KGS,474.470923,5011172.1,6.157961362,65037.92472,1836093.4,2022,5,KG,Unknown,2L,Steel,22080.0,2.75,6847265.5,648.3170637024693,Other,General,0.3663999885376118,No
INNSA1,2022-05-18,301049751,73239990,6857 STEEL ROUNDCONTAINER(QTY:29880 PCS/ USD 0.85 PER PCS),,,,,,,,,3809.7,KGS,550.1945849,2096076.31,7.14074737,27204.10526,768002.4,2022,5,KG,Unknown,,Steel,29880.0,0.85,2864078.71,751.7858912775284,Other,General,0.366400019090908,No
INNSA1,2022-05-18,301049751,73239990,KWB-600F STAINLESS STEEL SPORTS BOTTLE(QTY:18864 PCS / USD 1.01 PER PCS),,,,,,,,,2947.5,KGS,540.0255165,1591725.21,7.008767249,20658.34147,583208.1,2022,5,KG,Unknown,,Steel,18864.0,1.01,2174933.31,737.8908600508906,Other,General,0.3663999893549465,No
INNSA1,2022-05-18,301049751,73239990,SB-01STAINLESS STEEL SPORTS BOTTLE 750ML SG-702 (QTY:28152 PCS/USD 1.205 PER PCS),,,,,,,,,4457.4,KGS,640.1367591,2853345.59,8.308069554,37032.38923,1045465.8,2022,5,KG,Unknown,750ML,Steel,28152.0,1.205,3898811.3899999997,874.6828622066676,Other,General,0.36639999152713926,No
INNSA1,2022-05-18,301049751,73239990,AM-06 STAINLESS STEEL BOTTLE 750ML SG805(QTY: 900 PCS/ USD 1.140 PER PCS),,,,,,,,,135.0,KGS,639.2514074,86298.94,8.296578941,1120.038157,31620.0,2022,5,KG,Unknown,750ML,Steel,900.0,1.14,117918.94,873.4736296296296,Other,General,0.36640079240834245,No
INNSA1,2022-05-18,301049751,73239990,SL-01 - STAINLESS STEEL COLA BOTTLE 750ML SK750 (QTY:15660 PCS/USD 1.300 PER PCS),,,,,,,,,3132.0,KGS,546.7281673,1712352.62,7.095758174,22223.9146,627406.0,2022,5,KG,Unknown,750ML,Steel,15660.0,1.3,2339758.62,747.049367816092,Other,General,0.3664000000186877,No
INNSA1,2022-05-14,301049751,73231000,SS410 SS SCRUBBER 3 PCS SET(QTY- 122640 SET/USD 0.195 PER SET),,,,,,,,,7869.4,KGS,280.2241988,2205196.31,3.636913677,28620.32849,969404.3,2022,5,KG,Unknown,,General,122640.0,0.195,3174600.6100000003,403.41075685566886,Other,General,0.4396000009631796,No
INNSA1,2022-05-13,301049751,73239990,2628 HOUSEHOLD STEEL HOOK 3 PCS SET(QTY : 163080 SET/USD 0.445 PER SET),,,,,,,,,5526.6,KGS,1060.087654,5858680.43,13.75843808,76037.38391,2146620.5,2022,5,KG,Unknown,,Steel,163080.0,0.445,8005300.93,1448.5037690442584,Other,General,0.36639999836959875,No
INNSA1,2022-05-11,301049751,73239990,KWB-600F STAINLESS STEEL SPORTS BOTTLE(QTY:31200 PCS / USD:1.01 PER PCS),,,,,,,,,4750.0,KGS,553.4751263,2629006.85,7.183324157,34120.78975,963268.1,2022,5,KG,Unknown,,Steel,31200.0,,3592274.95,756.2684105263158,Other,General,0.3663999962571417,No
INNSA1,2022-05-11,301049751,73239990,KWP-1000B SS OIL POT 900ML (QTY: 9960 PCS/USD 1.64 PER PCS),,,,,,,,,2350.0,KGS,579.8973447,1362758.76,7.526247173,17686.68086,499314.9,2022,5,KG,Unknown,900ML,General,9960.0,1.64,1862073.6600000001,792.371770212766,Other,General,0.3664000662890621,No
INNSA1,2022-05-07,301049751,73239990,6581 STEEL ROUND CONTAINER MEDIUM(QTY:87720 PCS/ USD 1.02 PER PCS),,,,,,,,,10599.5,KGS,691.7499354,7332203.44,9.007160617,95471.39896,2686519.4,2022,5,KG,Unknown,,Steel,87720.0,1.02,10018722.84,945.2071173168546,Other,General,0.36640000812634294,No
INNSA1,2022-05-07,301049751,73239990,8504 STEEL LUNCH BOX 2 LAYER (QTY 22080 PCS /USD 2.75 PER PCS),,,,,,,,,10561.6,KGS,471.1267687,4975852.48,6.134463134,64789.74583,1823152.3,2022,5,KG,Unknown,2L,Steel,22080.0,2.75,6799004.78,643.7476121042266,Other,General,0.3663999902183595,No
INNSA1,2022-05-07,301049751,73239990,6862 STEEL RECTANGLE CONTAINER LARGE(QTY:22800 PCS/USD1.63 PER PCS),,,,,,,,,5700.0,KGS,534.2977228,3045497.02,6.957001599,39654.90911,1115870.1,2022,5,KG,Unknown,,Steel,22800.0,1.63,4161367.12,730.0644070175439,Other,General,0.3663999973311417,No
INNSA1,2022-05-07,301049751,73239990,6856 STEEL ROUND CONTAINER(QTY:60960 PCS/ USD 0.66 PER PCS),,,,,,,,,5080.0,KGS,649.0242283,3297043.08,8.450836307,42930.24844,1208036.6,2022,5,KG,Unknown,,Steel,60960.0,0.66,4505079.68,886.8267086614172,Other,General,0.3664000046975425,No
INNSA1,2022-05-07,301049751,73239990,6527 STEEL LUNCH BOX (QTY 25956 PCS / USD 2.06 PER PCS),,,,,,,,,9041.34,KGS,484.6273738,4381680.86,6.310252263,57053.1362,1605447.9,2022,5,KG,Unknown,,Steel,25956.0,2.06,5987128.76,662.1948472239734,Other,General,0.36640000750762114,No
INNSA1,2022-05-05,301049751,73239990,NP-55 STEEL TEA STRAINER(QTY:122400 PCS/ USD 0.3285 PER PCS),,,,,,,,,5610.0,KGS,592.7696168,3325437.55,7.708317513,43243.66125,1218440.4,2022,5,KG,Unknown,,Steel,122400.0,0.3285,4543877.949999999,809.9604188948306,Other,General,0.3664000245621813,No
INNSA1,2022-05-05,301049751,73239990,NP-19 STEEL SALT BOTTLE (QTY:12624 PCS/ USD 0.5210 PER PCS),,,,,,,,,1972.5,KGS,275.7715285,543959.34,3.586105702,7073.593498,199306.8,2022,5,KG,Unknown,,Steel,12624.0,0.521,743266.1399999999,376.81426615969576,Other,General,0.36640017983697093,No
INNSA1,2022-05-05,301049751,73239990,SB-12 STEEL TEA STRAINER BIG(QTY:25200 PCS/USD 1.2240 PER PCS),,,,,,,,,5985.0,KGS,426.2356541,2551020.39,5.542726322,33173.21704,934693.9,2022,5,KG,Unknown,,Steel,25200.0,1.224,3485714.29,582.40840267335,Other,General,0.36640001140876804,No
INNSA1,2022-05-05,301049751,73239990,DS-25 STAINLESS STEEL GRATER WITH HANDLE(QTY:100680 PCS/ USD0.2400 PER PCS),,,,,,,,,3356.0,KGS,595.4763051,1998418.48,7.743515021,25987.23641,732220.6,2022,5,KG,Unknown,,Steel,100680.0,0.24,2730639.08,813.6588438617401,Other,General,0.3664000344912743,No
INNSA1,2022-05-04,301049751,73239990,AM-06 - STAINLESS STEEL BOTTLE 750ML SG805 (QTY:29016 PCS/USD 1.14 PER PCS),,,,,,,,,4352.4,KGS,644.3864213,2804627.46,8.379537338,36471.09831,1027615.5,2022,5,KG,Unknown,750ML,Steel,29016.0,1.14,3832242.96,880.4896057347671,Other,General,0.366399999520792,No
INNSA1,2022-05-04,301049751,73239990,NP-21 STAINLESS STEEL SPORTS BOTTLE 650ML S115(QTY:14976PCSUSD 1.14PER PCS),,,,,,,,,2662.4,KGS,543.7010404,1447549.65,7.070234596,18823.79259,530382.2,2022,5,KG,Unknown,650ML,Steel,14976.0,1.14,1977931.8499999999,742.913104717548,Other,General,0.36640000569237813,No
INNSA1,2022-05-02,301049751,73239990,8505 STEEL LUNCH BOX 3 LAYER(QTY:16800 PCS / USD 3.75 PER PCS),,,,,,,,,10892.0,KGS,486.8938414,5303247.72,6.331519393,68962.90923,1943110.0,2022,5,KG,Unknown,3L,Steel,16800.0,3.75,7246357.72,665.2917480719794,Other,General,0.3664000066736464,No
INNSA1,2022-05-02,301049751,73239990,6527 STEEL LUNCH BOX(QTY:25044 PCS USD 2.06 PER PCS),,,,,,,,,8723.66,KGS,497.8213926,4342824.57,6.47362019,56473.66151,1591210.9,2022,5,KG,Unknown,,Steel,25044.0,2.06,5934035.470000001,680.2231483116033,Other,General,0.3663999948310138,No
INNSA1,2022-05-02,301049751,73239990,6578 STEEL RECTANGLE CONTAINER BIG(QTY:37920 PCS/USD1.80 PERPCS),,,,,,,,,11202.2,KGS,512.9072798,5745689.93,6.669795576,74716.38401,2105220.8,2022,5,KG,Unknown,,Steel,37920.0,1.8,7850910.7299999995,700.8365080073556,Other,General,0.3664000016791717,No
INNSA1,2022-04-25,301049751,73239990,STAINLESS STEEL SPORTS BOTTLE - KWB-600F (QTY 50400 PCS / USD 1.01 PER PCS),,,,,,,,,7560.0,KGS,566.6417844,4283811.89,7.344676402,55525.7536,1569588.7,2022,4,KG,Unknown,,Steel,50400.0,1.01,5853400.59,774.2593373015873,Other,General,0.3664000054867022,No
INNSA1,2022-04-25,301049751,73231000,8001-2 STEEL SCRUBBER 2 PCS SET(QTY- 165720 SET/USD 0.168 PER SET),,,,,,,,,4833.0,KGS,518.1228223,2504087.6,6.715785123,32457.3895,1100796.9,2022,4,KG,Unknown,,Steel,165720.0,0.168,3604884.5,745.8896130767639,Other,General,0.4395999964218504,No
INNSA1,2022-04-25,301049751,73239990,NP-21 STAINLESS STEEL SPORTS BOTTLE 650ML S115(QTY: 43164 PCS/ USD 1.14 PER PCS),,,,,,,,,7673.6,KGS,544.4483802,4177879.09,7.05701076,54152.67777,1530774.9,2022,4,KG,Unknown,650ML,Steel,43164.0,1.14,5708653.99,743.9342668369475,Other,General,0.3664000003408428,No
INNSA1,2022-04-22,301049751,73231000,SS410 SS SCRUBBER 3 PCS SET(QTY- 108360SET/USD 0.195PER SET),,,,,,,,,6953.1,KGS,286.6600365,1993175.9,3.715619398,25835.07323,876200.1,2022,4,KG,Unknown,,General,108360.0,0.195,2869376.0,412.6757849016985,Other,General,0.43959998713610776,No
INNSA1,2022-04-21,301049751,73239990,NP-20 STAINLESS STEEL SPORTS BOTTLE 750 ML S-308-C6 (QTY:32904 PCS USD 1.113 PER PCS),,,,,,,,,5849.6,KGS,531.5230631,3109197.31,6.920873218,40484.33997,1139209.9,2022,4,KG,Unknown,750ML,Steel,32904.0,1.113,4248407.21,726.2731144009846,Other,General,0.3664000018062539,No
INNSA1,2022-04-21,301049751,73239990,NP-21 - STAINLESS STEEL SPORTS BOTTLE 650ML S115 (QTY:8532 PCS/USD 1.140 PER PCS),,,,,,,,,1516.8,KGS,544.4170688,825771.81,7.088763917,10752.23711,302562.8,2022,4,KG,Unknown,650ML,Steel,8532.0,1.14,1128334.61,743.8914886603376,Other,General,0.3664000106760728,No
INNSA1,2022-04-20,301049751,73239990,NP-21 STAINLESS STEEL SPORTS BOTTLE 650ML S115(QTY:19368PCSUSD 1.140PER PCS),,,,,,,,,3443.2,KGS,545.4156308,1877975.1,7.101766026,24452.80078,688090.1,2022,4,KG,Unknown,650ML,Steel,19368.0,1.14,2566065.2,745.2559247211897,Other,General,0.36640001243892956,No
INNSA1,2022-04-20,301049751,73231000,STEEL SCRUBBER 6PCS SET - OKS-4156 (QTY 98000 SET / USD 0.275 PER SET),,,,,,,,,8537.8,KGS,283.9476329,2424288.1,3.697234803,31566.2513,1065717.1,2022,4,KG,Unknown,,Steel,98000.0,0.275,3490005.2,408.7710182951112,Other,General,0.4396000211361018,No
INNSA1,2022-04-20,301049751,73239990,STAINLESS STEEL SPORTS BOTTLE 750ML SG-702 SB-01 (QTY: 25524NUM USD 1.205 PER NUM),,,,,,,,,4041.3,KGS,647.3138149,2615989.32,8.428565298,34062.36094,958498.5,2022,4,KG,Unknown,750ML,Steel,25524.0,1.205,3574487.82,884.4895998812262,Other,General,0.3664000050275435,No
INNSA1,2022-04-06,301049751,73239990,NP-19 STEEL SALT BOTTLE(QTY:25968 PCS/USD 0.524 PER PCS),,,,,,,,,4057.5,KGS,295.6624892,1199650.55,3.84476579,15600.13719,439551.9,2022,4,KG,Unknown,,Steel,25968.0,0.524,1639202.4500000002,403.9932101047443,Other,General,0.3663999487183997,No
INNSA1,2022-04-06,301049751,73239990,NP-20 STAINLESS STEEL SPORTS BOTTLE 750 ML S-308-C6 (QTY:28224 PCS USD 1.113 PER PCS),,,,,,,,,5017.6,KGS,536.3013891,2690945.85,6.974010262,34992.79389,985962.6,2022,4,KG,Unknown,750ML,Steel,28224.0,1.113,3676908.45,732.802226163903,Other,General,0.36640001507276704,No
INNSA1,2022-04-06,301049751,73239990,NP-21 STAINLESS STEEL SPORTS BOTTLE 650ML S115 (QTY : 15192PCS/USD 1.140 PER PCS),,,,,,,,,2700.8,KGS,549.3113966,1483580.22,7.143191113,19292.33056,543583.7,2022,4,KG,Unknown,650ML,Steel,15192.0,1.14,2027163.92,750.579058056872,Other,General,0.36639993757802997,No
INNSA1,2022-04-06,301049751,73239990,SL-01 - STAINLESS STEELCOLA BOTTLE 750MLSK750 (QTY:38196 PCS/USD 1.300PER PCS),,,,,,,,,7639.2,KGS,556.8068738,4253559.07,7.240661557,55312.86177,1558504.1,2022,4,KG,Unknown,750ML,Steel,38196.0,1.3,5812063.17,760.8209197298147,Other,General,0.3664000133422386,No
INNSA1,2022-04-06,301049751,73239990,SB-12 STEEL TEA STRAINER BIG - (QTY:25200 PCS/USD 1.230 PERPCS),,,,,,,,,5985.0,KGS,456.5900418,2732691.4,5.937451779,35535.64889,1001258.1,2022,4,KG,Unknown,,Steel,25200.0,1.23,3733949.5,623.8846282372598,Other,General,0.36639998940238916,No
INNSA1,2022-03-31,301049751,73239990,KL326D-9S STAINLESS STEEL GRATER WITH HANDLE(MILD STEEL) (QTY -10008PCS/USD 1.05 PER PCS),,,,,,,,,2210.1,KGS,399.9055744,883831.31,5.200332567,11493.25501,323835.8,2022,3,KG,Unknown,,Steel,10008.0,1.05,1207667.11,546.43098049862,Other,General,0.36640000906960396,No
INNSA1,2022-03-31,301049751,73239990,KL324H-9S STAINLESS STEEL GRATER WITH HANDLE(MILD STEEL) (QTY - 43344 PCS/USD 0.72 PER PCS),,,,,,,,,6862.8,KGS,382.4660488,2624788.0,4.9735507,34132.48375,961722.4,2022,3,KG,Unknown,,Steel,43344.0,0.72,3586510.4,522.6016203298944,Other,General,0.36640002925950593,No
INNSA1,2022-03-29,301049751,73239990,RS-02 STEEL HAND BLENDER (QTY:200PCS USD 0.465 PER PCS),,,,,,,,,11.6,KGS,687.9517241,7980.24,8.946056231,103.7742523,2923.9,2022,3,KG,Unknown,,Steel,200.0,0.465,10904.14,940.0120689655172,Other,General,0.3663924894489389,No
INNSA1,2022-03-29,301049751,73239990,NP-19 STEEL SALT BOTTLE (QTY:33600 PCS USD 0.526 PER PCS),,,,,,,,,5250.0,KGS,288.867501,1516554.38,3.756404434,19721.12328,555665.6,2022,3,KG,Unknown,,Steel,33600.0,0.526,2072219.98,394.70856761904764,Other,General,0.36640004956498823,No
INNSA1,2022-03-28,301049751,73231000,8001-2 STEEL SCRUBBER 2 PCS SET (QTY 164880/USD 0.168 PER PCS),,,,,,,,,4809.0,KGS,544.1351695,2616746.03,7.075879967,34027.90676,1150321.5,2022,3,KG,Unknown,,Steel,164880.0,0.168,3767067.53,783.3369785818257,Other,General,0.4395999790625459,No
INNSA1,2022-03-22,301049751,73239990,6561 STEEL LUNCH BOX (QTY:21240 PCS/USD 2.75 PER PCS),,,,,,,,,8094.8,KGS,602.0942309,4873832.38,7.829573873,63378.83459,1785772.2,2022,3,KG,Unknown,,Steel,21240.0,2.75,6659604.58,822.7015590255472,Other,General,0.36640000327627187,No
INNSA1,2022-03-22,301049751,73239990,8505 STEEL LUNCH BOX 3LAYER (QTY:16800 PCS/USD 3.75 PER PCS),,,,,,,,,10892.0,KGS,482.6322613,5256830.59,6.276102227,68359.30546,1926102.7,2022,3,KG,Unknown,3L,Steel,16800.0,3.75,7182933.29,659.4687192434815,Other,General,0.3663999946401164,No
INNSA1,2022-03-09,301049751,73239990,RYX-02-021A MILD STEEL MULTI FUNCTION CLOTH STAND - (QTY 5184 NUM USD 9.40 PER NUM),,,,,,,,,19008.0,KGS,280.4434512,5330669.12,3.65875344,69545.58539,1953157.2,2022,3,KG,Unknown,,Steel,5184.0,9.4,7283826.32,383.1979335016835,Other,General,0.3664000064592266,No
INNSA1,2022-03-09,301049751,73239990,RYX-02-020 MILD STEEL MULTI FUNCTION CLOTH STAND - (QTY 2464 NUM USD 15.30 PER NUM),,,,,,,,,8008.0,KGS,514.9878497,4124022.7,6.718693407,53803.2968,1511041.9,2022,3,KG,Unknown,,Steel,2464.0,15.3,5635064.6,703.6793956043956,Other,General,0.36639999580991633,No
INNSA1,2022-02-26,301049751,73239990,STAINLESS STEEL GRATER WITH HANDLE - KL324H-9S (MILD STEEL)(QTY - 59040 PCS/USD 0.72 PER PCS),,,,,,,,,9348.0,KGS,384.1449412,3590986.91,5.051215531,47218.76279,1315737.6,2022,2,KG,Unknown,,Steel,59040.0,0.72,4906724.51,524.8956471972614,Other,General,0.3663999989351117,No
INNSA1,2022-02-11,301049751,73239990,STEEL HANGER WITH HOOK SL-89 (QTY 70056 PCS / USD 1.15 PER PCS),,,,,,,,,15568.0,KGS,418.6168294,6517026.8,5.546797792,86352.54803,2387838.6,2022,2,KG,Unknown,,Steel,70056.0,1.15,8904865.4,571.9980344295992,Other,General,0.3663999970047691,No
INNSA1,2022-02-09,301049751,73239990,6901 STEEL RECTANGLE CONTAINER (QTY:54720 PCS / USD 1.06 PERPCS),,,,,,,,,8892.0,KGS,569.8737573,5067317.45,7.550997182,67143.46694,1856665.1,2022,2,KG,Unknown,,Steel,54720.0,1.06,6923982.550000001,778.6755004498426,Other,General,0.3663999973003468,No
INNSA1,2022-02-09,301049751,73239990,8504 STEEL LUNCH BOX 2 LAYER (QTY 22080 PCS / USD 2.75 PER PCS),,,,,,,,,10561.6,KGS,502.2595544,5304664.51,6.655088836,70288.38625,1943629.1,2022,2,KG,Unknown,2L,Steel,22080.0,2.75,7248293.609999999,686.2874573928192,Other,General,0.3664000044368499,No
INNSA1,2022-02-08,301049751,73239990,6862 STEEL RECTANGLE CONTAINER LARGE (QTY:20400 PCS/USD1.63PER PCS),,,,,,,,,5100.0,KGS,549.2623941,2801238.21,7.277890475,37117.24142,1026373.7,2022,2,KG,Unknown,,Steel,20400.0,1.63,3827611.91,750.5121392156863,Other,General,0.366400007088294,No
INNSA1,2022-02-08,301049751,73239990,8504 STEEL LUNCH BOX 2 LAYER(QTY:22080 PCS/USD2.75 PER PCS),,,,,,,,,10561.6,KGS,484.3221415,5115216.73,6.417412767,67778.14668,1874215.3,2022,2,KG,Unknown,2L,Steel,22080.0,2.75,6989432.03,661.7777637857901,Other,General,0.36639997852055817,No
INNSA1,2022-02-08,301049751,73239990,6578 STEEL RECTANGLE CONTAINER BIG (QTY:37920 PCS/USD1.80 PER PCS),,,,,,,,,11202.2,KGS,513.2982602,5750069.77,6.801354978,76190.13873,2106825.6,2022,2,KG,Unknown,,Steel,37920.0,1.8,7856895.369999999,701.3707459249075,Other,General,0.36640000630809744,No
INNSA1,2022-02-04,301049751,73239990,NP-21 STAINLESS STEEL SPORTS BOTTLE 650ML S115 (QTY:13680 PCS / USD1.140 PER PCS),,,,,,,,,2432.0,KGS,560.8412582,1363965.94,7.431313876,18072.95535,499757.1,2022,2,KG,Unknown,650ML,Steel,13680.0,1.14,1863723.04,766.3334868421052,Other,General,0.3663999850318843,No
INNSA1,2022-02-04,301049751,73239990,NP-003 STEEL ZHARA (QTY 107400 / USD 0.476 PER PCS),,,,,,,,,10024.0,KGS,434.8732961,4359169.92,5.762200823,57760.30105,1597199.9,2022,2,KG,Unknown,,Steel,107400.0,0.476,5956369.82,594.2108758978452,Other,General,0.3664000094770336,No
INNSA1,2022-02-04,301049751,73239990,AM-06 - STAINLESS STEEL BOTTLE 750ML SG805 (QTY:30240 PCS/USD 1.140 PER PCS),,,,,,,,,4536.0,KGS,659.6221142,2992045.91,8.740189667,39645.50033,1096285.6,2022,2,KG,Unknown,750ML,Steel,30240.0,1.14,4088331.5100000002,901.3076521164022,Other,General,0.36639999283968205,No
INNSA1,2022-02-04,301049751,73239990,SL-01 STAINLESS STEEL COLA BOTTLE 750ML SK750 (QTY:11124 PCS/ USD 1.300 PER PCS),,,,,,,,,2224.8,KGS,568.4940624,1264785.59,7.532715813,16758.78614,463417.4,2022,2,KG,Unknown,750ML,Steel,11124.0,1.3,1728202.9900000002,776.7902687882057,Other,General,0.3663999682349322,No
INNSA1,2022-02-04,301049751,73239990,NP-20 STAINLESS STEEL SPORTS BOTTLE 750 ML S-308-C6 (QTY:16128 PCS USD1.113 PER PCS),,,,,,,,,2867.2,KGS,547.558088,1569958.55,7.255307911,20802.41884,575232.8,2022,2,KG,Unknown,750ML,Steel,16128.0,1.113,2145191.35,748.1833670479912,Other,General,0.3663999918978753,No
INNSA1,2022-02-04,301049751,73239990,AM-253 STEEL KITCHEN TURNER (QTY:25200 PCS/ USD 0.611 PER PCS),,,,,,,,,2450.0,KGS,531.6896367,1302639.61,7.0450462,17260.36319,477287.1,2022,2,KG,Unknown,,Steel,25200.0,0.611,1779926.71,726.5006979591836,Other,General,0.36639995923354424,No
INNSA1,2022-02-04,301049751,73239990,STEEL ZHARA - NP-003 (QTY:43800 PCS/USD 0.4739 PER PCS),,,,,,,,,4088.0,KGS,458.667478,1875032.65,6.077480827,24844.74162,687012.0,2022,2,KG,Unknown,,Steel,43800.0,0.4739,2562044.65,626.7232509784735,Other,General,0.3664000197543227,No
INNSA1,2022-02-04,301049751,73239990,DS-25 STAINLESS STEEL GRATER WITH HANDLE (QTY:99720 PCS/USD0.2420 PER PCS),,,,,,,,,2991.6,KGS,685.2819561,2050089.5,9.080190223,27164.29707,751152.8,2022,2,KG,Unknown,,Steel,99720.0,0.242,2801242.3,936.3692672817222,Other,General,0.3664000035120418,No
INNSA1,2022-02-04,301049751,73239990,NP-003 STEEL ZHARA (QTY:52440 PCS/USD 0.4761 PER PCS),,,,,,,,,4894.4,KGS,433.3478465,2120977.7,5.741988161,28103.58686,777126.2,2022,2,KG,Unknown,,Steel,52440.0,0.4761,2898103.9000000004,592.1264915004905,Other,General,0.36639998619504577,No
INNSA1,2022-02-04,301049751,73239990,SL-01 STAINLESS STEEL COLABOTTLE 750ML SK750(QTY: 12204 NUMUSD 1.300PER NUM),,,,,,,,,2440.8,KGS,564.1504916,1376978.52,7.475162205,18245.37591,504525.0,2022,2,KG,Unknown,750ML,Steel,12204.0,1.3,1881503.52,770.8552605703047,Other,General,0.36640005103347584,No
INNSA1,2022-02-04,301049751,73239990,NP-55 STEEL TEA STRAINER (QTY:100800 PCS USD 0.330 PER PCS),,,,,,,,,4620.0,KGS,609.1444632,2814247.42,8.071345743,37289.61733,1031140.2,2022,2,KG,Unknown,,Steel,100800.0,0.33,3845387.62,832.3349826839827,Other,General,0.3663999805674513,No
INNSA1,2022-02-04,301049751,73239990,STEEL HAND BLENDER RS-02 (QTY: 48720 PCS USD 0.4634 PER PCS),,,,,,,,,2923.2,KGS,669.6022441,1957381.28,8.872429364,25935.88552,717184.5,2022,2,KG,Unknown,,Steel,48720.0,0.4634,2674565.7800000003,914.9445060207993,Other,General,0.3663999994932004,No
INNSA1,2022-02-04,301049751,73239990,NP-20 STAINLESS STEEL SPORTS BOTTLE 750 ML S-308-C6 (QTY:936PCS USD 1.113 PER PCS),,,,,,,,,166.4,KGS,543.375601,90417.7,7.19988871,1198.061481,33129.1,2022,2,KG,Unknown,750ML,Steel,936.0,1.113,123546.79999999999,742.4687499999999,Other,General,0.3664006051912402,No
INNSA1,2022-02-04,301049751,73239990,STEEL ZARA - NP-003 (QTY:101880 PCS/USD 0.4761 PER PCS),,,,,,,,,9508.8,KGS,442.2558009,4205321.96,5.860021213,55721.76971,1540829.9,2022,2,KG,Unknown,,Steel,101880.0,0.4761,5746151.859999999,604.2983194514554,Other,General,0.36639998427135884,No
INNSA1,2022-02-03,301049751,73239990,KWP-1000B SS OIL POT 900ML(QTY: 27000 PCS/USD 1.65 PER PCS),,,,,,,,,6975.0,KGS,550.6945004,3841094.14,7.313339978,51010.54635,1407376.9,2022,2,KG,Unknown,900ML,General,27000.0,1.65,5248471.04,752.4689663082437,Other,General,0.36640000184947297,No
INNSA1,2022-01-22,301049751,73239990,NP-55 STEEL TEA STRAINER (QTY:100800 PCS/USD 0.3285 PER PCS),,,,,,,,,4620.0,KGS,591.3082121,2731843.94,7.8526987,36279.46799,1000947.7,2022,1,KG,Unknown,,Steel,100800.0,0.3285,3732791.6399999997,807.9635584415583,Other,General,0.36640002942481403,No
INNSA1,2022-01-22,301049751,73239990,RS-02 STEEL HAND BLENDER (QTY:49800 PCS/USD 0.4612 PER PCS),,,,,,,,,2988.0,KGS,634.1588989,1894866.79,8.421764926,25164.2336,694279.2,2022,1,KG,Unknown,,Steel,49800.0,0.4612,2589145.99,866.5147222222223,Other,General,0.3664000042979274,No
INNSA1,2022-01-22,301049751,73239990,NP-003 STEEL ZHARA (QTY:198480 PCS/USD 0.4739 PER PCS),,,,,,,,,18524.8,KGS,411.591411,7624648.57,5.466021394,101256.9531,2793671.3,2022,1,KG,Unknown,,Steel,198480.0,0.4739,10418319.870000001,562.3985074062879,Other,General,0.36640000838753406,No
INNSA1,2022-01-19,301049751,73239990,KWP-600B SS OIL POT 600ML (QTY:38800 PCS/USD 1.29 PER PCS),,,,,,,,,6790.0,KGS,629.2272533,4272453.05,8.345189036,56663.83355,1565426.8,2022,1,KG,Unknown,600ML,General,38800.0,1.29,5837879.85,859.776119293078,Other,General,0.3664000005804628,No
INNSA1,2022-01-19,301049751,73239990,NP-20 STAINLESS STEEL SPORTS BOTTLE 750ML S-308-C6 (QTY:20304 PCS/USD 1.113 PER PCS),,,,,,,,,3609.6,KGS,547.1768201,1975089.45,7.256987005,26194.82029,723672.8,2022,1,KG,Unknown,750ML,Steel,20304.0,1.113,2698762.25,747.6624141179078,Other,General,0.3664000129209338,No
INNSA1,2022-01-19,301049751,73239990,AM-06 STAINLESS STEEL BOTTLE 750ML SG805 (QTY:15588 NUM/USD1.140 PER NUM),,,,,,,,,2338.2,KGS,658.6929048,1540155.75,8.73598017,20426.46883,564313.1,2022,1,KG,Unknown,750ML,Steel,15588.0,1.14,2104468.85,900.037999315713,Other,General,0.36640002155626145,No
INNSA1,2022-01-19,301049751,73239990,AM-06 STAINLESS STEEL BOTTLE 750ML SG805 (QTY:15588 NUM/USD1.140 PER NUM),,,,,,,,,2338.2,KGS,658.6929048,1540155.75,8.73598017,20426.46883,564313.1,2022,1,KG,Unknown,750ML,Steel,15588.0,1.14,2104468.85,900.037999315713,Other,General,0.36640002155626145,No
INNSA1,2022-01-19,301049751,73239990,SL-01 STAINLESS STEEL COLA BOTTLE 750ML SK750 (QTY:14904 PCS/USD 1.300 PER PCS),,,,,,,,,2980.8,KGS,568.0982152,1693387.16,7.534459088,22458.71565,620457.0,2022,1,KG,Unknown,750ML,Steel,14904.0,1.3,2313844.16,776.2493827160494,Other,General,0.36639996727033175,No
INNSA1,2022-01-19,301049751,73239990,NP-21 STAINLESS STEELSPORTS BOTTLE 650ML S115 (QTY:4860 PCS/USD 1.140 PER PCS),,,,,,,,,864.0,KGS,560.4507407,484229.44,7.433033697,6422.141114,177421.7,2022,1,KG,Unknown,650ML,Steel,4860.0,1.14,661651.14,765.7999305555555,Other,General,0.36640006852949714,No
INNSA1,2022-01-19,301049751,73239990,NP-21 STAINLESS STEEL SPORTS BOTTLE 650ML S115 (QTY:23580 NUM/USD 1.140 PER NUM),,,,,,,,,4192.0,KGS,555.7721398,2329796.81,7.370983286,30899.16194,853637.6,2022,1,KG,Unknown,650ML,Steel,23580.0,1.14,3183434.41,759.4070634541985,Other,General,0.36640002095290014,No
INNSA1,2022-01-19,301049751,73239990,NP-21 STAINLESS STEELSPORTS BOTTLE 650ML S115 (QTY:4860 PCS/USD 1.140 PER PCS),,,,,,,,,864.0,KGS,560.4507407,484229.44,7.433033697,6422.141114,177421.7,2022,1,KG,Unknown,650ML,Steel,4860.0,1.14,661651.14,765.7999305555555,Other,General,0.36640006852949714,No
INNSA1,2022-01-19,301049751,73239990,SB-01 STAINLESS STEEL SPORTS BOTTLE 750ML SG-702 (QTY:5328 NUM/USD 1.205 PER NUM),,,,,,,,,843.6,KGS,659.605192,556442.94,8.74807947,7379.879841,203880.8,2022,1,KG,Unknown,750ML,Steel,5328.0,1.205,760323.74,901.2846609767662,Other,General,0.3664001919046722,No
INNSA1,2022-01-19,301049751,73239990,NP-21 STAINLESS STEEL SPORTS BOTTLE 650ML S115 (QTY:23580 NUM/USD 1.140 PER NUM),,,,,,,,,4192.0,KGS,555.7721398,2329796.81,7.370983286,30899.16194,853637.6,2022,1,KG,Unknown,650ML,Steel,23580.0,1.14,3183434.41,759.4070634541985,Other,General,0.36640002095290014,No
INNSA1,2022-01-19,301049751,73231000,OKS-4156 STEEL SCRUBBER 6PCS SET (QTY:98000 SET/USD 0.275 PER PCS),,,,,,,,,8537.8,KGS,296.346847,2530150.11,3.930329535,33556.36751,1112254.0,2022,1,KG,Unknown,,Steel,98000.0,0.275,3642404.11,426.62092225163394,Other,General,0.4396000046020985,No
INNSA1,2022-01-19,301049751,73239990,NP-20 STAINLESS STEEL SPORTS BOTTLE 750ML S-308-C6 (QTY:20304 PCS/USD 1.113 PER PCS),,,,,,,,,3609.6,KGS,547.1768201,1975089.45,7.256987005,26194.82029,723672.8,2022,1,KG,Unknown,750ML,Steel,20304.0,1.113,2698762.25,747.6624141179078,Other,General,0.3664000129209338,No
INNSA1,2022-01-19,301049751,73231000,OKS-4156 STEEL SCRUBBER 6PCS SET (QTY:98000 SET/USD 0.275 PER PCS),,,,,,,,,8537.8,KGS,296.346847,2530150.11,3.930329535,33556.36751,1112254.0,2022,1,KG,Unknown,,Steel,98000.0,0.275,3642404.11,426.62092225163394,Other,General,0.4396000046020985,No
INNSA1,2022-01-19,301049751,73239990,SB-01 STAINLESS STEEL SPORTS BOTTLE 750ML SG-702 (QTY:5328 NUM/USD 1.205 PER NUM),,,,,,,,,843.6,KGS,659.605192,556442.94,8.74807947,7379.879841,203880.8,2022,1,KG,Unknown,750ML,Steel,5328.0,1.205,760323.74,901.2846609767662,Other,General,0.3664001919046722,No
INNSA1,2022-01-19,301049751,73239990,KWP-600B SS OIL POT 600ML (QTY:38800 PCS/USD 1.29 PER PCS),,,,,,,,,6790.0,KGS,629.2272533,4272453.05,8.345189036,56663.83355,1565426.8,2022,1,KG,Unknown,600ML,General,38800.0,1.29,5837879.85,859.776119293078,Other,General,0.3664000005804628,No
INNSA1,2022-01-19,301049751,73239990,SL-01 STAINLESS STEEL COLA BOTTLE 750ML SK750 (QTY:14904 PCS/USD 1.300 PER PCS),,,,,,,,,2980.8,KGS,568.0982152,1693387.16,7.534459088,22458.71565,620457.0,2022,1,KG,Unknown,750ML,Steel,14904.0,1.3,2313844.16,776.2493827160494,Other,General,0.36639996727033175,No
INNSA1,2022-01-18,301049751,73239990,2628 HOUSEHOLD STEEL HOOK 3PCS SET (QTY:167400 PCS/USD 0.445PRE PCS),,,,,,,,,5673.0,KGS,1068.739716,6062960.41,14.17426679,80410.61552,2221468.7,2022,1,KG,Unknown,,Steel,167400.0,0.445,8284429.11,1460.32594923321,Other,General,0.36640000095266995,No
INNSA1,2022-01-18,301049751,73239990,2628 HOUSEHOLD STEEL HOOK 3PCS SET (QTY:167400 PCS/USD 0.445PRE PCS),,,,,,,,,5673.0,KGS,1068.739716,6062960.41,14.17426679,80410.61552,2221468.7,2022,1,KG,Unknown,,Steel,167400.0,0.445,8284429.11,1460.32594923321,Other,General,0.36640000095266995,No
INNSA1,2022-01-07,301049751,73239990,NP-20 STAINLESS STEEL SPORTS BOTTLE 750 ML S-308-C6 (QTY:4068 NUM/USD 1.113 PER NUM),,,,,,,,,723.2,KGS,537.8743225,388990.71,7.133611704,5159.027984,142526.1,2022,1,KG,Unknown,750ML,Steel,4068.0,1.113,531516.81,734.951341261062,Other,General,0.366399752837285,No
INNSA1,2022-01-07,301049751,73239990,SB-01 STAINLESS STEEL SPORTS BOTTLE 750ML SG-702 (QTY:42192NUM/USD 1.205 PER NUM),,,,,,,,,6680.4,KGS,653.8498189,4367978.33,8.671748261,57930.74708,1600427.3,2022,1,KG,Unknown,750ML,Steel,42192.0,1.205,5968405.63,893.420398479133,Other,General,0.36640000913191345,No
INNSA1,2021-12-29,301049751,73239990,SM1168 STEEL HANGER WITH HOOK (QTY:57792 PCS/USD 1.35 PER PCS),,,,,,,,,10836.0,KGS,573.6070949,6215606.48,7.434959104,80565.21685,2277398.2,2021,12,KG,Unknown,,Steel,57792.0,1.35,8493004.68,783.7767331118494,Other,General,0.36639999770384435,No
INNSA1,2021-12-29,301049751,73239990,RS-02 STEEL HAND BLENDER (QTY:50000 PCS/USD 0.461 PER PCS),,,,,,,,,2900.0,KGS,698.4413862,2025480.02,9.053031578,26253.79157,742135.9,2021,12,KG,Unknown,,Steel,50000.0,0.461,2767615.92,954.3503172413792,Other,General,0.3664000102059758,No
INNSA1,2021-12-29,301049751,73239990,NP-55 STEEL TEA STRAINER (QTY:77544 PCS/USD 0.3285 PER PCS),,,,,,,,,3554.1,KGS,622.6673251,2213021.94,8.070866171,28684.66546,810851.2,2021,12,KG,Unknown,,Steel,77544.0,0.3285,3023873.1399999997,850.8126220421484,Other,General,0.3663999824601829,No
INNSA1,2021-12-29,301049751,73231000,8001-2 STEEL SCRUBBER 2 PCS SET (QTY:164400 SET/USD 0.168 PER SET),,,,,,,,,4795.0,KGS,485.1613097,2326348.48,6.288545816,30153.57719,1022662.8,2021,12,KG,Unknown,,Steel,164400.0,0.168,3349011.2800000003,698.4382231491137,Other,General,0.4396000035213985,No
INNSA1,2021-12-29,301049751,73239990,AM-217 STEEL LEMON SQUEEZER (QTY:5100 PCS/USD 2.1327 PER PCS),,,,,,,,,1402.5,KGS,673.7507807,944935.47,8.732997806,12248.02942,346224.4,2021,12,KG,Unknown,,Steel,5100.0,2.1327,1291159.87,920.6130980392157,Other,General,0.3664000463439054,No
INNSA1,2021-12-29,301049751,73239990,NP-19 STEEL SALT BOTTLE (QTY:10848 PCS/USD 0.5055 PER PCS),,,,,,,,,1695.0,KGS,281.0625959,476401.1,3.6430667,6174.998056,174553.3,2021,12,KG,Unknown,,Steel,10848.0,0.5055,650954.3999999999,384.04389380530966,Other,General,0.36639986767452887,No
INNSA1,2021-12-29,301049751,73239990,KL326D-9S STAINLESS STEEL GRATER WITH HANDLE HEXA (QTY:37560PCS/USD 1.05 PER PCS),,,,,,,,,8607.5,KGS,405.1068324,3486957.06,5.25089867,45197.1103,1277621.0,2021,12,KG,Unknown,,Steel,37560.0,1.05,4764578.0600000005,553.5379680511182,Other,General,0.36639998084748426,No
INNSA1,2021-12-29,301049751,73231000,8001-2STEEL SCRUBBER 2 PCS SET (QTY:164400 SET/USD 0.168 PERSET),,,,,,,,,4823.0,KGS,482.3446797,2326348.39,6.252037325,30153.57602,1022662.8,2021,12,KG,Unknown,,Steel,164400.0,0.168,3349011.1900000004,694.3834107402033,Other,General,0.4396000205283096,No
INNSA1,2021-12-28,301049751,73239990,RYX-02-021A MILD STEEL MULTI FUNCTION CLOTH STAND (QTY:3888NUS/USD 9.40 PER NUM),,,,,,,,,14256.0,KGS,285.7386911,4073490.78,3.703677136,52799.62126,1492527.1,2021,12,KG,Unknown,,Steel,3888.0,9.4,5566017.88,390.4333529741863,Other,General,0.3664000191992579,No
INNSA1,2021-12-28,301049751,73239990,RYX-02-020 MILD STEEL MULTI FUNCTION CLOTH STAND (QTY:2464 NUM/USD 15.30 PER NUM),,,,,,,,,8008.0,KGS,524.7117907,4201892.02,6.801189769,54463.92767,1539573.2,2021,12,KG,Unknown,,Steel,2464.0,15.3,5741465.22,716.9661863136863,Other,General,0.3663999914019685,No
INNSA1,2021-12-23,301049751,73239990,AM-253 STEEL KITCHEN TURNER (QTY:25236 SET/USD 0.6082 PER SET),,,,,,,,,2453.5,KGS,544.3990422,1335683.05,7.056371253,17312.80687,489394.3,2021,12,KG,Unknown,,Steel,25236.0,0.6082,1825077.35,743.8668636641532,Other,General,0.36640002281978495,No
INNSA1,2021-12-14,301049751,73231000,SS410 SS SCRUBBER 3 PCS SET (QTY:123600 SET/USD 0.195 PER SET),,,,,,,,,7931.0,KGS,293.8736313,2330711.77,3.87185285,30707.66495,1024580.9,2021,12,KG,Unknown,,General,123600.0,0.195,3355292.67,423.060480393393,Other,General,0.439600002534848,No
INNSA1,2021-12-08,301049751,73231000,8001-2 STEEL SCRUBBER 2 PCS SET (QTY:165360 SET/USD 0.168 PER SET),,,,,,,,,4823.0,KGS,477.0702115,2300909.63,6.285510033,30315.01489,1011479.9,2021,12,KG,Unknown,,Steel,165360.0,0.168,3312389.53,686.7902819821687,Other,General,0.439600011583245,No
INNSA1,2021-12-07,301049751,73239990,NP-19 STEEL SALT BOTTLE (QTY:39792 PCS/USD 0.5039 PER PCS),,,,,,,,,6217.5,KGS,273.2852336,1699150.94,3.600595963,22386.7054,622568.9,2021,12,KG,Unknown,,Steel,39792.0,0.5039,2321719.84,373.4169425010052,Other,General,0.36639999740105494,No
INNSA1,2021-12-07,301049751,73239990,NP-003 STEEL ZHARA (QTY:3120 PCS/USD 0.472 PER PCS),,,,,,,,,291.2,KGS,433.6225618,126270.89,5.713077231,1663.64809,46265.7,2021,12,KG,Unknown,,Steel,3120.0,0.472,172536.59,592.5020260989011,Other,General,0.366400363535887,No
INNSA1,2021-12-07,301049751,73239990,SB-12 STEEL TEA STRAINER BIG (QTY:30000 PCS/USD 1.220 PER PCS),,,,,,,,,7125.0,KGS,440.4563228,3138251.3,5.803113607,41347.18445,1149855.3,2021,12,KG,Unknown,,Steel,30000.0,1.22,4288106.6,601.8395228070175,Other,General,0.36640000754560353,No
INNSA1,2021-12-07,301049751,73239990,NP-003 STEEL ZHARA (QTY:192480 PCS/USD0.4724 PER PCS),,,,,,,,,17964.8,KGS,428.908741,7705259.75,5.650971554,101518.5738,2823207.2,2021,12,KG,Unknown,,Steel,192480.0,0.4724,10528466.95,586.0609052146419,Other,General,0.36640000358196884,No
INNSA1,2021-12-07,301049751,73231000,OKS-4156 STEEL SCRUBBER 6PCS SET(QTY 98000 SET / USD 0.275 PER SET),,,,,,,,,8537.8,KGS,296.5336632,2531745.11,3.906899384,33356.32556,1112955.1,2021,12,KG,Unknown,,Steel,98000.0,0.275,3644700.21,426.88985570053177,Other,General,0.4395999801101621,No
INNSA1,2021-12-04,301049751,73239990,2628 HOUSEHOLD STEEL HOOK 3PCS SET(QTY:166464 PKT /USD 0.445PER PKT),,,,,,,,,5641.28,KGS,1076.269045,6071535.04,14.18009282,79993.87404,2224610.4,2021,12,KG,Unknown,,Steel,166464.0,0.445,8296145.4399999995,1470.6140166770663,Other,General,0.36639999363324105,No
INNSA1,2021-11-28,301049751,73239990,DS-25 - STAINLESS STEEL GRATER WITH HANDLE (QTY: 100200 PCSUSD 0.2389 PER PCS),,,,,,,,,3340.0,KGS,597.0276527,1994072.36,7.949769011,26552.2285,730628.1,2021,11,KG,Unknown,,Steel,100200.0,0.2389,2724700.46,815.7785808383234,Other,General,0.36639999362911785,No
INNSA1,2021-11-27,301049751,73239990,STEEL HAND BLENDER RS-02 (QTY.50000 PCS/USD 0.4591 PER PCS),,,,,,,,,3000.0,KGS,619.23315,1857699.45,8.245448069,24736.34421,680661.1,2021,11,KG,Unknown,,Steel,,0.4591,2538360.55,846.1201833333332,Other,General,0.3664000115842205,No
INNSA1,2021-11-27,301049751,73239990,STEEL TEA STRAINER NP-55 (QTY:75600 PCS/ USD 0.3270 PER PCS),,,,,,,,,3465.0,KGS,577.3835671,2000634.06,7.688196632,26639.60133,733032.3,2021,11,KG,Unknown,,Steel,75600.0,0.327,2733666.3600000003,788.9369004329005,Other,General,0.36639999021110337,No
INNSA1,2021-11-23,301049751,73239990,KWP-1000B SS OIL POT 900ML (QTY:27000 PCS UNIT PRICE 1.65 USD PER PCS),,,,,,,,,6975.0,KGS,551.3855398,3845914.14,7.34201784,51210.57443,1409142.9,2021,11,KG,Unknown,900ML,General,27000.0,,5255057.04,753.4131956989247,Other,General,0.36639998936637724,No
INNSA1,2021-11-20,301049751,73239990,STAINLESS STEEL GRATER WITH HANDLE - KL324H-9S (QTY - 59040 PCS/USD 0.74 PER PCS),,,,,,,,,9840.0,KGS,377.7894268,3717447.96,5.030485044,49499.97284,1362073.0,2021,11,KG,Unknown,,Steel,59040.0,0.74,5079520.96,516.2114796747967,Other,General,0.36640001814578194,No
INNSA1,2021-11-08,301049751,73239990,STEEL KITCHEN TURNER ITEM NO-AM-253 (QTY:40644 PCS/ USD 0.595 PER PCS),,,,,,,,,3951.5,KGS,506.9444085,2003190.83,6.710051733,26514.76942,733969.1,2021,11,KG,Unknown,,Steel,40644.0,0.595,2737159.93,692.6888346197646,Other,General,0.36639998996001794,No
INNSA1,2021-11-01,301049751,73239990,STEEL ROUND CONTAINER MEDIUM - 6581 (QTY 2064 PCS /USD 0.92 PER PCS),,,,,,,,,255.42,KGS,672.695482,171819.88,8.87461058,2266.753034,62954.8,2021,11,KG,Unknown,,Steel,2064.0,0.92,234774.68,919.1710907524861,Other,General,0.36639997653356526,No
INNSA1,2021-11-01,301049751,73239990,STEEL LUNCH BOX 2 LAYER - 8504 (QTY 19260 PCS /USD 2.49 PER PCS),,,,,,,,,9212.7,KGS,471.0257134,4339418.59,6.214059544,57248.26636,1589963.0,2021,11,KG,Unknown,2L,Steel,19260.0,2.49,5929381.59,643.6095379204793,Other,General,0.3664000065962754,No
INNSA1,2021-10-28,301049751,73239990,STAINLESS STEEL SPORTS BOTTLE - KWB-600F (QTY 50400 PCS / USD 0.99 PER PCS),,,,,,,,,7560.0,KGS,525.7446032,3974629.2,6.935944633,52435.74142,1456304.1,2021,10,KG,Unknown,,Steel,50400.0,0.99,5430933.300000001,718.3774206349208,Other,General,0.36639999021795544,No
INNSA1,2021-10-26,301049751,73231000,SS SCRUBBER 3 PCS SET - SS410 (QTY- 120000 SET/USD 0.19 PER SET),,,,,,,,,7700.0,KGS,298.3306532,2297146.03,3.935760597,30305.3566,1009825.4,2021,10,KG,Unknown,,General,120000.0,0.19,3306971.4299999997,429.47680909090906,Other,General,0.4396000022689024,No
INNSA1,2021-10-20,301049751,73239990,STEEL TEA STRAINER BIG -SB-12 (QTY:600 PCS USD 1.207 PER PCS),,,,,,,,,142.5,KGS,409.1124211,58298.52,5.404391295,770.1257596,21360.6,2021,10,KG,Unknown,,Steel,600.0,1.207,79659.12,559.0113684210526,Other,General,0.366400382033712,No
INNSA1,2021-10-20,301049751,73239990,STAINLESS STEEL GRATER WITH HANDLE DS-25 (QTY:100200 PCS USD 0.2274 PER PCS),,,,,,,,,3340.0,KGS,561.0326976,1873849.21,7.411264169,24753.62232,686578.3,2021,10,KG,Unknown,,Steel,100200.0,0.2274,2560427.51,766.5950628742514,Other,General,0.366399973026645,No
INNSA1,2021-10-19,301049751,73239990,STEEL TEA STRAINER BIG SB-12 (QTY:24384 PCS USD 1.207 PER PCS),,,,,,,,,5791.2,KGS,414.9579569,2403104.52,5.481611055,31745.10594,880497.5,2021,10,KG,Unknown,,Steel,24384.0,1.207,3283602.02,566.9985529769306,Other,General,0.3664000016112491,No
INNSA1,2021-09-21,301049751,73231000,STEEL SCRUBBER 6PCS SET - OKS-4156 (QTY 98000 SET / USD 0.275 PER SET),,,,,,,,,8537.8,KGS,256.7326583,2191932.09,3.450707773,29461.45282,963573.3,2021,9,KG,Unknown,,Steel,98000.0,0.275,3155505.3899999997,369.5923294057017,Other,General,0.43959997866539746,No
INNSA1,2021-09-16,301049751,73239990,STEEL HANGER WITH HOOK SL-89 (QTY 70056 PCS / USD 1.12 PER PCS),,,,,,,,,15568.0,KGS,400.8235573,6240021.14,5.420196853,84381.62461,2286343.7,2021,9,KG,Unknown,,Steel,70056.0,1.12,8526364.84,547.6853057553957,Other,General,0.36639999267694795,No
INNSA1,2021-09-11,301049751,73239990,STEEL HAND BLENDER RS-02 (QTY:80720 PCS USD 0.4534 PER PCS),,,,,,,,,4843.2,KGS,606.3599025,2936722.28,8.199593003,39712.26883,1076015.0,2021,9,KG,Unknown,,Steel,80720.0,0.4534,4012737.28,828.5301618764453,Other,General,0.3663999852243434,No
INNSA1,2021-09-11,301049751,73239990,STEEL TEA STRAINER BIG-SB-12 (QTY:25104 PCS USD 1.2034 PER PCS),,,,,,,,,5962.2,KGS,397.4067207,2369418.35,5.373992166,32040.81609,868155.0,2021,9,KG,Unknown,,Steel,25104.0,1.2034,3237573.35,543.016562678206,Other,General,0.36640004919350777,No
INNSA1,2021-09-11,301049751,73239990,STEEL TEA STRAINER BIG SB-12 (QTY:8400 PCS USD 1.2034 PER PCS),,,,,,,,,1995.0,KGS,406.5805063,811128.11,5.498046062,10968.60189,297197.4,2021,9,KG,Unknown,,Steel,8400.0,1.2034,1108325.51,555.551634085213,Other,General,0.36640007458254653,No
INNSA1,2021-09-11,301049751,73239990,STEEL TEA STRAINER NP-55 (QTY:100800 PCS USD 0.3229 PER PCS),,,,,,,,,4620.0,KGS,552.5549242,2552803.75,7.472007089,34520.67275,935347.3,2021,9,KG,Unknown,,Steel,100800.0,0.3229,3488151.05,755.0110497835498,Other,General,0.36640000235035697,No
INNSA1,2021-09-11,301049751,73239990,STEEL ZHARA-NP003 (QTY:252000 PCS USD 0.4658 PER PCS),,,,,,,,,23520.0,KGS,391.4276756,9206378.93,5.293139629,124494.6441,3373217.3,2021,9,KG,Unknown,,Steel,252000.0,0.4658,12579596.23,534.8467784863946,Other,General,0.3664000065224341,No
INNSA1,2021-09-10,301049751,73231000,SS SCRUBBER 3 PCS SET - SS410 (QTY- 120120 SET/USD 0.19 PER SET),,,,,,,,,7507.5,KGS,269.1878868,2020928.06,3.640133695,27328.30372,888400.0,2021,9,KG,Unknown,,General,120120.0,0.19,2909328.06,387.5228851148851,Other,General,0.43960001228346546,No
INNSA1,2021-08-27,301049751,73239990,STEEL SALT BOTTLE - NP-19 (QTY:29712 PCS/USD 0.4984 PER PCS),,,,,,,,,4642.5,KGS,257.9022186322025,1197311.05,3.429550779683544,15921.68949468085,438694.7,2021,8,KG,Unknown,,Steel,29712.0,0.4984,1636005.75,352.3975767366721,Other,General,0.3663999426047225,No
INNSA1,2021-08-27,301049751,73239990,NP-21 STAINLESS STEEL SPORTS BOTTLE 650ML S115 (QTY : 7956 PCS/USD 1.110 PER PCS),,,,,,,,,1414.4,KGS,502.722433540724,711050.61,6.685138743892606,9455.460239361702,260528.9,2021,8,KG,Unknown,650ML,Steel,7956.0,1.11,971579.51,686.9199024321266,Other,General,0.3663999388172946,No
INNSA1,2021-08-27,301049751,73239990,STEEL HAND BLENDER - RS-02 (QTY:19280 PCS/USD 0.4548 PER PCS),,,,,,,,,1156.8,KGS,612.8668136237898,708964.33,8.149824649252523,9427.71715425532,259764.6,2021,8,KG,Unknown,,Steel,19280.0,0.4548,968728.9299999999,837.4212742047026,Other,General,0.36640009801339374,No
INNSA1,2021-08-27,301049751,73239990,STEEL TEA STRAINER - NP-55 (QTY:50400 PCS/USD 0.3239 PER PCS),,,,,,,,,2310.0,KGS,568.5403116883117,1313328.12,7.560376485216911,17464.46968085106,481203.4,2021,8,KG,Unknown,,Steel,50400.0,0.3239,1794531.52,776.8534718614719,Other,General,0.3663999823593208,No
INNSA1,2021-08-27,301049751,73239990,SL-01 - STAINLESS STEEL COLA BOTTLE 750ML SK750 (QTY:24408 PCS/USD 1.245 PER PCS),,,,,,,,,4881.6,KGS,501.2127581120944,2446720.2,6.665063272767212,32536.17287234043,896478.2,2021,8,KG,Unknown,750ML,Steel,24408.0,1.245,3343198.4000000004,684.8570960340872,Other,General,0.36639996678001835,No
INNSA1,2021-08-27,301049751,73239990,STEEL SALT BOTTLE - NP-19 (QTY:17136 PCS/USD 0.4984 PER PCS),,,,,,,,,2677.5,KGS,256.6194883286648,687098.68,3.412493195859904,9136.950531914894,251753.0,2021,8,KG,Unknown,,Steel,17136.0,0.4984,938851.68,350.6448851540616,Other,General,0.366400063525082,No
INNSA1,2021-08-27,301049751,73239990,STEEL TEA STRAINER BIG - SB-12 (QTY:15600 PCS/USD 1.2071 PER PCS),,,,,,,,,3705.0,KGS,410.9383562753037,1522526.61,5.464605801533293,20246.36449468085,557853.7,2021,8,KG,Unknown,,Steel,15600.0,1.2071,2080380.31,561.5061565452091,Other,General,0.3663999672229045,No
INNSA1,2021-08-27,301049751,73239990,STEEL ZARA - NP-003 (QTY:63600 PCS/USD 0.4563 PER PCS),,,,,,,,,5936.0,KGS,393.3195131401617,2334744.63,5.230312674736193,31047.13603723404,855450.4,2021,8,KG,Unknown,,Steel,63600.0,0.4563,3190195.03,537.431777291105,Other,General,0.36639998610897334,No
INNSA1,2021-08-27,301049751,73239990,KWP-600B SS OIL POT 600ML(QTY: 16680 PCS/USD 1.25 PER PCS),,,,,,,,,2895.0,KGS,609.2615233160623,1763812.11,8.10188195899019,23454.9482712766,646260.7,2021,8,KG,Unknown,600ML,General,16680.0,1.25,2410072.81,832.4949257340242,Other,General,0.3663999676246695,No
INNSA1,2021-08-27,301049751,73239990,STEEL TEA STRAINER - NP-55 (QTY:50400 PCS/USD 0.3239 PER PCS),,,,,,,,,2310.0,KGS,571.3820173160173,1319892.46,7.598165123883207,17551.76143617021,483608.6,2021,8,KG,Unknown,,Steel,50400.0,0.3239,1803501.06,780.7363896103897,Other,General,0.3664000020122851,No
INNSA1,2021-08-27,301049751,73239990,SB-01 - STAINLESS STEEL SPORTS BOTTLE 750ML SG-702 (QTY:9072 PCS/USD 1.150 PER PCS),,,,,,,,,1436.4,KGS,584.8011974380395,840008.44,7.776611668059036,11170.325,307779.1,2021,8,KG,Unknown,750ML,Steel,9072.0,1.15,1147787.54,799.0723614592035,Other,General,0.3664000090284807,No
INNSA1,2021-08-27,301049751,73239990,STEEL ZHARA - NP-003 (QTY:156000 PCS/USD 0.4672 PER PCS),,,,,,,,,14560.0,KGS,406.5014141483516,5918660.59,5.405603911547229,78705.59295212766,2168597.2,2021,8,KG,Unknown,,Steel,156000.0,0.4672,8087257.79,555.4435295329671,Other,General,0.36639999321197775,No
INNSA1,2021-08-27,301049751,73239990,STEEL HAND BLENDER - RS-02 (QTY:69200 PCS/USD 0.4548 PER PCS),,,,,,,,,4152.0,KGS,609.8190245664739,2531968.59,8.10929553944779,33669.79507978723,927713.3,2021,8,KG,Unknown,,Steel,69200.0,0.4548,3459681.8899999997,833.2567172447012,Other,General,0.36640000340604545,No
INNSA1,2021-08-27,301049751,73239990,STEEL TEA STRAINER BIG - SB-12 (QTY:26400 PCS/USD 1.2071 PER PCS),,,,,,,,,6270.0,KGS,408.8945964912281,2563769.12,5.43742814483016,34092.6744680851,939365.0,2021,8,KG,Unknown,,Steel,26400.0,1.2071,3503134.12,558.7135757575758,Other,General,0.36639999782819754,No
INNSA1,2021-08-23,301049751,73239990,KWP-1000B SS OIL POT 900ML(QTY: 27000 PCS/USD 1.42 PER PCS),,,,,,,,,6975.0,KGS,449.0338193548387,3132010.89,5.971194406314345,41649.08098404255,1147568.8,2021,8,KG,Unknown,900ML,General,27000.0,1.42,4279579.69,613.55981218638,Other,General,0.3664000031621857,No
INNSA1,2021-08-03,301049751,73231000,STEEL SCRUBBER 6PCS SET - OKS-4156 (QTY 98000 SET / USD 0.275 PER SET),,,,,,,,,8537.8,KGS,260.1826102743095,2221387.09,3.450697748996147,29461.36724137931,976521.7,2021,8,KG,Unknown,,Steel,98000.0,0.275,3197908.79,374.5588781653354,Other,General,0.4395999708452434,No
INNSA1,2021-07-26,301049751,73231000,STEEL SCRUBBER 6PCS SET - OKS-4156 (QTY 98000 SET / USD 0.275 SET),,,,,,,,,8537.8,KGS,265.0518388812106,2262959.59,3.515276377734889,30012.72665782493,994797.0,2021,7,KG,Unknown,,Steel,98000.0,0.275,3257756.59,381.5686230644897,Other,General,0.43959998419591756,No
INNSA1,2021-07-22,301049751,73239990,STEEL LUNCH BOX 3 LAYER - 8505 (QTY 33600 PCS / USD 3.45 PER PCS),,,,,,,,,21784.0,KGS,424.819838872567,9254275.37,5.634215369662692,122735.7476127321,3390766.5,2021,7,KG,Unknown,3L,Steel,33600.0,3.45,12645041.87,580.4738280389276,Other,General,0.3664000004789138,No
INNSA1,2021-07-22,301049751,73239990,STEEL LUNCH BOX - 6561 (QTY 21240 PCS / USD 2.54 PER PCS),,,,,,,,,8094.8,KGS,532.0667626130355,4306974.03,7.056588363568109,57121.67148541114,1578075.3,2021,7,KG,Unknown,,Steel,21240.0,2.54,5885049.33,727.0160263378959,Other,General,0.36640000357745367,No
INNSA1,2021-07-22,301049751,73239990,STEEL LUNCH BOX 2 LAYER - 8504 (QTY 23676 PCS / USD 2.49 PER PCS),,,,,,,,,11325.02,KGS,415.5781773453821,4706431.17,5.511646914394988,62419.51153846153,1724436.3,2021,7,KG,Unknown,2L,Steel,23676.0,2.49,6430867.47,567.8460143999745,Other,General,0.36639998285579944,No
INNSA1,2021-07-21,301049751,73239990,STEEL ZARA - NP-003 (QTY 180000 / USD 0.4563 PER PCS),,,,,,,,,16800.0,KGS,391.9686208333333,6585072.83,5.198522822723254,87335.18342175065,2412770.8,2021,7,KG,Unknown,,Steel,180000.0,0.4563,8997843.629999999,535.5859303571428,Other,General,0.36640001747710355,No
INNSA1,2021-07-21,301049751,73239990,STAINLESS STEEL SPORTS BOTTLE - KWB-600F (QTY 50400 PCS / USD 0.99 PER PCS),,,,,,,,,7560.0,KGS,530.6704232804233,4011868.4,7.03806927427617,53207.80371352784,1469948.6,2021,7,KG,Unknown,,Steel,50400.0,0.99,5481817.0,725.1080687830688,Other,General,0.36640000454651006,No
INNSA1,2021-07-21,301049751,73239990,STEEL TOWEL HANGER - AM-280 (QTY 720 PCS / USD 0.826 PER PCS),,,,,,,,,90.0,KGS,541.6734444444445,48750.61,7.183997936928972,646.5598143236074,17862.2,2021,7,KG,Unknown,,Steel,720.0,0.826,66612.81,740.1423333333333,Other,General,0.3663995178726995,No
INNSA1,2021-07-21,301049751,73239990,STEEL TEA STRAINER - NP-55 (QTY 100800 PCS / USD 0.3239 PER PCS),,,,,,,,,4620.0,KGS,566.5876038961039,2617634.73,7.514424454855489,34716.64098143236,959101.3,2021,7,KG,Unknown,,Steel,100800.0,0.3239,3576736.0300000003,774.1852878787879,Other,General,0.36639997514091666,No
INNSA1,2021-07-21,301049751,73239990,STEEL HAND BLENDER - RS-02 (QTY 50000 PCS / USD 0.4548 PER PCS),,,,,,,,,3000.0,KGS,607.7245433333333,1823173.63,8.060007206012378,24180.02161803713,668010.8,2021,7,KG,Unknown,,Steel,50000.0,0.4548,2491184.4299999997,830.3948099999999,Other,General,0.3663999901095542,No
INNSA1,2021-07-21,301049751,73239990,MILD STEEL MULTI FUNCTION CLOTH STAND - RYX-02-021A(QTY : 6480 NUM USD 8.85 PER NUM),,,,,,,,,23760.0,KGS,236.7723308080808,5625710.58,3.140216588966589,74611.54615384615,2061260.3,2021,7,KG,Unknown,,Steel,6480.0,8.85,7686970.88,323.5257104377104,Other,General,0.3663999899546912,No
INNSA1,2021-07-21,301049751,73239990,STEEL SALT BOTTLE - NP-19 (QTY 26256 PCS / USD 0.4984 PER PCS),,,,,,,,,4102.5,KGS,255.7381840341255,1049165.9,3.391753103900868,13914.66710875331,384414.4,2021,7,KG,Unknown,,Steel,26256.0,0.4984,1433580.2999999998,349.44065813528334,Other,General,0.3664000135726867,No
INNSA1,2021-07-19,301049751,73239990,STAINLESS STEEL COLA BOTTLE 750ML SK750 SL-01 (QTY 10476 PCS / USD 1.245 PER PCS),,,,,,,,,2095.2,KGS,502.4950649102711,1052827.66,6.66439078130333,13963.23156498674,385756.1,2021,7,KG,Unknown,750ML,Steel,10476.0,1.245,1438583.7599999998,686.6092783505154,Other,General,0.3664000430991716,No
INNSA1,2021-07-19,301049751,73239990,STAINLESS STEEL SPORTS BOTTLE 650ML S115 NP-21 (QTY 43200 PCS / USD 1.110 PER PCS),,,,,,,,,7680.0,KGS,504.0086028645833,3870786.07,6.684464228973253,51336.68527851458,1418256.0,2021,7,KG,Unknown,650ML,Steel,43200.0,1.11,5289042.07,688.6773528645833,Other,General,0.3663999958540721,No
INNSA1,2021-07-19,301049751,73239990,STAINLESS STEEL SPORTS BOTTLE 750ML SG-702 SB-01 (QTY 22968 PCS / USD 1.150 PER PCS),,,,,,,,,3636.6,KGS,586.2973574217676,2132128.97,7.775827021508854,28277.5725464191,781212.1,2021,7,KG,Unknown,750ML,Steel,22968.0,1.15,2913341.0700000003,801.116721663092,Other,General,0.3664000212895189,No
INNSA1,2021-07-19,301049751,73239990,STAINLESS STEEL BOTTLE 750ML SG805 AM-06 (QTY 10908 PCS / USD 1.110 PER PCS),,,,,,,,,1636.2,KGS,597.3435276861019,977373.48,7.922327953396576,12962.51299734748,358109.7,2021,7,KG,Unknown,750ML,Steel,10908.0,1.11,1335483.18,816.2102310231022,Other,General,0.3664000582459021,No
INNSA1,2021-07-12,301049751,73239990,STEEL SALT BOTTLE ITEM NO-NP-19(QTY:31680 PCS USD 0.498 PER PCS),,,,,,,,,4950.0,KGS,255.4479737373737,1264467.47,3.392403369686238,16792.39667994688,463300.8,2021,7,KG,Unknown,,Steel,31680.0,0.498,1727768.27,349.04409494949493,Other,General,0.3663999359350858,No
INNSA1,2021-07-09,301049751,73239990,HOUSEHOLD STEEL HOOK 3 PCS SET -2628 (QTY : 19584 SET/USD 0.445 PER SET),,,,,,,,,663.68,KGS,1014.719021215043,673448.72,13.47568421268318,8943.542098273572,246751.6,2021,7,KG,Unknown,,Steel,19584.0,0.445,920200.32,1386.5120540019286,Other,General,0.3663999836542863,No
INNSA1,2021-07-07,301049751,73239990,MILD STEEL MULTI FUNCTION CLOTH STAND RYX-02-020 (QTY 2464 PCS / USD 14.20 PER PCS),,,,,,,,,8008.0,KGS,395.8428833666334,3169909.81,5.25687760115051,42097.07583001328,1161455.0,2021,7,KG,Unknown,,Steel,2464.0,14.2,4331364.8100000005,540.8797215284716,Other,General,0.3664000143903148,No
INNSA1,2021-06-29,301049751,73239990,STEEL ZHARA - NP-003 (QTY:60000 PCS USD 0.4606 PER PCS),,,,,,,,,5600.0,KGS,389.1574946428572,2179281.97,5.22008711794577,29232.48786049632,798488.9,2021,6,KG,Unknown,,Steel,60000.0,0.4606,2977770.87,531.7447982142858,Other,General,0.36639999366396814,No
INNSA1,2021-06-28,301049751,73239990,MILD STEEL MULTI FUNCTION CLOTH STAND RYX-02-021A (QTY 6480 PCS / USD 8.85 PER PCS),,,,,,,,,23760.0,KGS,235.6724444444445,5599577.28,3.161266860421791,75111.70060362174,2051685.1,2021,6,KG,Unknown,,Steel,6480.0,8.85,7651262.380000001,322.0228274410775,Other,General,0.3663999972512211,No
INNSA1,2021-06-23,301049751,73239990,STEEL SALT BOTTLE ITEM NO-NP-19 (QTY:48528 PCSUSD 0.5047 PER PCS),,,,,,,,,7582.5,KGS,260.1883244312562,1972877.97,3.490118369299211,26463.82253521127,722862.5,2021,6,KG,Unknown,,Steel,48528.0,0.5047,2695740.4699999997,355.5213280580283,Other,General,0.3664000059770549,No
INNSA1,2021-06-23,301049751,73239990,STEEL HAND BLENDER ITEM NO-RS-02 (QTY:11600 PCS USD 0.4605 PER PCS),,,,,,,,,696.0,KGS,618.2340373563219,430290.89,8.292877764672326,5771.842924211939,157658.6,2021,6,KG,Unknown,,Steel,11600.0,0.4605,587949.49,844.7550143678161,Other,General,0.36640004160906126,No
INNSA1,2021-06-23,301049751,73239990,STAINLESS STEEL GRATER WITH HANDLE - KL324H-9S (MILD STEEL) (QTY - 58284 PCS/USD 0.67 PER PCS),,,,,,,,,9714.0,KGS,323.3617068149063,3141135.62,4.337514511266349,42134.61596244132,1150912.1,2021,6,KG,Unknown,,Steel,58284.0,0.67,4292047.720000001,441.8414371010913,Other,General,0.36640000281172197,No
INNSA1,2021-06-18,301049751,73239990,NP-21 STAINLESS STEEL SPORTS BOTTLE 650ML S115 (QTY : 25776 PCS/USD 1.11 PER PCS),,,,,,,,,4582.4,KGS,502.7609156773744,2303851.62,6.743942530883627,30903.44225352113,844131.2,2021,6,KG,Unknown,650ML,Steel,25776.0,1.11,3147982.8200000003,686.9725078561454,Other,General,0.36639998542961716,No
INNSA1,2021-06-18,301049751,73239990,SB-01 - STAINLESS STEEL SPORTS BOTTLE 750ML SG-702 (QTY:45936 PCS/USD 1.15 PER PCS),,,,,,,,,7273.2,KGS,584.8459605125666,4253701.64,7.845016237593114,57058.37209926224,1558556.2,2021,6,KG,Unknown,750ML,Steel,45936.0,1.15,5812257.84,799.133509321894,Other,General,0.3663999809822111,No
INNSA1,2021-06-18,301049751,73239990,AM-06 - STAINLESS STEEL BOTTLE 750ML SG805 (QTY:18864 PCS/USD 1.11 PER PCS),,,,,,,,,2829.6,KGS,595.8647900763359,1686059.01,7.992820792439113,22616.48571428571,617772.0,2021,6,KG,Unknown,750ML,Steel,18864.0,1.11,2303831.01,814.1896416454622,Other,General,0.3663999873883418,No
INNSA1,2021-06-16,301049751,73239990,STEEL LUNCH BOX ITEM NO-6561 (QTY:21240 PCS USD 2.54 PER PCS),,,,,,,,,8094.8,KGS,525.6576110589515,4255093.23,7.108284125205564,57540.138336714,1559066.2,2021,6,KG,Unknown,,Steel,21240.0,2.54,5814159.430000001,718.2585647576223,Other,General,0.3664000095245856,No
INNSA1,2021-06-16,301049751,73239990,STEEL ROUND CONTAINER MEDIUM ITEM NO-6581 (QTY:85656 PCS USD 0.92 PER PCS),,,,,,,,,10599.93,KGS,586.3588004826447,6215362.24,7.9291250910432,84048.17092630155,2277308.6,2021,6,KG,Unknown,,Steel,85656.0,0.92,8492670.84,801.2006532118608,Other,General,0.36639997993101686,No
INNSA1,2021-06-16,301049751,73239990,STEEL ROUND CONTAINER ITEM NO-6856 (QTY:51648 PCS USD 0.61 PER PCS),,,,,,,,,4304.0,KGS,577.3403810408922,2484873.0,7.807172157415716,33602.06896551724,910457.5,2021,6,KG,Unknown,,Steel,51648.0,0.61,3395330.5,788.877904275093,Other,General,0.36640001319986976,No
INNSA1,2021-06-16,301049751,73239990,STEEL RECTANGLE CONTAINER ITEM NO-6901 (QTY:55200 PCS USD 0.99 PER PCS),,,,,,,,,8970.0,KGS,480.5103032329989,4310177.42,6.49777286319133,58285.02258282624,1579249.0,2021,6,KG,Unknown,,Steel,55200.0,0.99,5889426.42,656.5692775919732,Other,General,0.3663999984483237,No
INNSA1,2021-06-15,301049751,73239990,STEEL LEMON SQUEEZER -AM-217 (QTY:5040 PCS USD 2.1360 PER PCS),,,,,,,,,1386.0,KGS,610.0127272727273,845477.64,8.248988874546683,11433.0985801217,309783.0,2021,6,KG,Unknown,,Steel,5040.0,2.136,1155260.6400000001,833.5213852813854,Other,General,0.3663999913705583,No
INNSA1,2021-06-15,301049751,73239990,STAINLESS STEEL GRATER WITH HANDLE DS-25 (QTY:21240 PCS USD 0.2310 PER PCS),,,,,,,,,708.0,KGS,544.2564124293785,385333.54,7.359789214731285,5210.730764029749,141186.2,2021,6,KG,Unknown,,Steel,21240.0,0.231,526519.74,743.6719491525423,Other,General,0.36639997649828254,No
INNSA1,2021-06-15,301049751,73231000,STEEL SCRUBBER 2 PCS SET -8001-2 (QTY- 165360 SET/USD 0.168 PER SET),,,,,,,,,4823.0,KGS,463.3901617250674,2234930.75,6.266263174105036,30222.18728870858,982475.6,2021,6,KG,Unknown,,Steel,165360.0,0.168,3217406.35,667.0964855898818,Other,General,0.4396000189267609,No
INNSA1,2021-06-15,301049751,73239990,NP-21 - STAINLESS STEEL SPORTS BOTTLE 650ML S115 (QTY:16128 PCS/USD 1.110 PER PCS),,,,,,,,,2867.2,KGS,494.2478864397322,1417107.54,6.68354139877934,19163.04989858012,519228.2,2021,6,KG,Unknown,650ML,Steel,16128.0,1.11,1936335.74,675.3403111049107,Other,General,0.36639999812575974,No
INNSA1,2021-06-15,301049751,73239990,STEEL HAND BLENDER RS-02 (QTY:38400 PCS USD 0.4620 PER PCS),,,,,,,,,2304.0,KGS,604.729353298611,1393296.43,8.177543655153631,18841.06058147397,510503.8,2021,6,KG,Unknown,,Steel,38400.0,0.462,1903800.23,826.3021831597222,Other,General,0.36639999142178237,No
INNSA1,2021-06-15,301049751,73239990,SL-01 - STAINLESS STEEL COLA BOTTLE 750ML SK750 (QTY:24588 PCS/USD 1.245 PER PCS),,,,,,,,,4917.6,KGS,492.7636591020009,2423214.57,6.663470711318471,32768.28356997971,887865.8,2021,6,KG,Unknown,750ML,Steel,24588.0,1.245,3311080.37,673.3122600455506,Other,General,0.3663999923869722,No
INNSA1,2021-06-15,301049751,73239990,STEEL ZHARA ITEM NO-NP-003 (QTY:150000 PCS USD 0.4636 PER PCS),,,,,,,,,14000.0,KGS,390.1009321428571,5461413.05,5.275198541485559,73852.77958079783,2001061.8,2021,6,KG,Unknown,,Steel,150000.0,0.4636,7462474.85,533.0339178571428,Other,General,0.36640001070785155,No
INNSA1,2021-06-15,301049751,73239990,STEEL TEA STRAINER NP-55 (QTY:50400 PCS USD 0.3291 PER PCS),,,,,,,,,2310.0,KGS,563.9190779220779,1302653.07,7.625680566897605,17615.32210953347,477292.1,2021,6,KG,Unknown,,Steel,50400.0,0.3291,1779945.17,770.5390346320346,Other,General,0.3664000116316464,No
INNSA1,2021-06-15,301049751,73239990,STEEL SALT BOTTLE NP-19 (QTY:40224 PCS USD 0.5063 PER PCS),,,,,,,,,6285.0,KGS,254.4826778042959,1599423.63,3.441280294851872,21628.44665314401,586028.8,2021,6,KG,Unknown,,Steel,40224.0,0.5063,2185452.4299999997,347.7251280827366,Other,General,0.36639998872593876,No
INNSA1,2021-06-14,301049751,73231000,STEEL SCRUBBER 2 PCS SET - 8001-2 (QTY- 165840 SET/USD 0.168 PER SET),,,,,,,,,4837.0,KGS,463.2820074426297,2240895.07,6.264800641550098,30302.84070317782,985097.5,2021,6,KG,Unknown,,Steel,165840.0,0.168,3225992.57,666.9407835435187,Other,General,0.43960001215050204,No
INNSA1,2021-06-12,301049751,73239990,HOUSEHOLD STEEL HOOK 3 PCS SET -2628 (QTY : 147600 SET/USD 0.445 PER SET),,,,,,,,,5002.0,KGS,1004.531041583367,5024664.27,13.58392213094478,67946.77849898579,1841037.1,2021,6,KG,Unknown,,Steel,147600.0,0.445,6865701.369999999,1372.591237504998,Other,General,0.36640002218496487,No
INNSA1,2021-06-10,301049751,73239990,FAMILY CLOTH RACK 3 LAYERS 03-027I (MADE UP OF MILD STEEL)(QTY:3648 PCS/ RMB 80.10 PER PCS),,,,,,,,,20976.0,KGS,187.0042896643783,3922601.98,2.528793639815799,53043.9753887762,1437241.3,2021,6,KG,Unknown,3L,Steel,3648.0,,5359843.28,255.5226582761251,Other,General,0.36639998330903817,No
INNSA1,2021-06-09,301049751,73239990,SS OIL POT 900ML - KWP-1000B (QTY: 27000 PCS/USD 1.42PER PCS),,,,,,,,,6975.0,KGS,441.5714537634409,3079960.89,5.971216413298727,41649.23448275862,1128497.7,2021,6,KG,Unknown,900ML,General,27000.0,1.42,4208458.59,603.3632387096774,Other,General,0.36640000970921416,No
INNSA1,2021-06-09,301049751,73239990,MILD STEEL MULTI FUNCTION CLOTH STAND - RYX-02-020 (QTY :2464 NUM USD 14.20 PER NUM),,,,,,,,,8008.0,KGS,387.8240409590409,3105694.92,5.244408937918065,41997.22677484787,1137926.6,2021,6,KG,Unknown,,Steel,2464.0,14.2,4243621.52,529.9227672327672,Other,General,0.3663999939826672,No
INNSA1,2021-06-09,301049751,73231000,STEEL SCRUBBER 2 PCS SET -8001-2 (QTY- 165720 SET/USD 0.151 PER SET),,,,,,,,,4833.5,KGS,427.1018620047585,2064396.85,5.775549181943995,27916.1169709263,907508.9,2021,6,KG,Unknown,,Steel,165720.0,0.151,2971905.75,614.8558497982829,Other,General,0.43960002167218964,No
INNSA1,2021-06-09,301049751,73239990,STEEL KITCHEN TURNER ITEM NO-AM-253 (QTY:40320 PCS USD 0.5906 PER PCS),,,,,,,,,3696.0,KGS,508.3420075757576,1878832.06,6.874131272153584,25406.78918187965,688404.0,2021,6,KG,Unknown,,Steel,40320.0,0.5906,2567236.06,694.5985010822511,Other,General,0.3663999644545133,No
INNSA1,2021-06-09,301049751,73239990,STEEL HANGER WITH HOOK -SM1168 (QTY:57480 PCS USD 1.21 PER PCS),,,,,,,,,10777.5,KGS,494.0467297610763,5324588.63,6.680821227330307,72002.5507775524,1950929.3,2021,6,KG,Unknown,,Steel,57480.0,1.21,7275517.93,675.0654539549988,Other,General,0.3664000048769965,No
INNSA1,2021-06-09,301049751,73239990,STEEL KITCHEN CADDLE ITEM NO-AM-254 (QTY:20160 PCS USD 0.5906 PER PCS),,,,,,,,,1792.0,KGS,524.2278627232142,939416.33,7.088950138244952,12703.39864773496,344202.2,2021,6,KG,Unknown,,Steel,20160.0,0.5906,1283618.53,716.3049832589286,Other,General,0.36640006034385203,No
INNSA1,2021-06-05,301049751,73239990,FAMILY CLOTH RACK 3 LAYERS 03-027I (MADE UP OF MILD STEEL)(QTY:1824 PCS/ RMB 80.10 PER PCS),,,,,,,,,10488.0,KGS,187.0039082761251,1961296.99,2.528788482435769,26521.93360378634,718619.2,2021,6,KG,Unknown,3L,Steel,1824.0,,2679916.19,255.52213863463004,Other,General,0.36639999126292444,No
INNSA1,2021-06-02,301049751,73231000,SS SCRUBBER 3 PCS SET - SS410 (QTY- 123480 SET/USD 0.193 PER SET),,,,,,,,,7717.5,KGS,262.4813113054745,2025699.52,3.542257912354583,27337.37543859649,890497.5,2021,6,KG,Unknown,,General,123480.0,0.193,2916197.02,377.868094590217,Other,General,0.43959999556103957,No
INNSA1,2021-05-31,301049751,73239990,SS OIL POT 600ML - KWP-600B (QTY: 16200 PCS/USD 1.20 PER PCS),,,,,,,,,2835.0,KGS ,557.8980705467372,1581641.03,7.528988806298749,21344.68326585695,579513.3,2021,5,KG,Unknown,600ML,General,16200.0,1.2,2161154.33,762.3119329805996,Other,General,0.3664000168230335,No
INNSA1,2021-05-28,301049751,73239990,NP-003 - STEEL ZHARA (QTY:60000 PCS/USD 0.4585 PER PCS),,,,,,,,,5600.0,KGS ,389.7658482142857,2182688.75,5.259997951609794,29455.98852901485,799737.1,2021,5,KG,Unknown,,Steel,60000.0,0.4585,2982425.85,532.5760446428571,Other,General,0.36639997342726943,No
INNSA1,2021-05-28,301049751,73239990,DS-25 - STAINLESS STEEL GRATER WITH HANDLE (QTY:80760 PCS USD 0.2362 PER PCS),,,,,,,,,2692.0,KGS ,562.2148402674592,1513482.35,7.587244807927925,20424.86302294197,554539.9,2021,5,KG,Unknown,,Steel,80760.0,0.2362,2068022.25,768.2103454680534,Other,General,0.3663999781695505,No
INNSA1,2021-05-28,301049751,73239990,RS-02 - STEEL HAND BLENDER (QTY:50000 PCS/USD 0.4569 PER PCS),,,,,,,,,3000.0,KGS ,604.1866533333333,1812559.96,8.15366603688709,24460.99811066127,664122.0,2021,5,KG,Unknown,,Steel,50000.0,0.4569,2476681.96,825.5606533333333,Other,General,0.36640001691309565,No
INNSA1,2021-05-27,301049751,73239990,NP-20 - STAINLESS STEEL SPORTS BOTTLE 750ML S-308-C6 (QTY:4860 PCS/USD 1.060 PER PCS),,,,,,,,,864.0,KGS ,477.5906134259259,412638.29,6.445217455140701,5568.667881241566,151190.8,2021,5,KG,Unknown,750ML,Steel,4860.0,1.06,563829.09,652.5799652777778,Other,General,0.36640031636424236,No
INNSA1,2021-05-27,301049751,73239990,SB-01 - STAINLESS STEEL SPORTS BOTTLE 750ML SG-702 (QTY:17964 PCS/USD 1.130 PER PCS),,,,,,,,,2844.3,KGS ,571.6542945540203,1625956.31,7.714632854980032,21942.73022941971,595750.4,2021,5,KG,Unknown,750ML,Steel,17964.0,1.13,2221706.71,781.1084308968814,Other,General,0.3664000049300218,No
INNSA1,2021-05-27,301049751,73239990,MP-202 - STAINLESS STEEL SPORTS BOTTLE KOOU 750ML (QTY:21096 PCS/USD 1.142 PER PCS),,,,,,,,,3809.0,KGS ,506.6203491730113,1929716.91,6.836981770216077,26042.06356275304,707048.3,2021,5,KG,Unknown,750ML,Steel,21096.0,1.142,2636765.21,692.2460514570753,Other,General,0.36640001252826254,No
INNSA1,2021-05-27,301049751,73239990,NP-21 - STAINLESS STEEL SPORTS BOTTLE 650ML S115 (QTY:43164 PCS/USD 1.110 PER PCS),,,,,,,,,7673.6,KGS ,500.1184698185988,3837709.09,6.749237109562737,51790.94588394062,1406136.6,2021,5,KG,Unknown,650ML,Steel,43164.0,1.11,5243845.6899999995,683.3618757819015,Other,General,0.36639999724418926,No
INNSA1,2021-05-25,301049751,73239990,MILD STEEL MULTI FUNCTION CLOTH STAND - RYX-02-021A(QTY :10368 NUM USD 8.85 PER NUM),,,,,,,,,38016.0,KGS ,226.6315214646465,8615623.92,3.058455080494554,116270.228340081,3156764.6,2021,5,KG,Unknown,,Steel,10368.0,8.85,11772388.52,309.6693108164983,Other,General,0.36639999950229957,No
INNSA1,2021-05-25,301049751,73239990,MILD STEEL MULTI FUNCTION CLOTH STAND - RYX-02-020 (QTY :3696 NUM /USD 14.20 PER NUM),,,,,,,,,12012.0,KGS ,410.254681984682,4927979.24,5.536500431642133,66504.4431848853,1805611.6,2021,5,KG,Unknown,,Steel,3696.0,14.2,6733590.84,560.5719980019979,Other,General,0.3664000013116938,No
INNSA1,2021-05-22,301049751,73239990,STEEL LUNCH BOX SMALL - 6587 (QTY:5040 PCS/USD1.45 PER PCS),,,,,,,,,1022.7,KGS ,559.1405593038037,571833.05,7.545756535813815,7717.045209176789,209519.7,2021,5,KG,Unknown,,Steel,5040.0,1.45,781352.75,764.0097291483328,Other,General,0.36640012325275706,No
INNSA1,2021-05-22,301049751,73239990,STEEL LUNCH BOX 3LAYER - 8505 (QTY:16800 PCS/USD3.45 PER PCS),,,,,,,,,10892.0,KGS ,416.3815277267719,4535227.6,5.619183909942942,61204.15114709851,1661707.4,2021,5,KG,Unknown,3L,Steel,16800.0,3.45,6196935.0,568.9437201615865,Other,General,0.3664000016228513,No
INNSA1,2021-05-22,301049751,73239990,STEEL LUNCH BOX 2 LAYER - 8504 (QTY:21264 PCS/USD2.49 PER PCS),,,,,,,,,10171.28,KGS ,407.3234361850229,4143000.72,5.496942458637286,55910.94089068827,1517995.4,2021,5,KG,Unknown,2L,Steel,21264.0,2.49,5660996.12,556.5667369298652,Other,General,0.3663999845986027,No
INNSA1,2021-05-22,301049751,73239990,STEEL RECTANGLE CONTAINER BIG - 6578 (QTY:37920 PCS/USD1.66 PER PCS),,,,,,,,,11202.2,KGS ,439.6871659138383,4925463.57,5.933699944856119,66470.49352226722,1804689.9,2021,5,KG,Unknown,,Steel,37920.0,1.66,6730153.470000001,600.7885477852565,Other,General,0.3664000097355303,No
INNSA1,2021-05-22,301049751,73239990,STEEL RECTANGLE CONTAINER LARGE - 6862 (QTY:20400 PCS/USD1.48 PER PCS),,,,,,,,,5100.0,KGS ,463.2254352941177,2362449.72,6.251355402079861,31881.91255060729,865601.5,2021,5,KG,Unknown,,Steel,20400.0,1.48,3228051.22,632.9512196078432,Other,General,0.36639996723401164,No
INNSA1,2021-05-15,301049751,73239990,NP-21 STAINLESS STEEL SPORTS BOTTLE 650ML S115 (QTY:7524 PCS USD 1.11 PER PCS),,,,,,,,,1337.6,KGS ,509.0446471291866,680898.12,6.809961834504168,9109.004949832775,249481.1,2021,5,KG,Unknown,650ML,Steel,7524.0,1.11,930379.22,695.5586273923445,Other,General,0.3664000423440735,No
INNSA1,2021-05-15,301049751,73239990,SB-01 STAINLESS STEEL SPORTS BOTTLE 750ML SG-702 (QTY:11340 PCS USD 1.13 PER PCS),,,,,,,,,1795.5,KGS ,581.857254246728,1044724.7,7.784043535073284,13976.25016722408,382787.1,2021,5,KG,Unknown,750ML,Steel,11340.0,1.13,1427511.7999999998,795.0497354497353,Other,General,0.3663999712077258,No
INNSA1,2021-05-15,301049751,73239990,NP-20 STAINLESS STEEL SPORTS BOTTLE 750 ML S-308-C6 (QTY:24228 PCS USD 1.06 PER PCS),,,,,,,,,4307.2,KGS ,486.1147125742942,2093793.29,6.503206857181194,28010.61257525084,767165.9,2021,5,KG,Unknown,750ML,Steel,24228.0,1.06,2860959.19,664.2271522102526,Other,General,0.366400018408694,No
INNSA1,2021-05-14,301049751,73239990,NP-55 STEEL TEA STRAINER (QTY:20160 PCS USD 0.3224 PER PCS),,,,,,,,,924.0,KGS ,578.1259199134199,534188.35,7.734126018908627,7146.332441471572,195726.7,2021,5,KG,Unknown,,Steel,20160.0,0.3224,729915.05,789.9513528138528,Other,General,0.366400165784222,No
INNSA1,2021-05-14,301049751,73239990,RS-02 STEEL HAND BLENDER (QTY:9360 PCS USD 0.4527 PER PCS),,,,,,,,,561.6,KGS ,620.109188034188,348253.32,8.295775090758369,4658.9072909699,127600.1,2021,5,KG,Unknown,,Steel,9360.0,0.4527,475853.42000000004,847.3173433048433,Other,General,0.3664002399173108,No
INNSA1,2021-05-12,301049751,73239990,FAMILY CLOTH RACK 3 LAYERS 03-027I (MADE UP OF MILD STEEL)(QTY:1824 PCS/ RMB 80.10 PER PCS),,,,,,,,,10488.0,KGS ,184.2580205949657,1932498.12,2.46499024207312,25852.81765886288,708067.3,2021,5,KG,Unknown,3L,Steel,1824.0,,2640565.42,251.7701582761251,Other,General,0.3663999942209517,No
INNSA1,2021-05-07,301049751,73239990,STAINLESS STEEL BOTTLE 750ML SG805 AM-06 (QTY: 6048 NUM USD 1.110 PER NUM),,,,,,,,,907.2,KGS ,596.8539131393297,541465.87,7.984667734305415,7243.690568561873,198393.1,2021,5,KG,Unknown,750ML,Steel,6048.0,1.11,739858.97,815.5411926807759,Other,General,0.3664000096626589,No
INNSA1,2021-05-07,301049751,73239990,STAINLESS STEEL COLA BOTTLE 750ML SK750 SL-01 (QTY: 18000 NUM USD 1.245 PER NUM),,,,,,,,,3600.0,KGS ,502.0831888888889,1807499.48,6.716831958379784,24180.59505016722,662267.8,2021,5,KG,Unknown,750ML,Steel,18000.0,1.245,2469767.2800000003,686.0464666666668,Other,General,0.36639999475961127,No
INNSA1,2021-05-07,301049751,73239990,STAINLESS STEEL GRATER WITH HANDLE - KL324H-9S (MILD STEEL) (QTY - 58464 PCS/USD 0.67 PER PCS),,,,,,,,,9744.0,KGS ,322.0466215106732,3138022.28,4.308316006831749,41980.23117056856,1149771.4,2021,5,KG,Unknown,,Steel,58464.0,0.67,4287793.68,440.0445073891625,Other,General,0.3664000116659465,No
INNSA1,2021-05-07,301049751,73239990,STAINLESS STEEL SPORTS BOTTLE 750ML SG-702 SB-01 (QTY: 19404 NUM USD 1.130 PER NUM),,,,,,,,,3072.3,KGS ,575.6286560557237,1768503.92,7.700717806765534,23658.91531772575,647979.9,2021,5,KG,Unknown,750ML,Steel,19404.0,1.13,2416483.82,786.539016372099,Other,General,0.3664000360259309,No
INNSA1,2021-05-06,301049751,73239990,STAINLESS STEEL SPORTS BOTTLE 650ML S115 NP-21 (QTY: 7452 NUM USD 1.110 PER NUM),,,,,,,,,1324.8,KGS ,516.2532759661835,683932.34,6.779425817021451,8981.383322390018,250592.8,2021,5,KG,Unknown,650ML,Steel,7452.0,1.11,934525.1399999999,705.4084692028985,Other,General,0.3663999862910416,No
INNSA1,2021-05-06,301049751,73239990,STAINLESS STEEL SPORTS BOTTLE 750ML S-308-C6 (QTY: 11772 NUM USD 1.060 PER NUM),,,,,,,,,2092.8,KGS ,492.9986190749235,1031747.51,6.474046212408712,13548.88391332895,378032.3,2021,5,KG,Unknown,750ML,Steel,11772.0,1.06,1409779.81,673.6333189984709,Other,General,0.36640001195641364,No
INNSA1,2021-05-06,301049751,73239990,STAINLESS STEEL SPORTS BOTTLE KOOU 750ML MP-202 (QTY: 21384 NUM USD 1.142 PER NUM),,,,,,,,,3861.0,KGS ,522.9649987049987,2019167.86,6.86756400137884,26515.6646093237,739823.2,2021,5,KG,Unknown,750ML,Steel,21384.0,1.142,2758991.06,714.5793991193991,Other,General,0.36640004759188266,No
INNSA1,2021-05-06,301049751,73239990,STAINLESS STEEL SPORTS BOTTLE 750ML SG-702 SB-01 (QTY: 18000 NUM USD 1.130 PER NUM),,,,,,,,,2850.0,KGS ,590.0969824561403,1681776.4,7.749139625162708,22085.04793171372,616202.9,2021,5,KG,Unknown,750ML,Steel,18000.0,1.13,2297979.3,806.3085263157894,Other,General,0.3664000160782373,No
INNSA1,2021-05-06,301049751,73239990,STAINLESS STEEL BOTTLE 750ML SG805 AM-06 (QTY: 9180 NUM USD 1.110 PER NUM),,,,,,,,,1377.0,KGS ,611.8557298474946,842525.34,8.03487498158233,11064.02284963887,308701.3,2021,5,KG,Unknown,750ML,Steel,9180.0,1.11,1151226.64,836.0396804647785,Other,General,0.3664000183068678,No
INNSA1,2021-05-04,301049751,73239990,STEEL HAND BLENDER RS-02 (QTY:40640 PCS USD 0.4499 PER PCS),,,,,,,,,2438.4,KGS ,614.2962229330708,1497899.91,8.066923479094823,19670.38621142482,548830.6,2021,5,KG,Unknown,,Steel,40640.0,0.4499,2046730.5099999998,839.3743889435694,Other,General,0.36640004871887605,No
INNSA1,2021-05-04,301049751,73239990,STEEL ZHARA NP-003 (QTY:60000 PCS USD 0.4514 PER PCS),,,,,,,,,5600.0,KGS ,396.2213035714286,2218839.3,5.203168792796173,29137.74523965856,812982.8,2021,5,KG,Unknown,,Steel,60000.0,0.4514,3031822.0999999996,541.3968035714284,Other,General,0.36640003627121626,No
INNSA1,2021-05-04,301049751,73239990,STEEL SALT BOTTLE NP-19 (QTY:23088 PCS USD 0.4930 PER PCS),,,,,,,,,3607.5,KGS ,258.4876285516286,932494.12,3.394453428123815,12245.49074195666,341665.8,2021,5,KG,Unknown,,Steel,23088.0,0.493,1274159.92,353.197483021483,Other,General,0.3663999511332039,No
INNSA1,2021-05-04,301049751,73239990,STEEL TEA STRAINER NP-55 (QTY:30240 PCS USD 0.3204 PER PCS),,,,,,,,,1386.0,KGS ,572.696103896104,793756.8,7.520631699226579,10423.59553512804,290832.5,2021,5,KG,Unknown,,Steel,30240.0,0.3204,1084589.3,782.5319624819625,Other,General,0.366400010683373,No
INNSA1,2021-05-01,301049751,73231000,STEEL SCRUBBER 6 PCS SET - OKS-4156 (QTY- 98000 PCS/USD 0.275 PER PCS),,,,,,,,,8537.8,KGS ,261.4589578111458,2232284.29,3.433472853724829,29314.30453053184,981312.2,2021,5,KG,Unknown,,Steel,98000.0,0.275,3213596.49,376.39631872379306,Other,General,0.4396000116992267,No
INNSA1,2021-04-28,301049751,73239990,FAMILY CLOTH RACK 3 LAYERS 03-027I (MADE UP OF MILD STEEL)(QTY:1824 PCS RMB 79.00 PER PCS),,,,,,,,,10488.0,KGS ,183.836135583524,1928073.39,2.41413178704562,25319.41418253447,706446.1,2021,4,KG,Unknown,3L,Steel,1824.0,,2634519.4899999998,251.19369660564453,Other,General,0.36640000513673393,No
INNSA1,2021-04-27,301049751,73239990,MILD STEEL MULTI FUNCTION CLOTH STAND - RYX-02-020 (QTY :1232 NUM USD 14.20 PER NUM),,,,,,,,,4004.0,KGS ,417.2141483516484,1670525.45,5.478846334230444,21937.3007222587,612080.5,2021,4,KG,Unknown,,Steel,1232.0,14.2,2282605.95,570.0814060939061,Other,General,0.36639998510648253,No
INNSA1,2021-04-27,301049751,73239990,MILD STEEL MULTI FUNCTION CLOTH STAND - RYX-02-021A(QTY :10368 NUM USD 8.85 PER NUM),,,,,,,,,38016.0,KGS ,230.4760466645623,8761777.39,3.026605996908238,115059.4535784636,3210315.2,2021,4,KG,Unknown,,Steel,10368.0,8.85,11972092.59,314.9224692234848,Other,General,0.36639999592594075,No
INNSA1,2021-04-25,301049751,73239990,STEEL TEA STRAINER NP-55 (QTY:50400 PCS USD 0.3195 PER PCS),,,,,,,,,2310.0,KGS ,576.3194718614718,1331297.98,7.56821368170022,17482.57360472751,487787.6,2021,4,KG,Unknown,,Steel,50400.0,0.3195,1819085.58,787.4829350649351,Other,General,0.3664000151190795,No
INNSA1,2021-04-22,301049751,73231000,SS SCRUBBER 3 PCS SET - SS410 (QTY- 124560 SET/USD 0.182 PER SET),,,,,,,,,7785.0,KGS ,253.10191522158,1970398.41,3.323728367978725,25875.22534471438,866187.2,2021,4,KG,Unknown,,General,124560.0,0.182,2836585.61,364.36552472703914,Other,General,0.4396000299249125,No
INNSA1,2021-04-21,301049751,73239990,FAMILY CLOTH RACK 3 LAYERS 03-027I (MADE UP OF MILD STEEL)(QTY:1824 PCS/ CNY 79.00 PER PCS),,,,,,,,,10488.0,KGS ,184.0180339435545,1929981.14,2.416520472009908,25344.46671043992,707145.0,2021,4,KG,Unknown,3L,Steel,1824.0,,2637126.1399999997,251.4422330282227,Other,General,0.3663999535249345,No
INNSA1,2021-04-10,301049751,73239990,STEEL SALT BOTTLE - NP-19 (QTY- 24144 PCS/USD 0.4938 PER PCS),,,,,,,,,3772.5,KGS ,254.5175374420146,960167.41,3.432468475280035,12948.98732299393,351805.3,2021,4,KG,Unknown,,Steel,24144.0,0.4938,1311972.71,347.7727528164347,Other,General,0.3663999593570875,No
INNSA1,2021-04-10,301049751,73239990,STEEL ZHARA - NP-003 (QTY: 36000 PCS/USD 0.4520 PER PCS),,,,,,,,,3360.0,KGS ,390.0211517857143,1310471.07,5.259894157595608,17673.24436952124,480156.6,2021,4,KG,Unknown,,Steel,36000.0,0.452,1790627.67,532.9249017857143,Other,General,0.3663999999633719,No
INNSA1,2021-04-09,301049751,73239990,MILD STEEL MULTI FUNCTION CLOTH STAND - RYX-02-021A(QTY :9072 NUM USD 8.85 PER NUM),,,,,,,,,33264.0,KGS ,226.6023232323232,7537699.68,3.055998964697548,101654.7495616993,2761813.1,2021,4,KG,Unknown,,Steel,9072.0,8.85,10299512.78,309.62941257816254,Other,General,0.36639999167491377,No
INNSA1,2021-04-09,301049751,73239990,MILD STEEL MULTI FUNCTION CLOTH STAND - RYX-02-020 (QTY :1232 NUM USD 14.20 PER NUM),,,,,,,,,4004.0,KGS ,410.2018256743257,1642448.11,5.532054290955167,22150.34538098449,601793.0,2021,4,KG,Unknown,,Steel,1232.0,14.2,2244241.1100000003,560.4997777222778,Other,General,0.3664000076081551,No
INNSA1,2021-04-09,301049751,73239990,STEEL TEA STRAINER BIG SB-12 (QTY:20040 PCS USD 1.20160 PER PCS),,,,,,,,,4759.5,KGS ,420.3973169450572,2000881.03,5.669552487458628,26984.23506405934,733122.8,2021,4,KG,Unknown,,Steel,20040.0,1.2016,2734003.83,574.4308919004097,Other,General,0.36639999530606776,No
INNSA1,2021-04-09,301049751,73239990,STEEL HAND BLENDER RS-02 (24820 PCS USD 0.45410 PER PCS),,,,,,,,,1489.2,KGS ,628.874288208434,936519.59,8.481109753316709,12630.06864463924,343140.8,2021,4,KG,Unknown,,Steel,,0.4541,1279660.39,859.293842331453,Other,General,0.3664000237304166,No
INNSA1,2021-04-09,301049751,73239990,STEEL SALT BOTTLE NP-19 (QTY:16944 PCS USD 0.49600 PER PCS),,,,,,,,,2647.5,KGS ,263.7697828139754,698330.5,3.557245890950444,9417.8084962913,255868.3,2021,4,KG,Unknown,,Steel,16944.0,0.496,954198.8,360.4150330500472,Other,General,0.36640000687353624,No
INNSA1,2021-04-01,301049751,73239990,STAINLESS STEEL GRATER WITH HANDLE HEXA - KL326D-9S (MILD STEEL) (QTY - 37680 PCS/USD 0.96 PER PCS),,,,,,,,,8635.0,KGS ,331.9784528083381,2866633.94,4.52595027686896,39081.58064076347,1050334.7,2021,4,KG,Unknown,,Steel,37680.0,0.96,3916968.6399999997,453.61536074116964,Other,General,0.3664000085061436,No
INNSA1,2021-03-27,301049751,73239990,8505 STEEL LUNCH BOX 3LAYER ( 16800 NOS) (MILD STEEL),,,,,,,,,10892.0,KGS,412.3013863385971,4490786.7,5.621014128678897,61224.08588957056,1645424.2,2021,3,KG,Unknown,3L,Steel,,,6136210.9,563.3686099889828,Other,General,0.36639998956084907,No
INNSA1,2021-03-26,301049751,73239990,FAMILY CLOTH RACK 3LAYERS [MADE UP OF MILD STEEL] - 03-027I (QTY : 1824 PCS / CNY 79.00 PER PCS),,,,,,,,,10488.0,KGS,178.91352402746,1876445.04,2.439175515030129,25582.072801636,687529.5,2021,3,KG,Unknown,3L,Steel,1824.0,,2563974.54,244.467442791762,Other,General,0.36640001990146215,No
INNSA1,2021-03-25,301049751,73239990,MILD STEEL MULTI FUNCTION CLOTH STAND - RYX-02-020 (QTY : 3696 NUM / USD 14.20 PER NUM),,,,,,,,,12012.0,KGS,380.0983566433566,4565741.46,5.181981685662668,62245.96400817997,1672887.7,2021,3,KG,Unknown,,Steel,3696.0,14.2,6238629.16,519.366396936397,Other,General,0.36640000636391706,No
INNSA1,2021-03-23,301049751,73239990,STEEL SALT BOTTLE NP-19 (QTY:10080 PCS USD 0.4976 PER PCS),,,,,,,,,1575.0,KGS,251.7685587301588,396535.48,3.432427521883555,5406.073346966598,145290.6,2021,3,KG,Unknown,,Steel,10080.0,0.4976,541826.08,344.0165587301587,Other,General,0.36640000032279585,No
INNSA1,2021-03-23,301049751,73239990,STEEL TEA STRAINER BIG SB-12 (QTY:20376 USD 1.2052 PER PCS),,,,,,,,,4839.3,KGS,401.177511210299,1941418.33,5.469359389370131,26467.87089297887,711335.7,2021,3,KG,Unknown,,Steel,20376.0,1.2052,2652754.0300000003,548.1689562540037,Other,General,0.3664000123044063,No
INNSA1,2021-03-16,301049751,73239990,MILD STEEL MULTI FUNCTION CLOTH STAND - RYX-02-021A (QTY : 3888 NUM/ USD 8.85 PER NUM),,,,,,,,,14256.0,KGS,228.9526543209876,3263949.04,3.098141465777911,44167.1047361299,1195910.9,2021,3,KG,Unknown,,Steel,3888.0,8.85,4459859.9399999995,312.84090488215486,Other,General,0.36639999134300205,No
INNSA1,2021-03-16,301049751,73239990,KW-830 STAINLESS STEEL SPORT BOTTLE 1000ML (QTY 34164 PCS / USD 0.90 PER PCS),,,,,,,,,6950.0,KGS,359.4520258992806,2498191.58,4.864032826783228,33805.02814614344,915337.4,2021,3,KG,Unknown,1000ML,Steel,34164.0,0.9,3413528.98,491.1552489208633,Other,General,0.3664000020366733,No
INNSA1,2021-03-03,301049751,73239990,STEEL SALT BOTTLE - NP-19 (QTY- 17808 PCS/USD 0.4984 PER PCS),,,,,,,,,2782.5,KGS,253.9870799640611,706719.05,3.446229036147369,9589.132293080054,258941.9,2021,3,KG,Unknown,,Steel,17808.0,0.4984,965660.9500000001,347.04796046720577,Other,General,0.36640005671277714,No
INNSA1,2021-03-03,301049751,73239990,STEEL TEA STRAINER BIG - SB-12 (QTY: 4104 PCS/USD 1.2071 PER PCS),,,,,,,,,974.7,KGS,404.7000512978352,394461.14,5.491181157365471,5352.254274084125,144530.5,2021,3,KG,Unknown,,Steel,4104.0,1.2071,538991.64,552.9820867959372,Other,General,0.3663998435942258,No
INNSA1,2021-03-03,301049751,73239990,STEEL HAND BLENDER - RS-02 (QTY: 25180 PCS/USD 0.4548 PER PCS),,,,,,,,,1510.8,KGS,603.5628673550437,911862.78,8.189455459362874,12372.62930800543,334106.6,2021,3,KG,Unknown,,Steel,25180.0,0.4548,1245969.38,824.7083531903627,Other,General,0.36640008488996556,No
INNSA1,2021-03-03,301049751,73239990,STEEL ZHARA - NP-003 (QTY: 5640 PCS/USD 0.4563 PER PCS),,,,,,,,,526.4,KGS,389.2845934650456,204919.41,5.282016193555571,2780.453324287653,75082.5,2021,3,KG,Unknown,,Steel,5640.0,0.4563,280001.91000000003,531.9185220364742,Other,General,0.3664001374979559,No
INNSA1,2021-02-20,301049751,73239990,STEEL SALT BOTTLE - NP-19 (QTY- 12000 PCS/USD 0.4980 PER PCS),,,,,,,,,1875.0,KGS ,257.524864,482859.12,3.494231533242876,6551.684124830394,176919.6,2021,2,KG,Unknown,,Steel,12000.0,0.498,659778.72,351.881984,Other,General,0.3664000381726248,No
INNSA1,2021-02-20,301049751,73239990,STEEL ZHARA - NP-003 (TOTAL:86760 PCS/USD 0.4563 PER PCS),,,,,,,,,8097.6,KGS ,395.0240898537838,3198747.07,5.359892671014705,43402.26689280868,1172020.9,2021,2,KG,Unknown,,Steel,,0.4563,4370767.97,539.7609131100572,Other,General,0.36639999173176263,No
INNSA1,2021-02-20,301049751,73239990,STEEL TEA STRAINER BIG - SB-12 (TOTAL:15600 PCS/USD 1.2070 PER PCS),,,,,,,,,3705.0,KGS ,410.6326558704453,1521393.99,5.571677827278769,20643.06635006784,557438.8,2021,2,KG,Unknown,,Steel,,1.207,2078832.79,561.0884723346828,Other,General,0.366400027648328,No
INNSA1,2021-02-17,301049751,73239990,STEEL TEA STRAINER NP-55 (QTY:60120 PCS USD .3239 PER PCS),,,,,,,,,2755.5,KGS ,585.76362547632,1614071.67,7.937176496969107,21870.88983739837,591395.8,2021,2,KG,Unknown,,Steel,60120.0,0.3239,2205467.4699999997,800.3873961168571,Other,General,0.36639996289631926,No
INNSA1,2021-02-17,301049751,73239990,STEEL ZHARA NP-003 (QTY:18000 PCS USD 0.4563 PER PCS),,,,,,,,,1680.0,KGS ,405.2346488095238,680794.21,5.490984401213059,9224.853794037941,249443.0,2021,2,KG,Unknown,,Steel,18000.0,0.4563,930237.21,553.712625,Other,General,0.3664000021386786,No
INNSA1,2021-02-17,301049751,73239990,STEEL SALT BOTTLE - NP-19 (QTY- 24096 PCS/USD 0.4984 PER PCS),,,,,,,,,3765.0,KGS ,264.3936281540505,995442.01,3.582569487182256,13488.37411924119,364729.9,2021,2,KG,Unknown,,Steel,24096.0,0.4984,1360171.9100000001,361.2674395750332,Other,General,0.3663999472957747,No
INNSA1,2021-02-17,301049751,73239990,STEEL HAND BLENDER RS-02 (QTY:50000 PCS USD 0.4548 PER PCS),,,,,,,,,3000.0,KGS ,628.2927433333333,1884878.23,8.513451806684733,25540.3554200542,690619.4,2021,2,KG,Unknown,,Steel,50000.0,0.4548,2575497.63,858.49921,Other,General,0.36640000876873624,No
INNSA1,2021-02-16,301049751,73239990,STAINLESS STEEL SPORTS BOTTLE 650ML S115 - NP-21 (QTY-54612 PCS/USD 1.070 PER PCS),,,,,,,,,9708.8,KGS ,477.8968255603165,4639804.7,6.475566742009708,62869.98238482385,1700024.4,2021,2,KG,Unknown,650ML,Steel,54612.0,1.07,6339829.1,652.9982181114041,Other,General,0.36639999093065273,No
INNSA1,2021-02-16,301049751,73231000,STEEL SCRUBBER 6 PCS SET - OKS-4156 (QTY- 98000 PCS/USD 0.256 PER PCS),,,,,,,,,8537.8,KGS ,237.2931984820446,2025961.87,3.215354992981634,27452.05785907859,890612.8,2021,2,KG,Unknown,,Steel,98000.0,0.256,2916574.67,341.60728407786553,Other,General,0.43959998121781035,No
INNSA1,2021-02-16,301049751,73239990,STAINLESS STEEL SPORTS BOTTLE 750ML S-308-C6 - NP-20 (QTY-19296 PCS/USD 1.022 PER PCS),,,,,,,,,3430.4,KGS ,456.4584625699627,1565835.11,6.185074018563181,21217.27791327914,573722.0,2021,2,KG,Unknown,750ML,Steel,19296.0,1.022,2139557.1100000003,623.7048478311568,Other,General,0.36640001002404393,No
INNSA1,2021-02-10,301049751,73231000,STEEL SCRUBBER 2 PCS SET -8001-2 (QTY- 165000 SET/USD 0.151 PER SET),,,,,,,,,4813.0,KGS ,418.282025763557,2013191.39,5.667778126877466,27279.01612466125,884998.9,2021,2,KG,Unknown,,Steel,165000.0,0.151,2898190.29,602.1587970081031,Other,General,0.4395999825928125,No
INNSA1,2021-02-08,301049751,73239990,KWP-1000B SS OIL POT 900ML (QTY- 27000 PCS/USD 1.42 PER PCS),,,,,,,,,6750.0,KGS ,454.8185185185185,3070025.0,6.162852554451471,41599.25474254743,1124857.2,2021,2,KG,Unknown,900ML,General,27000.0,1.42,4194882.2,621.4640296296296,Other,General,0.3664000130292098,No
INNSA1,2021-02-06,301049751,73239990,HOUSEHOLD STEEL HOOK 3 PCS SET - 2628 (QTY : 167184 SET/USD 0.445 PER SET),,,,,,,,,5665.68,KGS ,1012.297895398258,5735355.94,13.7167736503829,77714.85013550136,2101434.4,2021,2,KG,Unknown,,Steel,167184.0,0.445,7836790.34,1383.2038413747334,Other,General,0.3663999971377539,No
INNSA1,2021-02-04,301049751,73239990,MILD STEEL MULTI FUNCTION CLOTH STAND - RYX-02-020 (QTY : 2464 NUM/ USD 13.80 PER NUM),,,,,,,,,8008.0,KGS ,373.5974562937063,2991768.43,5.058868737897175,40511.42085308058,1096184.0,2021,2,KG,Unknown,,Steel,2464.0,13.8,4087952.43,510.4835701798202,Other,General,0.3664000157926661,No
INNSA1,2021-02-04,301049751,73239990,MILD STEEL MULTI FUNCTION CLOTH STAND - RYX-02-021A (QTY : 2592 NUM/ USD 8.85 PER NUM),,,,,,,,,9504.0,KGS ,228.7976210016835,2174492.59,3.098139756285491,29444.72024373731,796734.1,2021,2,KG,Unknown,,Steel,2592.0,8.85,2971226.69,312.6290709175084,Other,General,0.3664000069091981,No
INNSA1,2021-01-29,301049751,73239990,STAINLESS STEEL SPORTS BOTTLE 750ML S-308-C6 - NP-20 (QTY-10800 PCS/USD 1.022 PER PCS),,,,,,,,,1920.0,KGS ,456.57528125,876624.54,6.182468263371701,11870.33906567366,321195.2,2021,1,KG,Unknown,750ML,Steel,10800.0,1.022,1197819.74,623.8644479166667,Other,General,0.3663999641169069,No
INNSA1,2021-01-29,301049751,73239990,STAINLESS STEEL SPORTS BOTTLE 650ML S115 - NP-21 (QTY-27000 PCS/USD 1.070 PER PCS),,,,,,,,,4800.0,KGS ,478.01913125,2294491.83,6.472838608666216,31069.62532159784,840701.8,2021,1,KG,Unknown,650ML,Steel,27000.0,1.07,3135193.63,653.1653395833333,Other,General,0.3663999971618988,No
INNSA1,2021-01-29,301049751,73239990,SS OIL POT 900ML - KWP-1000B (QTY: 27000 PCS/USD 1.42 PER PCS),,,,,,,,,6750.0,KGS ,454.5795555555555,3068412.0,6.155444218761755,41549.24847664184,1124266.1,2021,1,KG,Unknown,900ML,General,27000.0,1.42,4192678.1,621.1374962962963,Other,General,0.3663999814887962,No
INNSA1,2021-01-29,301049751,73239990,STEEL SALT BOTTLE NP-19 (QTY 33024 PCS/USD 0.4976 PER PCS),,,,,,,,,5160.0,KGS ,259.2961589147287,1337968.18,3.51111928117439,18117.37549085985,490231.5,2021,1,KG,Unknown,,Steel,33024.0,0.4976,1828199.68,354.30226356589145,Other,General,0.3663999692429158,No
INNSA1,2021-01-29,301049751,73239990,SS OIL POT 600ML - KWP-600B (QTY: 16680 PCS/USD 1.20 PER PCS),,,,,,,,,3006.0,KGS ,543.453988689288,1633622.69,7.358889488006609,22120.82180094787,598559.4,2021,1,KG,Unknown,600ML,General,16680.0,1.2,2232182.09,742.5755455755155,Other,General,0.3664000283933373,No
INNSA1,2021-01-14,301049751,73239990,STEEL KITCHEN CADDLE - AM-254 (QTY-10080 PCS/USD 0.5524 PER PCS),,,,,,,,,924.0,KGS ,480.4657142857143,443950.32,6.492779922779922,5999.328648648649,162663.4,2021,1,KG,Unknown,,Steel,10080.0,0.5524,606613.72,656.508354978355,Other,General,0.3664000061988918,No
INNSA1,2021-01-14,301049751,73239990,STEEL TEA STRAINER - NP-55 (QTY-60120 PCS/USD 0.3204 PER PCS),,,,,,,,,2755.5,KGS ,567.6276356378153,1564097.95,7.670643724835341,21136.45878378378,573085.5,2021,1,KG,Unknown,,Steel,60120.0,0.3204,2137183.45,775.6064053710761,Other,General,0.3664000071095292,No
INNSA1,2021-01-14,301049751,73239990,STEEL ZHARA - NP-003 (QTY-84000 PCS/USD 0.4514 PER PCS),,,,,,,,,7840.0,KGS ,392.7147831632653,3078883.9,5.306956529233315,41606.53918918918,1128103.1,2021,1,KG,Unknown,,Steel,84000.0,0.4514,4206987.0,536.6054846938775,Other,General,0.36640001267991956,No
INNSA1,2021-01-14,301049751,73239990,STEEL HANGER WITH HOOK -SM1168 (QTY:25440 PCS USD 1.16 PER PCS),,,,,,,,,4770.0,KGS ,490.502249475891,2339695.73,6.62840877670123,31617.50986486486,857264.5,2021,1,KG,Unknown,,Steel,25440.0,1.16,3196960.23,670.2222704402516,Other,General,0.3663999933871743,No
INNSA1,2021-01-14,301049751,73239990,STEEL HAND BLENDER - RS-02 (QTY-50000 PCS/USD 0.4499 PER PCS),,,,,,,,,3000.0,KGS ,608.8595966666667,1826578.79,8.227832387387387,24683.49716216216,669258.5,2021,1,KG,Unknown,,Steel,50000.0,0.4499,2495837.29,831.9457633333334,Other,General,0.36640001715994963,No
INNSA1,2021-01-14,301049751,73239990,STEEL KITCHEN TURNER - AM-253 (QTY-20016 PCS/USD 0.5524 PER PCS),,,,,,,,,1890.4,KGS ,466.3345746931866,881558.88,6.301818576934954,11912.95783783784,323003.2,2021,1,KG,Unknown,,Steel,20016.0,0.5524,1204562.08,637.1995768091409,Other,General,0.366400029910651,No
INNSA1,2021-01-13,301049751,73239990,STAINLESS STEEL SPORTS BOTTLE 650ML S115 - NP-21 (QTY-19800 PCS/USD 1.070 PER PCS),,,,,,,,,3520.0,KGS ,466.4416818181818,1641874.72,6.30326597051597,22187.49621621622,601582.9,2021,1,KG,Unknown,650ML,Steel,19800.0,1.07,2243457.62,637.3459147727273,Other,General,0.3664000015786832,No
INNSA1,2021-01-13,301049751,73239990,STAINLESS STEEL SPORTS BOTTLE 750ML S-308-C6 - NP-20 (QTY-14400 PCS/USD 1.022 PER PCS),,,,,,,,,2560.0,KGS ,445.5171953125,1140524.02,6.020502639358108,15412.48675675676,417888.0,2021,1,KG,Unknown,750ML,Steel,14400.0,1.022,1558412.02,608.7546953125,Other,General,0.3663999991863389,No
INNSA1,2021-01-12,301049751,73239990,STAINLESS STEEL GRATER WITH HANDLE DS-25 (QTY- 160200 PCS/USD 0.2200 PER PCS),,,,,,,,,5340.0,KGS ,530.653904494382,2833691.85,7.17099870938354,38293.13310810811,1038264.7,2021,1,KG,Unknown,,Steel,160200.0,0.22,3871956.55,725.0854962546816,Other,General,0.36640000217384255,No
INNSA1,2021-01-12,301049751,73239990,STEEL SALT BOTTLE - NP-19 (QTY- 32832 PCS/USD 0.4923 PER PCS),,,,,,,,,5130.0,KGS ,253.3244444444444,1299554.4,3.423303303303303,17561.54594594595,476156.8,2021,1,KG,Unknown,,Steel,32832.0,0.4923,1775711.2,346.14253411306044,Other,General,0.3664000522025088,No
INNSA1,2021-01-12,301049751,73239990,STEEL HANGER WITH HOOK SL-89 (QTY 70056 PCS / USD 1.05 PER PCS),,,,,,,,,15568.0,KGS ,365.4202338129497,5688862.2,4.938111267742563,76876.51621621622,2084399.0,2021,1,KG,Unknown,,Steel,70056.0,1.05,7773261.2,499.3102004110997,Other,General,0.3663999806499092,No
INNSA1,2021-01-12,301049751,73239990,STEEL ZHARA - NP-003 (QTY- 30240 PCS/USD 0.4507 PER PCS),,,,,,,,,2822.4,KGS ,388.2560657596371,1095813.92,5.246703591346447,14808.29621621621,401506.3,2021,1,KG,Unknown,,Steel,30240.0,0.4507,1497320.22,530.5131164965986,Other,General,0.36640007274227726,No
INNSA1,2021-01-08,301049751,73231000,SS SCRUBBER 3 PCS SET - (ITEM NO-SS410) (QTY- 120000 SET/USD 0.162 PER SET),,,,,,,,,7500.0,KGS ,220.3412266666667,1652559.2,2.977584144144144,22331.88108108108,726465.0,2021,1,KG,Unknown,,General,120000.0,0.162,2379024.2,317.2032266666667,Other,General,0.4395999852834319,No
INNSA1,2020-12-31,301049751,73239990,STAINLESS STEEL GRATER WITH HANDLE HEXA - KL326D-9S (MILD STEEL) (QTY - 35016 PCS/USD 0.96 PER PCS),,,,,,,,,8024.5,KGS,338.4254545454546,2715695.06,4.545674339092741,36476.76373404969,995030.7,2020,12,KG,Unknown,,Steel,35016.0,0.96,3710725.76,462.42454483145366,Other,General,0.3664000110527873,No
INNSA1,2020-12-31,301049751,73239990,STAINLESS STEEL GRATER WITH HANDLE - KL3241-8S (MILD STEEL) (QTY - 7920 PCS/USD 0.59 PER PCS),,,,,,,,,1012.0,KGS,373.0266699604743,377502.99,5.010432101551031,5070.557286769644,138317.1,2020,12,KG,Unknown,,Steel,7920.0,0.59,515820.08999999997,509.70364624505925,Other,General,0.3664000118250719,No
INNSA1,2020-12-28,301049751,73239990,HOUSEHOLD STEEL HOOK 3 PCS SET -2628 (QTY : 36216 SET/USD 0.445 PER SET),,,,,,,,,1227.32,KGS,1006.84921617834,1235726.18,13.52383097620335,16598.0682337139,452770.0,2020,12,KG,Unknown,,Steel,36216.0,0.445,1688496.18,1375.7587100348728,Other,General,0.36639994144981214,No
INNSA1,2020-12-28,301049751,73231000,STEEL SCRUBBER 6 PCS SET - OKS-4156 (QTY- 98000 PCS/USD 0.256 PER PCS),,,,,,,,,8621.6,KGS,226.1927936809873,1950143.79,3.038183931242274,26194.00658159839,857283.3,2020,12,KG,Unknown,,Steel,98000.0,0.256,2807427.09,325.62715621230393,Other,General,0.43960004610736936,No
INNSA1,2020-12-17,301049751,73239990,STEEL HAND BLENDER (ITEM NO-RS-02)(TOTAL:50000 PCS),,,,,,,,,3000.0,KGS,586.3515433333333,1759054.63,7.849418250780901,23548.2547523427,644517.6,2020,12,KG,Unknown,,Steel,,,2403572.23,801.1907433333333,Other,General,0.3663999906586187,No
INNSA1,2020-12-17,301049751,73239990,STEEL TEA STRAINER BIG(ITEM NO-SB-12)((TOTAL:10080 PC),,,,,,,,,2394.0,KGS,393.204440267335,941331.43,5.263780994207965,12601.49170013387,344903.8,2020,12,KG,Unknown,,Steel,,,1286235.23,537.2745321637427,Other,General,0.3663999618072882,No
INNSA1,2020-12-17,301049751,73239990,STAINLESS STEEL SPORTS BOTTLE 750ML SG-702 - SB-01 (QTY-23364 PCS/USD 1.11 PER PCS),,,,,,,,,3829.1,KGS,527.5260505079523,2019950.0,7.061928386987312,27040.82998661312,740109.7,2020,12,KG,Unknown,750ML,Steel,23364.0,1.11,2760059.7,720.8116006372255,Other,General,0.36640000990123517,No
INNSA1,2020-12-17,301049751,73239990,STEEL ZHARA(ITEM NO-NP-003)(TOTAL:59760 PCS),,,,,,,,,5577.6,KGS,378.2049125071716,2109475.72,5.062984103174987,28239.30013386881,772911.9,2020,12,KG,Unknown,,Steel,,,2882387.62,516.7791917670683,Other,General,0.3663999981948121,No
INNSA1,2020-12-17,301049751,73239990,STAINLESS STEEL SPORTS BOTTLE 650ML S115 - NP-21 (QTY-17640 PCS/USD 1.07 PER PCS),,,,,,,,,3136.0,KGS,468.788306760204,1470120.13,6.275613209641286,19680.32302543507,538652.0,2020,12,KG,Unknown,650ML,Steel,17640.0,1.07,2008772.13,640.552337372449,Other,General,0.36639998936685536,No
INNSA1,2020-12-11,301049751,73239990,KWP-1000B SS OIL POT 900ML (QTY: 12732 PCS/USD 1.42 PER PCS),,,,,,,,,3183.0,KGS,435.2204147031103,1385306.58,5.826243838060378,18544.93413654618,507576.3,2020,12,KG,Unknown,900ML,General,12732.0,1.42,1892882.8800000001,594.6851649387371,Other,General,0.3663999776858058,No
INNSA1,2020-12-11,301049751,73239990,KWB-600F STAINLESS STEEL SPORTS BOTTLE (QTY: 25296 PCS/USD 0.99 PER PCS),,,,,,,,,4110.0,KGS,466.8809367396593,1918880.65,6.250079474426497,25687.8266398929,703077.8,2020,12,KG,Unknown,,Steel,25296.0,0.99,2621958.45,637.946094890511,Other,General,0.36639996343701736,No
INNSA1,2020-12-08,301049751,73239990,MILD STEEL MULTI FUNCTION CLOTH STAND - RYX-02-021A (QTY : 3888 NUM/ USD 8.60 PER NUM),,,,,,,,,14256.0,KGS,226.3363054152638,3226650.37,3.029937154153464,43194.78406961178,1182244.7,2020,12,KG,Unknown,,Steel,3888.0,8.6,4408895.07,309.26592803030303,Other,General,0.3664000013735606,No
INNSA1,2020-11-30,301049751,73239990,STAINLESS STEEL GRATER WITH HANDLE - KL324H-9S (MILD STEEL) (QTY - 58464 PCS/USD 0.67 PER PCS),,,,,,,,,9744.0,KGS,324.56375,3162549.18,4.316007313829788,42055.17526595745,1158758.0,2020,11,KG,Unknown,,Steel,58464.0,0.67,4321307.18,443.48390599343185,Other,General,0.36639999381764554,No
INNSA1,2020-11-30,301049751,73239990,STEEL ZHARA - NP-003 (QTY- 50400 PCS/USD 0.446 PER PCS),,,,,,,,,4704.0,KGS,381.5971960034013,1795033.21,5.074430797917571,23870.12247340426,657700.2,2020,11,KG,Unknown,,Steel,50400.0,0.446,2452733.41,521.4144153911565,Other,General,0.36640001774674685,No
INNSA1,2020-11-30,301049751,73239990,STEEL SALT BOTTLE - NP-19 (QTY- 30000 PCS/USD 0.487 PER PCS),,,,,,,,,4687.5,KGS,248.8949397333333,1166695.03,3.309773134751773,15514.56156914894,427477.1,2020,11,KG,Unknown,,Steel,30000.0,0.487,1594172.13,340.0900544,Other,General,0.3664000351488597,No
INNSA1,2020-11-27,301049751,73239990,HOUSEHOLD STEEL HOOK 3 PCS SET (ITEM NO-2628 )(24120 SET),,,,,,,,,817.4,KGS,1015.606581844874,830156.82,13.50540667346907,11039.31941489362,304169.5,2020,11,KG,Unknown,,Steel,,,1134326.3199999998,1387.724883777832,Other,General,0.3664000495713569,No
INNSA1,2020-11-27,301049751,73231000,SS SCRUBBER 3 PCS SET - (ITEM NO-SS410) (QTY- 121200 SET/USD 0.169 PER SET),,,,,,,,,7575.0,KGS,228.7038363036304,1732431.56,3.041274418931255,23037.65372340426,761576.9,2020,11,KG,Unknown,,General,121200.0,0.169,2494008.46,329.2420409240924,Other,General,0.43959999204817074,No
INNSA1,2020-11-21,301049751,73239990,STEEL HAND BLENDER RS-02 (QTY- 50000 PCS/USD 0.4397 PER PCS),,,,,,,,,3000.0,KGS,587.5768266666666,1762730.48,7.813521631205673,23440.56489361702,645864.4,2020,11,KG,Unknown,,Steel,50000.0,0.4397,2408594.88,802.86496,Other,General,0.366399972842133,No
INNSA1,2020-11-21,301049751,73239990,STEEL ZHARA - NP-003 (QTY- 60000 PCS/USD 0.4412 PER PCS),,,,,,,,,5600.0,KGS,379.0165767857143,2122492.83,5.04011405300152,28224.63869680851,777681.5,2020,11,KG,Unknown,,Steel,60000.0,0.4412,2900174.33,517.8882732142857,Other,General,0.36640005987676294,No
INNSA1,2020-11-21,301049751,73239990,STAINLESS STEEL GRATER WITH HANDLE DS-25 (QTY- 50400 PCS/USD 0.2153 PER PCS),,,,,,,,,1680.0,KGS,517.8747619047618,870029.6,6.88663247213779,11569.54255319149,318778.8,2020,11,KG,Unknown,,Steel,50400.0,0.2153,1188808.4,707.6240476190476,Other,General,0.3663999477718919,No
INNSA1,2020-11-12,301049751,73231000,STEEL SCRUBBER 2PCS SET - 8001-2 (QTY-166800 SETS/USD 0.151 PER SET),,,,,,,,,4865.0,KGS,412.0351983556012,2004551.24,5.48283697079975,26674.00186294078,881200.7,2020,11,KG,Unknown,,Steel,166800.0,0.151,2885751.94,593.1658663926002,Other,General,0.4395999874764987,No
INNSA1,2020-11-11,301049751,73239990,KWB-600F STAINLESS STEEL SPORTS BOTTLE (QTY 24240 PCS/USD 0.99 PER PCS),,,,,,,,,3787.5,KGS,488.083894389439,1848617.75,6.494795667191469,24599.03858948769,677333.5,2020,11,KG,Unknown,,Steel,24240.0,0.99,2525951.25,666.9178217821782,Other,General,0.3663999764148105,No
INNSA1,2020-11-11,301049751,73231000,STEEL SCRUBBER 6 PCS SET - OKS-4156 (QTY- 98000 PCS/USD 0.256 PER PCS),,,,,,,,,8511.0,KGS,231.2860286687816,1968475.39,3.077658398786182,26193.95063206919,865341.8,2020,11,KG,Unknown,,Steel,98000.0,0.256,2833817.19,332.9593690518153,Other,General,0.4396000094265847,No
INNSA1,2020-11-11,301049751,73239990,KWP-1000B SS OIL POT 900ML (QTY 14304 PCS/USD 1.42 PER PCS),,,,,,,,,3576.0,KGS,437.5499552572707,1564678.64,5.822354694042191,20820.74038589487,573298.3,2020,11,KG,Unknown,900ML,General,14304.0,1.42,2137976.94,597.8682718120805,Other,General,0.36640002959329726,No
INNSA1,2020-11-03,301049751,73239990,STEEL HANGER WITH HOOK ITEM NO. SM1168 (QTY: 25440 NUM / USD1.160 PER NUM,,,,,,,,,4770.0,KGS,490.8418092243187,2341315.43,6.610664097297222,31532.86774410775,0.0,2020,11,KG,Unknown,,Steel,25440.0,1.16,2341315.43,490.8418092243187,Other,General,0.0,Yes
INNSA1,2020-11-02,301049751,73239990,STEEL TEA STRAINER BIG - SB-12 (QTY- 10080 PCS/USD 1.1619 PER PCS),,,,,,,,,2394.0,KGS,384.908462823726,921470.86,5.183952361262302,12410.38195286195,0.0,2020,11,KG,Unknown,,Steel,10080.0,1.1619,921470.86,384.908462823726,Other,General,0.0,Yes
INNSA1,2020-11-02,301049751,73239990,STEEL ZHARA - NP-003 (QTY- 60120 PCS/USD 0.4392 PER PCS),,,,,,,,,5611.2,KGS,370.2353649843171,2077464.68,4.986334881943664,27979.32228956229,0.0,2020,11,KG,Unknown,,Steel,60120.0,0.4392,2077464.68,370.2353649843171,Other,General,0.0,Yes
INNSA1,2020-10-17,301049751,73239990,STEEL TEA STRAINER - NP-55 (QTY- 61200 PCS/USD 0.3118 PER PCS),,,,,,,,,2805.0,KGS,539.4758752228164,1513229.83,7.265668353169245,20380.19973063973,554447.5,2020,10,KG,Unknown,,Steel,61200.0,0.3118,2067677.33,737.1398680926917,Other,General,0.3664000596657548,No
INNSA1,2020-10-16,301049751,73239990,STEEL ZHARA-NP-(ITEM NO-NP-003)(TOTAL 47880 PCS),,,,,,,,,4468.8,KGS,369.3796410669531,1650683.74,4.974809980699705,22231.43084175084,604810.5,2020,10,KG,Unknown,,Steel,,,2255494.24,504.7203365556749,Other,General,0.36639998646863753,No
INNSA1,2020-10-16,301049751,73239990,STEEL LEMON SQUEEZER (ITEM NO-AM-217) (TOTAL 480 PCS),,,,,,,,,92.0,KGS,828.8632608695652,76255.42,11.16314156053287,1027.009023569024,27940.0,2020,10,KG,Unknown,,Steel,,,104195.42,1132.5589130434782,Other,General,0.36640018506225525,No
INNSA1,2020-10-16,301049751,73239990,STEEL HAND BLENDER-(ITEM NO-RS-02) (TOTAL 50000 PCS),,,,,,,,,3000.0,KGS,588.3184699999999,1764955.41,7.923481077441076,23770.44323232323,646679.7,2020,10,KG,Unknown,,Steel,,,2411635.11,803.8783699999999,Other,General,0.3664000214033736,No
INNSA1,2020-10-15,301049751,73231000,STEEL SCRUBBER 6 PCS SET - OKS-4156 (QTY- 98000 SETS/USD 0.256 PER SET),,,,,,,,,8908.0,KGS,222.412786259542,1981253.1,2.985406526973718,26594.00134228188,870958.9,2020,10,KG,Unknown,,Steel,98000.0,0.256,2852212.0,320.1854512797485,Other,General,0.4396000187961851,No
INNSA1,2020-10-07,301049751,73239990,RYX-02-021A MILD STEEL MULTI FUNCTION CLOTH STAND (2592 NOS)(OTHER ARTICLES OF HOUSEHOLD OF IRON & STEEL),,,,,,,,,9504.0,KGS,192.7812373737374,1832192.88,2.587667615754864,24593.19302013423,671315.5,2020,10,KG,Unknown,,Steel,,,2503508.38,263.41628577441077,Other,General,0.3664000157014037,No
INNSA1,2020-10-07,301049751,73239990,STEEL SALT BOTTLE - NP-19 (QTY 30000 PCS / USD 0.4821 PER PCS),,,,,,,,,4687.5,KGS,242.9825130666667,1138980.53,3.261510242505593,15288.32926174497,417322.5,2020,10,KG,Unknown,,Steel,30000.0,0.4821,1556303.03,332.0113130666667,Other,General,0.36640002968268476,No
INNSA1,2020-10-07,301049751,73239990,STEEL ZHARA - NP-003 (QTY 36000 PCS / USD 0.4347 PER PCS),,,,,,,,,3360.0,KGS,366.7843333333333,1232395.36,4.923279642058166,16542.21959731544,451549.7,2020,10,KG,Unknown,,Steel,36000.0,0.4347,1683945.06,501.174125,Other,General,0.36640003253501374,No
INNSA1,2020-10-07,301049751,73239990,RYX-02-020 MILD STEEL MULTI FUNCTION CLOTH STAND (2464 NOS)(OTHER ARTICLES OF HOUSEHOLD OF IRON & STEEL),,,,,,,,,8008.0,KGS,349.0064073426573,2794843.31,4.684649762988689,37514.67530201342,1024030.7,2020,10,KG,Unknown,,Steel,,,3818874.01,476.88236888111885,Other,General,0.3664000397932863,No
INNSA1,2020-10-03,301049751,73239990,STAINLESS STEEL GRATER WITH HANDLE HEXA - KL326D-9S (MILD STEEL) (TOTAL -24000 PCS),,,,,,,,,5500.0,KGS,321.0617509090909,1765839.63,4.30955370347773,23702.54536912751,647003.6,2020,10,KG,Unknown,,Steel,,,2412843.23,438.6987690909091,Other,General,0.3663999771032435,No
INNSA1,2020-10-03,301049751,73239990,STAINLESS STEEL GRATER WITH HANDLE - KL3241-8S (MILD STEEL) (TOTAL - 39528 PCS),,,,,,,,,5050.8,KGS,353.8876673002297,1787415.83,4.750170030875566,23992.15879194631,654909.2,2020,10,KG,Unknown,,Steel,,,2442325.0300000003,483.55211649639665,Other,General,0.3664000223160158,No
INNSA1,2020-09-23,301049751,73231000,STEEL SCRUBBER 2 PCS SET - 8001-2 (QTY- 166800 SETS/USD 0.151 PER SET),,,,,,,,,4865.0,KGS,404.7077759506681,1968903.33,5.425037211134961,26392.80603217159,865530.0,2020,9,KG,Unknown,,Steel,166800.0,0.151,2834433.33,582.6173340184995,Other,General,0.43960004882514975,No
INNSA1,2020-09-12,301049751,73239990,STAINLESS STEEL GRATER WITH HANDLE - DS-25 (QTY-50400 PCS/USD 0.2078 PER PCS),,,,,,,,,1680.0,KGS,485.1845773809524,815110.09,6.547700099607995,11000.13616734143,298656.3,2020,9,KG,Unknown,,Steel,50400.0,0.2078,1113766.39,662.9561845238095,Other,General,0.36639995463680247,No
INNSA1,2020-09-12,301049751,73239990,STEEL ZHARA - NP-003 (QTY-30000 PCS/USD 0.4258 PER PCS),,,,,,,,,2800.0,KGS,355.0659964285715,994184.79,4.791713851937537,13416.7987854251,364269.4,2020,9,KG,Unknown,,Steel,30000.0,0.4258,1358454.19,485.1622107142857,Other,General,0.36640009348765035,No
INNSA1,2020-09-12,301049751,73239990,STEEL TEA STRAINER - NP-55 (QTY-61200 PCS/USD 0.3023 PER PCS),,,,,,,,,2805.0,KGS,513.3302638146167,1439891.39,6.927533924623708,19431.7326585695,527576.2,2020,9,KG,Unknown,,Steel,61200.0,0.3023,1967467.5899999999,701.4144705882352,Other,General,0.3663999963219448,No
INNSA1,2020-09-10,301049751,73239990,STAINLESS STEEL SPORTS BOTTLE 750ML S-308-C6 - NP-20 (QTY-38160 PCS/USD 1.022 PER PCS),,,,,,,,,6784.0,KGS,447.119672759434,3033259.86,6.034003680964021,40934.68097165992,1111386.4,2020,9,KG,Unknown,750ML,Steel,38160.0,1.022,4144646.26,610.944318985849,Other,General,0.3663999958117667,No
INNSA1,2020-09-10,301049751,73239990,STEEL ZHARA - NP-003 (QTY-72000 PCS/USD 0.4263 PER PCS),,,,,,,,,6720.0,KGS,353.5198928571429,2375653.68,4.770848756506652,32060.1036437247,870439.5,2020,9,KG,Unknown,,Steel,72000.0,0.4263,3246093.18,483.0495803571429,Other,General,0.366399996484336,No
INNSA1,2020-09-10,301049751,73239990,STAINLESS STEEL COLA BOTTLE 750ML SK750 - SL-01 (QTY-2232 PCS/USD 1.20 PER PCS),,,,,,,,,421.6,KGS,494.1117409867173,208317.51,6.668174642195916,2811.302429149798,76327.6,2020,9,KG,Unknown,750ML,Steel,2232.0,1.2,284645.11,675.1544354838709,Other,General,0.36640030883625674,No
INNSA1,2020-08-29,301049751,73239990,RYX-02-020 MILD STEEL MULTI FUNCTION CLOTH STAND (1232 NOS)(OTHER ARTICLES OF HOUSEHOLD OF IRON & STEEL),,,,,,,,,4004.0,KGS,337.0496978021978,1349546.99,4.440707480924871,17780.59275362319,494474.0,2020,8,KG,Unknown,,Steel,,,1844020.99,460.5447027972028,Other,General,0.3663999873024058,No
INNSA1,2020-08-28,301049751,73239990,STEEL KITCHEN CADDLE AM-254 (QTY- 540 PCS/USD 0.516 PER PCS),,,,,,,,,60.0,KGS,369.2658333333333,22155.95,4.86516249451032,291.9097496706192,8117.9,2020,8,KG,Unknown,,Steel,540.0,0.516,30273.85,504.56416666666667,Other,General,0.366398191005125,No
INNSA1,2020-08-28,301049751,73239990,STEEL ZHARA NP-003 (QTY- 42000 PCS/USD 0.425 PER PCS),,,,,,,,,3920.0,KGS,362.0754617346939,1419335.81,4.770427690839181,18700.07654808959,520044.7,2020,8,KG,Unknown,,Steel,42000.0,0.425,1939380.51,494.7399260204082,Other,General,0.36640004172092294,No
INNSA1,2020-08-28,301049751,73239990,STEEL TEA STRAINER NP-55 (QTY- 61200 PCS/USD 0.3014 PER PCS),,,,,,,,,2805.0,KGS,522.6347450980392,1465990.46,6.885833268748868,19314.76231884058,537138.9,2020,8,KG,Unknown,,Steel,61200.0,0.3014,2003129.3599999999,714.1281140819964,Other,General,0.36639999690038916,No
INNSA1,2020-08-28,301049751,73239990,STEEL KITCHEN TURNER AM-253 (QTY- 540 PCS/USD 0.516 PER PCS),,,,,,,,,60.0,KGS,369.2658333333333,22155.95,4.86516249451032,291.9097496706192,8117.9,2020,8,KG,Unknown,,Steel,540.0,0.516,30273.85,504.56416666666667,Other,General,0.366398191005125,No
INNSA1,2020-08-27,301049751,73239990,STAINLESS STEEL SPORTS BOTTLE - KWB-600F (QTY-50400 PCS/USD 1.00 PER PCS) (NOT VACUUM BOTTLE) (MILD STEEL),,,,,,,,,7897.5,KGS,491.2171915163026,3879387.77,6.471899756473025,51111.82832674572,1421407.8,2020,8,KG,Unknown,,Steel,50400.0,1.0,5300795.57,671.199185818297,Other,General,0.36640003120904824,No
INNSA1,2020-08-15,301049751,73239990,STEEL HAND BLENDER RS-02 (QTY-30000 PCS/USD 0.4304 PER PCS),,,,,,,,,1950.0,KGS,525.2666051282051,1024269.88,6.934212608953203,13521.71458745875,375292.5,2020,8,KG,Unknown,,Steel,30000.0,0.4304,1399562.38,717.7242974358974,Other,General,0.36640001558964125,No
INNSA1,2020-08-15,301049751,73239990,STEEL ZHARA NP-003 (QTY-48000 PCS/USD 0.4232 PER PCS),,,,,,,,,4480.0,KGS,359.6912075892857,1611416.61,4.748398780056577,21272.82653465347,590423.0,2020,8,KG,Unknown,,Steel,48000.0,0.4232,2201839.6100000003,491.4820558035715,Other,General,0.3663999715132637,No
INNSA1,2020-07-29,301049751,73239990,STEEL ZHARA - NP-003 (TOTAL 36000 PCS),,,,,,,,,3360.0,KGS,360.2191428571429,1210336.32,4.733497278017646,15904.55085413929,443467.2,2020,7,KG,Unknown,,Steel,,,1653803.52,492.20342857142856,Other,General,0.3663999771567625,No
INNSA1,2020-07-29,301049751,73239990,STEEL TEA STRAINER - NP-55 (TOTAL 68328 PCS),,,,,,,,,3131.7,KGS,517.1801832870326,1619653.18,6.796060227162059,21283.22181340342,593440.9,2020,7,KG,Unknown,,Steel,,,2213094.08,706.6749944119808,Other,General,0.3663999844707495,No
INNSA1,2020-07-27,301049751,73239990,STAINLESS STEEL BOTTLE 750ML SG805-AM-06 (TOTAL 15480 PCS)(NOT VACUUM BOTTLE)(MILD STEEL),,,,,,,,,2365.0,KGS,550.7976871035941,1302636.53,7.237814548010435,17117.43140604468,477286.0,2020,7,KG,Unknown,750ML,Steel,,,1779922.53,752.6099492600423,Other,General,0.3663999811213647,No
INNSA1,2020-07-27,301049751,73239990,STAINLESS STEEL SPORTS BOTTLE 650ML S115 NP-21 (TOTAL PCS 27720) (NOT VACUUM BOTTLE) (MILD STEEL),,,,,,,,,4928.0,KGS,473.3417877435065,2332628.33,6.219997210821374,30652.14625492773,854675.1,2020,7,KG,Unknown,650ML,Steel,,,3187303.43,646.7742349837663,Other,General,0.3664000342480621,No
INNSA1,2020-07-22,301049751,73239990,STEEL SPOON HOLDER ROUND MP-96 (TOTAL 216 PCS),,,,,,,,,46.2,KGS,261.2082251082251,12067.82,3.432433969884692,158.5784494086728,4421.7,2020,7,KG,Unknown,,Steel,,,16489.52,356.9160173160173,Other,General,0.36640420556488246,No
INNSA1,2020-07-22,301049751,73239990,STEEL ZHARA-NP-003 (TOTAL 36000 PCS),,,,,,,,,3360.0,KGS,356.7255208333333,1198597.75,4.687588972842751,15750.29894875164,439166.3,2020,7,KG,Unknown,,Steel,,,1637764.05,487.4297767857143,Other,General,0.3664000704156169,No
INNSA1,2020-07-21,301049751,73239990,KWP-1000B SS OIL POT 1000ML (QTY- 27000 PCS/USD 1.45 PER PCS),,,,,,,,,6750.0,KGS,447.9658518518518,3023769.5,5.88654207426875,39734.15900131407,1107909.2,2020,7,KG,Unknown,1000ML,General,27000.0,1.45,4131678.7,612.1005481481482,Other,General,0.3664000182553597,No
INNSA1,2020-07-20,301049751,73239990,STEEL SPOON HOLDER ROUND MP-96,,,,,,,,,216.0,PCS,55.86953703703703,12067.82,0.7341594880031148,158.5784494086728,5305.1,2020,7,PCS,Unknown,,Steel,,,17372.92,80.43018518518518,Other,General,0.43960715357040464,No
INNSA1,2020-07-20,301049751,73239990,STEEL ZHARA-NP-003,,,,,,,,,36000.0,PCS,33.29438,1198597.68,0.4375082785808147,15750.29802890933,526903.6,2020,7,PCS,Unknown,,Steel,,,1725501.2799999998,47.930591111111106,Other,General,0.43960004995170693,No
INNSA1,2020-07-10,301049751,73239990,STAINLESS STEEL SPORTS BOTTLE KOOU 750ML-MP-202 (TOTAL 17640 PCS)(NOT VACUUM BOTTLE) (MILD STEEL),,,,,,,,,3332.0,KGS,459.8505912364946,1532222.17,6.018986796289195,20055.2640052356,561406.1,2020,7,KG,Unknown,750ML,Steel,,,2093628.27,628.3398169267707,Other,General,0.3663999327199397,No
INNSA1,2020-07-10,301049751,73239990,STEEL PIZZA CUTTER (ITEM NO. RJ-388) (QTY 25200 PCS),,,,,,,,,2240.0,KGS,415.1334241071428,929898.87,5.433683561611817,12171.45117801047,340715.0,2020,7,KG,Unknown,,Steel,25200.0,,1270613.87,567.2383348214286,Other,General,0.36640005810524323,No
INNSA1,2020-07-10,301049751,73239990,STAINLESS STEEL SPORTS BOTTLE 750ML SG-702 -SB-01 (TOTAL 18720 PCS ) (NOT VACUUM BOTTLE) (MILD STEEL),,,,,,,,,3068.0,KGS,534.8154595827901,1640813.83,7.000202350560079,21476.62081151833,601194.2,2020,7,KG,Unknown,750ML,Steel,,,2242008.0300000003,730.7718481095177,Other,General,0.36640000773274806,No
INNSA1,2020-07-10,301049751,73239990,STEEL SALT BOTTLE (ITEM NO. NP-19) (QTY 28896 PCS),,,,,,,,,4515.0,KGS,236.1647906976744,1066284.03,3.091162181906733,13956.5972513089,390686.5,2020,7,KG,Unknown,,Steel,28896.0,,1456970.53,322.69557696567,Other,General,0.3664000294555663,No
INNSA1,2020-07-10,301049751,73239990,STAINLESS STEEL BOTTLE 750ML SG805-AM-06 (TOTAL 8280 PCS) (NOT VACUUM BOTTLE) (MILD STEEL),,,,,,,,,1311.0,KGS,533.6321052631579,699591.69,6.984713419674841,9156.959293193715,256330.3,2020,7,KG,Unknown,750ML,Steel,,,955921.99,729.1548360030511,Other,General,0.3663998638977544,No
INNSA1,2020-07-10,301049751,73239990,STEEL ZARA (ITEM NO. NP-003) (QTY 60000 PCS),,,,,,,,,5600.0,KGS,359.4228767857143,2012768.11,4.704487916043381,26345.13232984293,737478.3,2020,7,KG,Unknown,,Steel,60000.0,,2750246.41,491.1154303571429,Other,General,0.36640003204343297,No
INNSA1,2020-07-10,301049751,73239990,STEEL SPOON HOLDER ROUND (ITEM NO. MP-96) (QTY 16200 PCS),,,,,,,,,3465.0,KGS,262.8921962481962,910921.46,3.440997333091573,11923.0557591623,333761.6,2020,7,KG,Unknown,,Steel,16200.0,,1244683.06,359.21589033189036,Other,General,0.36639997481231806,No
INNSA1,2020-07-06,301049751,73239990,STEEL LUNCH BOX (ITEM NO. 6527) (QTY 25800 PCS) (MILD STEEL),,,,,,,,,8987.0,KGS,419.2552542561478,3767846.97,5.487634218012405,49317.36871727749,1380539.1,2020,7,KG,Unknown,,Steel,25800.0,,5148386.07,572.8703760988094,Other,General,0.36639999208885066,No
INNSA1,2020-07-04,301049751,73239990,MILD STEEL MUTLI FUNCTION CLOTH STAND (RYX-02-020) (OTHER ARTICLES OF HOUSEHOLD OF IRON & STEEL)(1232 NOS),,,,,,,,,4004.0,KGS,336.8844380619381,1348885.29,4.409482173585577,17655.56662303665,494231.6,2020,7,KG,Unknown,,Steel,,,1843116.8900000001,460.31890359640363,Other,General,0.36640002205080013,No
INNSA1,2020-06-29,301049751,73239990,STEEL ZHARA -NP-003 (TOTAL 76800 PCS) (MILD STEEL),,,,,,,,,7168.0,KGS,359.6315666852678,2577839.07,4.667508977096273,33456.70434782609,944520.2,2020,6,KG,Unknown,,Steel,,,3522359.2699999996,491.4005678013392,Other,General,0.36639998632653203,No
INNSA1,2020-06-29,301049751,73239990,STEEL SPOON HOLDER ROUND -MP-96 ( TOTAL 25200 PCS) (MILD STEEL),,,,,,,,,5390.0,KGS,263.3406066790353,1419405.87,3.417788535743482,18421.88020765737,520070.3,2020,6,KG,Unknown,,Steel,,,1939476.1700000002,359.82860296846013,Other,General,0.3663999924137273,No
INNSA1,2020-06-29,301049751,73239990,STEEL TEA STRAINER -NP-55 (TOTAL 54072 PCS) (MIL D STEEL),,,,,,,,,2478.3,KGS,516.3894726223621,1279768.03,6.702004836111124,16609.5785853342,468907.0,2020,6,KG,Unknown,,Steel,,,1748675.03,705.5945728927087,Other,General,0.36639999516162314,No
INNSA1,2020-06-24,301049751,73239990,RYX-02-020 MILD STEEL MULTI FUNCTION CLOTH STAND (1232 NOS)(OTHER ARTICLES OF HOUSEHOLD OF IRON & STEEL),,,,,,,,,4004.0,KGS,339.7347227772228,1360297.83,4.409276090554481,17654.74146658014,498413.2,2020,6,KG,Unknown,,Steel,,,1858711.03,464.21354395604396,Other,General,0.3664000551996764,No
INNSA1,2020-06-24,301049751,73239990,RYX-02-021A MILD STEEL MULTI FUNCTION CLOTH STAND (6480 NOS)(OTHER ARTICLES OF HOUSEHOLD OF IRON & STEEL),,,,,,,,,23760.0,KGS,191.2983897306397,4545249.74,2.482782475413884,58990.91161583388,1665379.5,2020,6,KG,Unknown,,Steel,,,6210629.24,261.39011952861955,Other,General,0.36639999895803305,No
INNSA1,2020-06-18,301049751,73239990,RYX-02-020 MILD STEEL MULTI FUNCTION CLOTH STAND (1232 NOS)(OTHER ARTICLES OF HOUSEHOLD OF IRON & STEEL),,,,,,,,,4004.0,KGS,338.059532967033,1353590.37,4.421969038156089,17705.56402877698,495955.5,2020,6,KG,Unknown,,Steel,,,1849545.87,461.924542957043,Other,General,0.3663999914538399,No
INNSA1,2020-06-05,301049751,73239990,RYX-02-020 MILD STEEL MULTI FUNCTION CLOTH STAND (2464 NOS)(OTHER ARTICLES OF HOUSEHOLD OF IRON & STEEL),,,,,,,,,8008.0,KGS,338.536993006993,2711004.24,4.428214427822015,35461.1411379987,993311.9,2020,6,KG,Unknown,,Steel,,,3704316.14,462.5769405594406,Other,General,0.3663999802523363,No
INNSA1,2020-06-03,301049751,73239990,KW-830 STAINLESS STEEL SPORT BOTTLE 1000ML (QTY 35280 PCS / USD 0.98 PER PCS),,,,,,,,,6850.0,KGS,394.5452875912409,2702635.22,5.150721770120638,35282.44412532638,990245.5,2020,6,KG,Unknown,1000ML,Steel,35280.0,0.98,3692880.72,539.1066744525548,Other,General,0.3663999834946279,No
INNSA1,2020-05-29,301049751,73239990,STAINLESS STEEL BOTTLE 750ML SG805-AM-06 (TOTAL 22320 PCS)(NOT VACUUM BOTTLE)(MILD STEEL),,,,,,,,,3534.0,KGS,536.3907328805886,1895604.85,7.002489985386275,24746.79960835509,694549.7,2020,5,KG,Unknown,750ML,Steel,,,2590154.55,732.9243208828523,Other,General,0.3664000437643953,No
INNSA1,2020-05-29,301049751,73239990,STEEL LUNCH BOX (ITEM NO. 6527) (QTY 51600 PCS) (MILD STEEL),,,,,,,,,17974.0,KGS,421.963158451096,7584365.81,5.508657421032585,99012.60848563969,2778911.7,2020,5,KG,Unknown,,Steel,51600.0,,10363277.51,576.5704634472015,Other,General,0.3664000088624418,No
INNSA1,2020-05-29,301049751,73239990,STEEL LUNCH BOX 3LAYER (ITEM NO. 8505) (QTY 6840 PCS) (MILD STEEL),,,,,,,,,4434.6,KGS,404.9917579939566,1795976.45,5.287098668328415,23446.16775456919,658045.8,2020,5,KG,Unknown,3L,Steel,6840.0,,2454022.25,553.3807445992874,Other,General,0.366400015991301,No
INNSA1,2020-05-29,301049751,73239990,STEEL LUNCH BOX 2 LAYER (ITEM NO. 8504) (QTY 22080 PCS) (MILD STEEL),,,,,,,,,10561.6,KGS,390.6420750643841,4125805.34,5.099765993007626,53861.68851174935,1511695.1,2020,5,KG,Unknown,2L,Steel,22080.0,,5637500.4399999995,533.7733335858203,Other,General,0.3664000056774371,No
INNSA1,2020-05-29,301049751,73239990,STEEL LUNCH BOX-6900(MILD STEEL)(TOTAL 38880 PCS),,,,,,,,,4552.2,KGS,492.0510258775977,2239914.68,6.423642635477777,29241.70600522193,820704.7,2020,5,KG,Unknown,,Steel,,,3060619.38,672.3385132463425,Other,General,0.366399982699341,No
INNSA1,2020-05-29,301049751,73239990,STAINLESS STEEL SPORTS BOTTLE 750ML S-308-C6-NP-20 (TOTAL 19800 PCS)(NOT VACUUM BOTTLE)(MILD STEEL),,,,,,,,,3520.0,KGS,456.2924147727273,1606149.3,5.956820036197485,20968.00652741515,588493.2,2020,5,KG,Unknown,750ML,Steel,,,2194642.5,623.4779829545455,Other,General,0.3664000600691355,No
INNSA1,2020-05-29,301049751,73239990,STEEL RECTANGLE CONTAINER LARGE (ITEM NO. 6862) (QTY 20400 PCS) (MILD STEEL),,,,,,,,,5100.0,KGS,468.196462745098,2387801.96,6.112225362207546,31172.34934725849,874890.6,2020,5,KG,Unknown,,Steel,20400.0,,3262692.56,639.7436392156862,Other,General,0.36639998402547586,No
INNSA1,2020-05-23,301049751,73239990,HOUSEHOLD STEEL HOOK 3 PCS SET(TOTAL 68760 SET) (MILD STEEL),,,,,,,,,2330.2,KGS,1029.209209509913,2398263.3,13.43615156018164,31308.92036553525,878723.8,2020,5,KG,Unknown,,Steel,,,3276987.0999999996,1406.3115183246073,Other,General,0.36640005290495004,No
INNSA1,2020-05-15,301049751,73239990,STAINLESS STEEL SPORTS BOTTLE 750ML SG-702-SB-01(TOTAL 23616 PCS)(NOT VACUUM BOTTLE)(MILD STEEL),,,,,,,,,3870.4,KGS,547.8385438197602,2120354.3,7.142614652148112,27644.77574967405,776897.9,2020,5,KG,Unknown,750ML,Steel,,,2897252.1999999997,748.5666081025216,Other,General,0.3664000398423981,No
INNSA1,2020-05-15,301049751,73239990,STAINLESS STEEL SPORTS BOTTLE KOOU 750ML-MP-202(TOTAL 20880 PCS)(NOT VACUUM BOTTLE)(MILD STEEL),,,,,,,,,3944.0,KGS,471.0482352941177,1857814.24,6.141437226781195,24221.82842242503,680703.1,2020,5,KG,Unknown,750ML,Steel,,,2538517.34,643.6402991886409,Other,General,0.36639997979561184,No
INNSA1,2020-05-15,301049751,73239990,03-027I FAMILY CLOTH RACK 3LAYERS (3648 PCS) (OTHER ARTICLESOF HOUSEHOLD OF IRON & STEEL) (MADE UP OF MILD STEEL),,,,,,,,,20976.0,KGS,154.9312094774981,3249837.05,2.019963617698801,42370.75684485006,1190740.2,2020,5,KG,Unknown,3L,Steel,,,4440577.25,211.69800009534706,Other,General,0.3663999707308402,No
INNSA1,2020-05-15,301049751,73239990,RYX-02-021A MILD STEEL MULTI FUNCTION CLOTH STAND (10368 NOS) (OTHER ARTICLES OF HOUSEHOLD OF IRON & STEEL),,,,,,,,,38016.0,KGS,198.1770428240741,7533898.46,2.583794560939688,98225.53402868318,2760420.4,2020,5,KG,Unknown,,Steel,,,10294318.86,270.78911142676765,Other,General,0.36640000056491334,No
INNSA1,2020-05-14,301049751,73231000,STEEL SCRUBBER 2PCS SET - 8001-2 (QTY- 158040 SETS/USD 0.156 PER SET),,,,,,,,,5005.0,KGS,395.989996003996,1981929.93,5.16284219040412,25840.02516297262,871256.4,2020,5,KG,Unknown,,Steel,158040.0,0.156,2853186.33,570.0671988011989,Other,General,0.43960000139863675,No
INNSA1,2020-05-09,301049751,73239990,STAINLESS STEEL SPORTS BOTTLE 750ML S-308-C6-NP-20 (TOTAL 7200 PCS ) (NOT VACUUM BOTTLE) (MILD STEEL),,,,,,,,,1280.0,KGS,462.134921875,591532.7,6.02522714308996,7712.290743155149,216737.6,2020,5,KG,Unknown,750ML,Steel,,,808270.2999999999,631.461171875,Other,General,0.3664000316466022,No
INNSA1,2020-05-09,301049751,73239990,STEEL TEA STRAINER -NP-55 (TOTAL 61200 PCS),,,,,,,,,2805.0,KGS,524.3828556149732,1470893.91,6.83680385417175,19177.23481095176,538935.6,2020,5,KG,Unknown,,Steel,,,2009829.5099999998,716.5167593582887,Other,General,0.36640004852559355,No
INNSA1,2020-05-09,301049751,73239990,STEEL SALT BOTTLE -NP-19 (TOTAL 21024 PCS),,,,,,,,,3285.0,KGS,240.3713089802131,789619.75,3.133915371319597,10294.91199478488,289316.7,2020,5,KG,Unknown,,Steel,,,1078936.45,328.4433637747336,Other,General,0.3664000298878036,No
INNSA1,2020-05-09,301049751,73239990,STAINLESS STEEL COLA BOTTLE 750ML SK750-SL-01(TOTAL 41400 PCS) (NOT VACUUM BOTTLE) (MILD STEEL),,,,,,,,,7820.0,KGS,510.7050869565217,3993713.78,6.658475709993763,52069.28005215123,1463296.8,2020,5,KG,Unknown,750ML,Steel,,,5457010.58,697.8274398976982,Other,General,0.3664000177799422,No
INNSA1,2020-05-09,301049751,73239990,STEEL ZHARA-NP-003(TOTAL 36000 PCS),,,,,,,,,3360.0,KGS,365.273931547619,1227320.41,4.762371988886819,16001.56988265971,449690.2,2020,5,KG,Unknown,,Steel,,,1677010.6099999999,499.1103005952381,Other,General,0.3664000014470549,No
INNSA1,2020-05-09,301049751,73231000,STEEL SCRUBBER 6PCS SET - OKS-4156 (QTY- 98000 PCS/USD 0.265 PER PCS),,,,,,,,,9112.0,KGS,228.972382572432,2086396.35,2.985298338623624,27202.03846153846,917179.8,2020,5,KG,Unknown,,Steel,98000.0,0.265,3003576.1500000004,329.62863805970153,Other,General,0.43959998300418807,No
INNSA1,2020-05-09,301049751,73239990,STEEL HAND BLENDER-RS-02 (TOTAL 20000 PCS),,,,,,,,,1300.0,KGS,560.0422769230769,728054.96,7.301724601343897,9492.241981747065,266759.4,2020,5,KG,Unknown,,Steel,,,994814.36,765.2418153846154,Other,General,0.3664000860594371,No
INNSA1,2020-05-09,301049751,73239990,STAINLESS STEEL SPORTS BOTTLE 650ML S115-NP-21 (TOTAL 7200 PCS ) (NOT VACUUM BOTTLE) (MILD STEEL),,,,,,,,,1280.0,KGS,483.8398828125,619315.05,6.308212292209909,8074.511734028683,226917.0,2020,5,KG,Unknown,650ML,Steel,,,846232.05,661.1187890625,Other,General,0.36639994458393993,No
INNSA1,2020-05-09,301049751,73239990,STAINLESS STEEL BOTTLE 750ML SG805-AM-06 (TOTAL 25560 PCS ) (NOT VACUUM BOTTLE) (MILD STEEL),,,,,,,,,4047.0,KGS,543.2588386459106,2198568.52,7.082905327847596,28664.51786179922,805555.5,2020,5,KG,Unknown,750ML,Steel,,,3004124.02,742.3088757104027,Other,General,0.36639999739466844,No
INNSA1,2020-05-07,301049751,73239990,RYX-02-021A MILD STEEL MULTI FUNCTION CLOTH STAND (9072 NOS)(OTHER ARTICLES OF HOUSEHOLD OF IRON & STEEL),,,,,,,,,33264.0,KGS,196.2701764670515,6528731.15,2.558933200352692,85120.35397653194,2392127.0,2020,5,KG,Unknown,,Steel,,,8920858.15,268.1835663179413,Other,General,0.366399985700131,No
INNSA1,2020-05-07,301049751,73239990,RYX-02-020 MILD STEEL MULTI FUNCTION CLOTH STAND (2464 NOS)(OTHER ARTICLES OF HOUSEHOLD OF IRON & STEEL),,,,,,,,,8008.0,KGS,355.3226960539461,2845424.15,4.632629674758097,37098.09843546284,1042563.4,2020,5,KG,Unknown,,Steel,,,3887987.55,485.5129308191808,Other,General,0.3663999969916612,No
INNSA1,2020-05-06,301049751,73239990,KWP-1000B SS OIL POT 1000ML (QTY:27000 PCS/USD 1.45 PER PCS),,,,,,,,,6097.5,KGS,514.5972775727757,3137756.9,6.627138152901168,40408.97488731487,1149674.1,2020,5,KG,Unknown,1000ML,General,27000.0,1.45,4287431.0,703.1457154571546,Other,General,0.3663999910254361,No
INNSA1,2020-05-06,301049751,73239990,KWP-600P SS OIL POT 600ML (QTY:38760 PCS/USD 1.20 PER PCS),,,,,,,,,6783.0,KGS,546.8888957688338,3709547.38,7.042999301594768,47772.66426271731,1359178.1,2020,5,KG,Unknown,600ML,General,38760.0,1.2,5068725.48,747.2689783281735,Other,General,0.36639998381689365,No
INNSA1,2020-05-03,301049751,73239990,STEEL ZHARA NP-003 (QTY 30000 PCS),,,,,,,,,2800.0,KGS,367.5184535714286,1029051.67,4.733012924293993,13252.43618802318,377044.5,2020,5,KG,Unknown,,Steel,30000.0,,1406096.17,502.17720357142855,Other,General,0.366399969012246,No
INNSA1,2020-05-03,301049751,73239990,STAINLESS STEEL SPORTS BOTTLE 800ML SB-10(TOTAL 2520 PCS ) (NOT VACUUM BOTTLE) (MILD STEEL),,,,,,,,,406.0,KGS,611.4489162561576,248248.26,7.874422617593788,3197.015582743078,90958.3,2020,5,KG,Unknown,800ML,Steel,,,339206.56,835.4841379310345,Other,General,0.36640055402603827,No
INNSA1,2020-05-03,301049751,73239990,STAINLESS STEEL SPORTS BOTTLE 750ML SG-127 -SB-09 (TOTAL 2520 PCS ) (NOT VACUUM BOTTLE) (MILD STEEL),,,,,,,,,413.0,KGS,566.3118159806295,233886.78,7.293133496209007,3012.064133934321,85696.1,2020,5,KG,Unknown,750ML,Steel,,,319582.88,773.808426150121,Other,General,0.3663999307699221,No
INNSA1,2020-05-03,301049751,73239990,STEEL TEA STRAINER NP-55 (QTY 61200 PCS),,,,,,,,,2805.0,KGS,527.63176114082,1480007.09,6.795000143474822,19059.97540244688,542274.5,2020,5,KG,Unknown,,Steel,61200.0,,2022281.59,720.9560035650625,Other,General,0.3663999339354516,No
INNSA1,2020-05-03,301049751,73239990,STAINLESS STEEL SPORTS BOTTLE 650ML S115 -NP-21(TOTAL 36000 PCS)(NOT VACUUM BOTTLE)(MILD STEEL),,,,,,,,,6400.0,KGS,490.0118609375,3136075.91,6.310519780264006,40387.32659368964,1149058.2,2020,5,KG,Unknown,650ML,Steel,,,4285134.11,669.5522046875001,Other,General,0.36639999571949133,No
INNSA1,2020-05-03,301049751,73239990,STEEL LUNCH BOX 2 LAYER 8504 (MILD STEEL) (QTY 22020 PCS),,,,,,,,,10532.9,KGS,399.5341833683031,4208253.6,5.145321099398623,54195.15260785575,1541904.1,2020,5,KG,Unknown,2L,Steel,22020.0,,5750157.699999999,545.9235063467801,Other,General,0.3663999954755579,No
INNSA1,2020-05-03,301049751,73239990,STEEL LUNCH BOX 6900 (MILD STEEL) (QTY 86400 PCS),,,,,,,,,10116.0,KGS,498.5565332147094,5043397.89,6.420560633801794,64950.39137153895,1847901.1,2020,5,KG,Unknown,,Steel,86400.0,,6891298.99,681.2276581652827,Other,General,0.3664000224261505,No
INNSA1,2020-05-03,301049751,73239990,STEEL LUNCH BOX 6527 (MILD STEEL) (QTY 25800 PCS),,,,,,,,,8967.0,KGS,432.5308118657299,3878503.79,5.570261582301737,49948.53560849967,1421083.9,2020,5,KG,Unknown,,Steel,25800.0,,5299587.6899999995,591.0101137504181,Other,General,0.3664000287079776,No
INNSA1,2020-05-03,301049751,73239990,STEEL TEA STRAINER BIG SB-12 (QTY 456 PCS),,,,,,,,,108.3,KGS,391.6777469990766,42418.7,5.044143554398926,546.2807469414037,15542.2,2020,5,KG,Unknown,,Steel,456.0,,57960.899999999994,535.1883656509694,Other,General,0.3663997246497418,No
INNSA1,2020-05-01,301049751,73239990,03-027I FAMILY CLOTH RACK 3LAYERS (1824 PCS) (OTHER ARTICLESOF HOUSEHOLD OF IRON & STEEL) (MADE UP OF MILD STEEL),,,,,,,,,10488.0,KGS,157.1683114035088,1648381.25,2.02406067486811,21228.34835801674,603966.8,2020,5,KG,Unknown,3L,Steel,,,2252348.05,214.75477212051868,Other,General,0.36639994540098053,No
INNSA1,2020-04-27,301049751,73239990,2628 HOUSEHOLD STEEL HOOK 3PCS SET (QTY 96984 SET / USD 0.445 PER PCS),,,,,,,,,3286.68,KGS,1033.331480399674,3396229.91,13.30755287056888,43737.66786864134,1244378.7,2020,4,KG,Unknown,,Steel,96984.0,0.445,4640608.61,1411.9441533705747,Other,General,0.36640001795402594,No
INNSA1,2020-04-25,301049751,73239990,STAINLESS STEEL COLA BOTTLE 750ML SK750-SL-01(TOTAL 25200 (NOT VACUUM BOTTLE) (MILD STEEL),,,,,,,,,4760.0,KGS,516.7088109243697,2459533.94,6.654331112998965,31674.61609787508,901173.3,2020,4,KG,Unknown,750ML,Steel,,,3360707.24,706.0309327731093,Other,General,0.3664000261773172,No
INNSA1,2020-04-25,301049751,73239990,STAINLESS STEEL BOTTLE 750ML SG805-AM-06 (TOTAL 3600 PCS) (NOT VACUUM BOTTLE) (MILD STEEL),,,,,,,,,570.0,KGS,549.6452631578948,313297.8,7.078496627918799,4034.743077913715,114792.4,2020,4,KG,Unknown,750ML,Steel,,,428090.19999999995,751.0354385964912,Other,General,0.3664002747545626,No
INNSA1,2020-04-25,301049751,73239990,STAINLESS STEEL SPORTS BOTTLE 750ML SG-702 -SB-01 (TOTAL 21600 PCS ) (NOT VACUUM BOTTLE) (MILD STEEL),,,,,,,,,3540.0,KGS,550.8641242937853,1950059.0,7.094193487363622,25113.44494526722,714501.6,2020,4,KG,Unknown,750ML,Steel,,,2664560.6,752.7007344632768,Other,General,0.36639999097463205,No
INNSA1,2020-04-25,301049751,73239990,STAINLESS STEEL SPORTS BOTTLE KOOU 750ML-MP-202 (TOTAL 16560PCS)(NOT VACUUM BOTTLE)(MILD STEEL),,,,,,,,,3128.0,KGS,473.6497218670077,1481576.33,6.099803243618902,19080.18454603992,542849.6,2020,4,KG,Unknown,750ML,Steel,,,2024425.9300000002,647.1949904092072,Other,General,0.36640002206298744,No
INNSA1,2020-04-25,301049751,73239990,STAINLESS STEEL SPORTS BOTTLE 650ML S115 -NP-21(TOTAL 17280(NOT VACUUM BOTTLE)(MILD STEEL),,,,,,,,,3072.0,KGS,489.5277864583334,1503829.36,6.304285723867783,19366.76574372183,551003.1,2020,4,KG,Unknown,650ML,Steel,,,2054832.46,668.8907747395833,Other,General,0.366400014959144,No
INNSA1,2020-04-25,301049751,73239990,STAINLESS STEEL SPORTS BOTTLE KWB-600F(50400 PCS)(NOT VACUUM BOTTLE) (MILD STEEL),,,,,,,,,7897.5,KGS,507.9481177587844,4011520.26,6.541508277640494,51661.5616226658,1469821.1,2020,4,KG,Unknown,,Steel,,,5481341.359999999,694.0603178220955,Other,General,0.3664000191289076,No
INNSA1,2020-04-24,301049751,73239990,03-027I FAMILY CLOTH RACK 3LAYERS (3648 PCS) (OTHER ARTICLESOF HOUSEHOLD OF IRON & STEEL) (MADE UP OF MILD STEEL),,,,,,,,,20976.0,KGS,157.0194264874142,3293639.49,2.022143290243582,42416.47765614939,1206789.5,2020,4,KG,Unknown,3L,Steel,,,4500428.99,214.55134391685738,Other,General,0.3663999972261688,No
INNSA1,2020-04-24,301049751,73239990,RYX-02-021A MILD STEEL MULTI FUNCTION CLOTH STAND (3888 NOS)(OTHER ARTICLES OF HOUSEHOLD OF IRON & STEEL),,,,,,,,,14256.0,KGS,197.6945012626263,2818332.81,2.545969108340325,36295.33560849968,1032637.2,2020,4,KG,Unknown,,Steel,,,3850970.01,270.1297706228956,Other,General,0.3664000207271475,No
INNSA1,2020-04-24,301049751,73239990,RYX-02-020 MILD STEEL MULTI FUNCTION CLOTH STAND (2464 NOS)(OTHER ARTICLES OF HOUSEHOLD OF IRON & STEEL),,,,,,,,,8008.0,KGS,357.9012587412587,2866073.28,4.609159803493351,36910.15170637475,1050129.3,2020,4,KG,Unknown,,Steel,,,3916202.58,489.03628621378624,Other,General,0.3664000175180448,No
INNSA1,2020-04-17,301049751,73239990,RYX-02-021A MILD STEEL MULTI FUNCTION CLOTH STAND (2592 NOS) (OTHER ARTICLES OF HOUSEHOLD OF IRON & STEEL),,,,,,,,,9504.0,KGS,196.4538667929293,1867097.55,2.52999184536934,24045.04249839021,684104.6,2020,4,KG,Unknown,,Steel,,,2551202.15,268.4345696548821,Other,General,0.366400030892869,No
INNSA1,2020-04-17,301049751,73239990,03-027I FAMILY CLOTH RACK 3LAYERS (3648 PCS) (OTHER ARTICLESOF HOUSEHOLD OF IRON & STEEL) (MADE UP OF MILD STEEL),,,,,,,,,20976.0,KGS,156.7973155034325,3288980.49,2.019282878344269,42356.47765614939,1205082.4,2020,4,KG,Unknown,3L,Steel,,,4494062.890000001,214.24784944698706,Other,General,0.36639998433070664,No
INNSA1,2020-04-17,301049751,73239990,RYX-02-020 MILD STEEL MULTI FUNCTION CLOTH STAND (3696 NOS)(OTHER ARTICLES OF HOUSEHOLD OF IRON & STEEL),,,,,,,,,12012.0,KGS,355.6552455877455,4272130.81,4.580234972153837,55017.7824855119,1565308.8,2020,4,KG,Unknown,,Steel,,,5837439.609999999,485.96733349983344,Other,General,0.3664000166699016,No
INNSA1,2020-04-11,301049751,73239990,STEEL RECTANGLE CONTAINER- 6901(TOTAL 55200 PCS) (MILD STEEL),,,,,,,,,8970.0,KGS,457.3741482720178,4102646.11,5.990493101139723,53734.72311722332,1503209.5,2020,4,KG,Unknown,,Steel,,,5605855.609999999,624.9560323299888,Other,General,0.3663999915410691,No
INNSA1,2020-04-11,301049751,73239990,STAINLESS STEEL SPORTS BOTTLE 650ML S115 -NP-21(TOTAL 19728PCS)(NOT VACUUM BOTTLE)(MILD STEEL),,,,,,,,,3507.2,KGS,482.2790944343066,1691449.24,6.316687549892687,22153.88657498363,619747.0,2020,4,KG,Unknown,650ML,Steel,,,2311196.24,658.9861541970804,Other,General,0.366399999091903,No
INNSA1,2020-04-11,301049751,73239990,STAINLESS STEEL COLA BOTTLE 750ML SK750-SL-01(TOTAL 3600 PCS(NOT VACUUM BOTTLE) (MILD STEEL),,,,,,,,,680.0,KGS,509.0576323529412,346159.19,6.667421510844024,4533.846627373936,126832.7,2020,4,KG,Unknown,750ML,Steel,,,472991.89,695.5763088235294,Other,General,0.3663999213772138,No
INNSA1,2020-04-11,301049751,73231000,SS SCRUBBER 3PCS SET-SS410 (TOTAL 122640 SET),,,,,,,,,7665.0,KGS,210.4320848010437,1612961.93,2.756150423065405,21125.89299279633,709058.0,2020,4,KG,Unknown,,General,,,2322019.9299999997,302.938020874103,Other,General,0.43959996005609386,No
INNSA1,2020-04-11,301049751,73239990,STAINLESS STEEL SPORTS BOTTLE 750ML S-308-C6-NP-20(TOTAL 18000 PCS) (NOT VACUUM BOTTLE) (MILD STEEL),,,,,,,,,3200.0,KGS,460.644146875,1474061.27,6.033322159462999,19306.6309102816,540096.1,2020,4,KG,Unknown,750ML,Steel,,,2014157.37,629.424178125,Other,General,0.36640003437577595,No
INNSA1,2020-04-04,301049751,73239990,STEEL LUNCH BOX-6527 (MILD STEEL) (TOTAL 25800 PCS),,,,,,,,,8987.0,KGS,425.6147223767664,3824999.51,5.574521576643961,50098.22540929928,1401479.8,2020,4,KG,Unknown,,Steel,,,5226479.31,581.5599543785468,Other,General,0.366399994649934,No
INNSA1,2020-04-04,301049751,73239990,STEEL LUNCH BOX-6561 (TOTAL 21240 PCS) (MILD STEEL),,,,,,,,,8094.8,KGS,502.8153024163661,4070189.31,6.585662114163276,53309.61768172889,1491317.4,2020,4,KG,Unknown,,Steel,,,5561506.71,687.0468337698276,Other,General,0.3664000090452795,No
INNSA1,2020-03-31,301049751,73239990,RYX-02-021A MILD STEEL MULTI FUNCTION CLOTH STAND (5184 NOS)(OTHER ARTICLES OF HOUSEHOLD OF IRON & STEEL),,,,,,,,,19008.0,KGS,192.9811243,3668185.21,2.547605601,48424.88726,1344023.0,2020,3,KG,Unknown,,Steel,,,5012208.21,263.68940498737373,Other,General,0.36639998338578983,No
INNSA1,2020-03-31,301049751,73239990,RYX-02-020 MILD STEEL MULTI FUNCTION CLOTH STAND (3696 NOS)(OTHER ARTICLES OF HOUSEHOLD OF IRON & STEEL),,,,,,,,,12012.0,KGS,349.3682767,4196611.74,4.612122465,55400.81505,1537638.5,2020,3,KG,Unknown,,Steel,,,5734250.24,477.37680985680987,Other,General,0.3663999901024916,No
INNSA1,2020-03-20,301049751,73239990,STAINLESS STEEL SPORT BOTTLE 1000ML (ITEM NO: KW-830) (QTY 32220 PCS),,,,,,,,,6450.0,KGS,384.9750031,2483088.77,5.082178259,32780.04977,909803.8,2020,3,KG,Unknown,1000ML,Steel,32220.0,,3392892.5700000003,526.0298558139535,Other,General,0.3664000300722233,No
INNSA1,2020-02-05,301049751,73239990,STAINLESS STEEL SPORTS BOTTLE 750ML S-308-C6-NP-20(TOTAL 7884 PCS) (NOT VACUUM BOTTLE) (MILD STEEL),,,,,,,,,1401.6,KGS,431.499743150685,604790.04,6.022327189821143,8440.893789253314,221595.1,2020,2,KG,Unknown,750ML,Steel,,,826385.14,589.601269977169,Other,General,0.3664000485193175,No
INNSA1,2020-02-05,301049751,73239990,STAINLESS STEEL BOTTLE 750ML SG805-AM-06 (TOTAL 21600 PCS) (NOT VACUUM BOTTLE) (MILD STEEL),,,,,,,,,3420.0,KGS,507.2458304093567,1734780.74,7.079495190640009,24211.87355198883,635623.6,2020,2,KG,Unknown,750ML,Steel,,,2370404.34,693.1006842105263,Other,General,0.3663999636057753,No
INNSA1,2020-02-05,301049751,73239990,STAINLESS STEEL SPORTS BOTTLE 650ML S115 -NP-21(TOTAL 14400PCS)(NOT VACUUM BOTTLE)(MILD STEEL),,,,,,,,,2560.0,KGS,451.76580078125,1156520.45,6.305175167916957,16141.24842986741,423749.1,2020,2,KG,Unknown,650ML,Steel,,,1580269.5499999998,617.29279296875,Other,General,0.36640000615639784,No
INNSA1,2020-02-05,301049751,73239990,STAINLESS STEEL SPORTS BOTTLE 750ML SG-702 -SB-01 (TOTAL 18540 PCS ) (NOT VACUUM BOTTLE) (MILD STEEL),,,,,,,,,3038.5,KGS,508.3706763205529,1544684.3,7.095194365953286,21558.74808094906,565972.4,2020,2,KG,Unknown,750ML,Steel,,,2110656.7,694.6377159782788,Other,General,0.3664000469222093,No
INNSA1,2020-02-05,301049751,73239990,STAINLESS STEEL COLA BOTTLE 750ML SK750-SL-01(TOTAL 23436 PCS (NOT VACUUM BOTTLE) (MILD STEEL),,,,,,,,,4426.8,KGS,476.8500880997561,2110919.97,6.655269896716763,29461.54877878576,773441.1,2020,2,KG,Unknown,750ML,Steel,,,2884361.0700000003,651.5679655733261,Other,General,0.36640001089193347,No
INNSA1,2020-01-31,301049751,73239990,STEEL HANGER WITH HOOK-SL-89 (MILD STEEL)(TOTAL 70056 PCS)(HOUSEHOLD),,,,,,,,,15568.0,KGS,328.4677415210688,5113585.8,4.584336936790911,71368.95743196091,1243624.1,2020,1,KG,Unknown,,Steel,,,6357209.9,408.35109840698874,Other,General,0.24320000653944246,No
INNSA1,2020-01-30,301049751,73239990,STEEL ROUND CONTAINER -6856(TOTAL 2208 PCS)- (MILD STEEL),,,,,,,,,184.0,KGS,514.7641304347826,94716.6,7.184426105160957,1321.934403349616,23035.2,2020,1,KG,Unknown,,Steel,,,117751.8,639.9554347826087,Other,General,0.2432012973438658,No
INNSA1,2020-01-30,301049751,73239990,STEEL ROUND CONTAINER -6857(TOTAL 69696 PCS) (MILD STEEL),,,,,,,,,8886.24,KGS,406.0568845766039,3608318.93,5.667227977342692,50360.34794138172,877543.2,2020,1,KG,Unknown,,Steel,,,4485862.13,504.80992298204865,Other,General,0.2432000100390239,No
INNSA1,2020-01-30,301049751,73239990,STEEL ROUND CONTAINER -6857(TOTAL 504 PCS) (MILD STEEL),,,,,,,,,64.26,KGS,428.0496420790539,27506.47,5.974175046462719,383.9004884856943,6689.6,2020,1,KG,Unknown,,Steel,,,34196.07,532.1517273576096,Other,General,0.24320096326427929,No
INNSA1,2020-01-30,301049751,73239990,STEEL ROUND CONTAINER MEDIUM-6581 (MILD STEEL) (TOTAL 28320PCS),,,,,,,,,6230.4,KGS,295.8414483821264,1843210.56,4.128980437991994,25725.19972086532,448268.9,2020,1,KG,Unknown,,Steel,,,2291479.46,367.79010336415,Other,General,0.2432000498087424,No
INNSA1,2020-01-30,301049751,73239990,STEEL LUNCH BOX-6527 (MILD STEEL) (TOTAL 276 PCS),,,,,,,,,96.14,KGS,399.1736009985438,38376.55,5.571159818542132,535.6113049546406,9333.3,2020,1,KG,Unknown,,Steel,,,47709.850000000006,496.25390056168095,Other,General,0.24320320612457344,No
INNSA1,2020-01-30,301049751,73239990,STEEL LUNCH BOX BIG-6588(TOTAL 2400 PCS) (MILD STEEL),,,,,,,,,715.0,KGS,510.3241818181818,364881.79,7.122458922793883,5092.558129797627,88739.3,2020,1,KG,Unknown,,Steel,,,453621.08999999997,634.4350909090908,Other,General,0.24320013339114568,No
INNSA1,2020-01-30,301049751,73239990,STEEL LUNCH BOX SMALL-6587 (TOTAL 2400 PCS) (MILD STEEL),,,,,,,,,487.0,KGS,557.1300821355236,271322.35,7.77571642896753,3786.773900907187,65985.5,2020,1,KG,Unknown,,Steel,,,337307.85,692.6239219712526,Other,General,0.24319964794643717,No
INNSA1,2020-01-30,301049751,73239990,STEEL RECTANGLE CONTAINER MEDIUM-6577(TOTAL 21000 PCS) (MILDSTEEL),,,,,,,,,4620.0,KGS,470.6568225108225,2174434.52,6.568832135531367,30348.00446615492,528822.5,2020,1,KG,Unknown,,Steel,,,2703257.02,585.1205670995671,Other,General,0.24320001137583117,No
INNSA1,2020-01-30,301049751,73239990,STEEL RECTANGLE CONTAINER BIG-6578(MILD STEEL) (TOTAL 17040PCS),,,,,,,,,5033.9,KGS,415.5967361290451,2092072.41,5.800373149044593,29198.49839497557,508791.9,2020,1,KG,Unknown,,Steel,,,2600864.31,516.6698404815353,Other,General,0.24319994736702255,No
INNSA1,2020-01-30,301049751,73239990,STEEL RECTANGLE CONTAINER- 6901(TOTAL 2400 PCS) (MILD STEEL),,,,,,,,,390.0,KGS,432.3836666666667,168629.63,6.034663875319842,2353.518911374738,41010.8,2020,1,KG,Unknown,,Steel,,,209640.43,537.5395641025641,Other,General,0.2432004387366562,No
INNSA1,2020-01-30,301049751,73239990,HOUSEHOLD STEEL HOOK 3 PCS SET-2628(TOTAL 70200 SET) (MILD STEEL),,,,,,,,,2379.0,KGS,970.7938671710803,2309518.61,13.5491118935252,32233.33719469644,561675.0,2020,1,KG,Unknown,,Steel,,,2871193.61,1206.89096679277,Other,General,0.2432000320620928,No
INNSA1,2020-01-30,301049751,73239990,STEEL LUNCH BOX-6561 (TOTAL 21240 PCS) (MILD STEEL),,,,,,,,,8094.8,KGS,471.5781476997578,3817330.79,6.58169082623528,53277.47090020934,928374.9,2020,1,KG,Unknown,,Steel,,,4745705.69,586.2659596284035,Other,General,0.24320001358855253,No
INNSA1,2020-01-30,301049751,73239990,STEEL LUNCH BOX 2 LAYER-8504 (MILD STEEL) (TOTAL 672 PCS),,,,,,,,,321.44,KGS,369.5441450970632,118786.27,5.157629380280016,1657.868387997209,28888.8,2020,1,KG,Unknown,2L,Steel,,,147675.07,459.41721627675463,Other,General,0.24319982435680487,No
INNSA1,2020-01-29,301049751,73239990,STEEL TEA STRAINER -NP-55 (TOTAL 61200 PCS) (MILD STEEL),,,,,,,,,2805.0,KGS,496.7448591800357,1393369.33,6.932935927146345,19446.8852756455,338867.4,2020,1,KG,Unknown,,Steel,,,1732236.73,617.553201426025,Other,General,0.2431999848884287,No
INNSA1,2020-01-29,301049751,73239990,RYX-02-021A-13 MILD STEEL MULTI FUNCTION CLOTH STAND (1164 NOS) (OTHER ARTICLES OF HOUSEHOLD OF IRON & STEEL),,,,,,,,,4268.0,KGS,198.6852272727273,847988.55,2.772996891454672,11835.15073272854,206230.9,2020,1,KG,Unknown,,Steel,,,1054219.45,247.00549437675724,Other,General,0.24320009981266844,No
INNSA1,2020-01-29,301049751,73239990,RYX-02-021A MILD STEEL MULTI FUNCTION CLOTH STAND (1296 NOS)(OTHER ARTICLES OF HOUSEHOLD OF IRON & STEEL),,,,,,,,,4752.0,KGS,193.0727167508417,917481.55,2.694664574331357,12805.04605722261,223131.5,2020,1,KG,Unknown,,Steel,,,1140613.05,240.02799873737374,Other,General,0.24319998587437533,No
INNSA1,2020-01-29,301049751,73239990,STEEL HAND BLENDER-RS-02 (TOTAL 10000 PCS) (MILD STEEL),,,,,,,,,650.0,KGS,530.4435076923078,344788.28,7.403259004777498,4812.118353105373,83852.5,2020,1,KG,Unknown,,Steel,,,428640.78,659.4473538461539,Other,General,0.24319997187839446,No
INNSA1,2020-01-29,301049751,73239990,STEEL SPOON HOLDER ROUND -MP-96 ( TOTAL 18936 PCS) (MILD STEEL),,,,,,,,,4050.2,KGS,253.3138684509407,1025971.83,3.535434311946136,14319.21605024424,249516.4,2020,1,KG,Unknown,,Steel,,,1275488.23,314.9198138363538,Other,General,0.24320004965438477,No
INNSA1,2020-01-29,301049751,73239990,STEEL ZHARA -NP-003 (TOTAL 12000 PCS) (MILD STEEL),,,,,,,,,1120.0,KGS,345.9341071428572,387446.2,4.828110357890539,5407.483600837404,94226.9,2020,1,KG,Unknown,,Steel,,,481673.1,430.0652678571428,Other,General,0.24319995911690448,No
INNSA1,2020-01-22,301049751,73239990,STEEL ZHARA-NP-003(TOTAL 60000 PCS) (MILD STEEL),,,,,,,,,5600.0,KGS,343.1583142857143,1921686.56,4.789369354999502,26820.46838799721,467354.3,2020,1,KG,Unknown,,Steel,,,2389040.86,426.61443928571424,Other,General,0.24320006692454568,No
INNSA1,2020-01-22,301049751,73239990,STAINLESS STEEL BOTTLE 750ML SG805-AM-06 (TOTAL 14400 PCS) (NOT VACUUM BOTTLE) (MILD STEEL),,,,,,,,,2280.0,KGS,508.5996973684211,1159607.31,7.09839075182723,16184.33091416608,282016.5,2020,1,KG,Unknown,750ML,Steel,,,1441623.81,632.2911447368422,Other,General,0.24320000190409286,No
INNSA1,2020-01-22,301049751,73239990,STAINLESS STEEL SPORTS BOTTLE KOOU 750ML-MP-202 (TOTAL 21348PCS)(NOT VACUUM BOTTLE)(MILD STEEL),,,,,,,,,4032.4,KGS,438.2792406507291,1767317.21,6.116946833925039,24665.97641311933,429811.6,2020,1,KG,Unknown,750ML,Steel,,,2197128.81,544.8687654994544,Other,General,0.24320003085354439,No
INNSA1,2020-01-22,301049751,73239990,STAINLESS STEEL SPORTS BOTTLE 750ML SG-702 -SB-01 (TOTAL 12528 PCS ) (NOT VACUUM BOTTLE) (MILD STEEL),,,,,,,,,2053.2,KGS,509.7275472433275,1046572.6,7.114131852663329,14606.73551988835,254526.5,2020,1,KG,Unknown,750ML,Steel,,,1301099.1,633.6933080070136,Other,General,0.24320004173623502,No
INNSA1,2020-01-22,301049751,73239990,STAINLESS STEEL SPORTS BOTTLE 750ML S-308-C6 -NP-20 (TOTAL 22320 PCS (NOT VACUUM BOTTLE)(MILD STEEL),,,,,,,,,3968.0,KGS,432.6513684475806,1716760.63,6.038400117900636,23960.37166782972,417516.2,2020,1,KG,Unknown,750ML,Steel,,,2134276.83,537.8721849798387,Other,General,0.2432000086115675,No
INNSA1,2020-01-22,301049751,73239990,STAINLESS STEEL SPORTS BOTTLE 650ML S115 -NP-21(TOTAL 3168 PCS)(NOT VACUUM BOTTLE)(MILD STEEL),,,,,,,,,563.2,KGS,452.9715909090909,255113.6,6.322004060140835,3560.552686671318,62043.6,2020,1,KG,Unknown,650ML,Steel,,,317157.2,563.1342329545454,Other,General,0.24319989212648796,No
INNSA1,2020-01-21,301049751,73239990,KW-830 STAINLESS STEEL SPORT BOTTLE 1000ML (QTY- 34920 PCS/USD 0.98 PER PCS),,,,,,,,,6790.0,KGS,373.8326421207659,2538323.64,5.217482793032321,35426.70816468946,617320.3,2020,1,KG,Unknown,1000ML,Steel,34920.0,0.98,3155643.9400000004,464.7487393225332,Other,General,0.24319999635665057,No
INNSA1,2020-01-17,301049751,73231000,STEEL SCRUBBER 6PCS SET - OKS-4156 (QTY- 98000 PCS/USD 0.268 PER PCS),,,,,,,,,9212.0,KGS,213.6427181936604,1968076.72,2.981754615403495,27467.923517097,609710.2,2020,1,KG,Unknown,,Steel,98000.0,0.268,2577786.92,279.8292357794181,Other,General,0.3098000163326966,No
INNSA1,2020-01-16,301049751,73239990,STAINLESS STEEL GRATER WITH HANDLE-DS-25 (TOTAL 102000 PCS)(MILD STEEL),,,,,,,,,3400.0,KGS,471.7949352941176,1604102.78,6.539084342260812,22232.88676368676,390117.8,2020,1,KG,Unknown,,Steel,,,1994220.58,586.5354647058824,Other,General,0.24320000243375925,No
INNSA1,2020-01-16,301049751,73239990,STEEL HAND BLENDER-RS-02 (TOTAL 20400 PCS) (MILD STEEL),,,,,,,,,1326.0,KGS,533.0577828054298,706834.62,7.388188257871515,9796.737629937628,171902.2,2020,1,KG,Unknown,,Steel,,,878736.8200000001,662.6974509803922,Other,General,0.24320002888370126,No
INNSA1,2020-01-16,301049751,73239990,STEEL TEA STRAINER -NP-55 (TOTAL 61200 PCS) (MILD STEEL),,,,,,,,,2805.0,KGS,499.0888556149733,1399944.24,6.917378456201986,19403.24656964657,340466.4,2020,1,KG,Unknown,,Steel,,,1740410.6400000001,620.4672513368985,Other,General,0.24319997202174282,No
INNSA1,2020-01-15,301049751,73231000,SS SCRUBBER 3PCS SET-SS410 (TOTAL 124200 SET),,,,,,,,,7659.0,KGS,198.8250359054707,1522800.95,2.755717753367577,21106.04227304227,471763.7,2020,1,KG,Unknown,,General,,,1994564.65,260.4210275492884,Other,General,0.3097999774691499,No
INNSA1,2020-01-09,301049751,73239990,KWP-1000B SS OIL POT 1000ML (QTY:27000 PCS/USD 1.45 PER PCS),,,,,,,,,6097.5,KGS,470.8807314473144,2871195.26,6.526413464273242,39794.80609840609,698274.7,2020,1,KG,Unknown,1000ML,General,27000.0,1.45,3569469.96,585.3989274292743,Other,General,0.2432000044469285,No
INNSA1,2020-01-07,301049751,73239990,STAINLESS STEEL BOTTLE 750ML SG805-AM-06 (TOTAL 10800 PCS) (NOT VACUUM BOTTLE) (MILD STEEL),,,,,,,,,1710.0,KGS,506.4737953216374,866070.19,7.019733822891717,12003.74483714484,210628.3,2020,1,KG,Unknown,750ML,Steel,,,1076698.49,629.6482397660818,Other,General,0.24320003439905952,No
INNSA1,2020-01-07,301049751,73239990,STAINLESS STEEL SPORTS BOTTLE 650ML S115 -NP-21(TOTAL 10800PCS)(NOT VACUUM BOTTLE)(MILD STEEL),,,,,,,,,1920.0,KGS,451.0782083333334,866070.16,6.251950219450219,12003.74442134442,210628.3,2020,1,KG,Unknown,650ML,Steel,,,1076698.46,560.7804479166666,Other,General,0.24320004282332044,No
INNSA1,2020-01-07,301049751,73239990,STAINLESS STEEL COLA BOTTLE 750ML SK750-SL-01(TOTAL 19692 PCS)(NOT VACUUM BOTTLE)(MILD STEEL),,,,,,,,,3719.6,KGS,476.1243198193354,1770992.02,6.59908967178566,24545.97394317394,430705.2,2020,1,KG,Unknown,750ML,Steel,,,2201697.22,591.9177384665019,Other,General,0.24319996653626932,No
INNSA1,2020-01-06,301049751,73239990,STAINLESS STEEL GRATER WITH HANDLE-KL324H-9S (MILD STEEL)(TOTAL 25200 PCS),,,,,,,,,4200.0,KGS,305.5622238095239,1283361.34,4.235096657096658,17787.40595980596,312113.4,2020,1,KG,Unknown,,Steel,,,1595474.7400000002,379.8749380952381,Other,General,0.24319993930937642,No
INNSA1,2020-01-06,301049751,73239990,STEEL SALT BOTTLE -NP-19 (MILD STEEL) (TOTAL 30000 PCS),,,,,,,,,4687.5,KGS,226.3900842666667,1061203.52,3.137769705705705,14708.29549549549,258084.7,2020,1,KG,Unknown,,Steel,,,1319288.22,281.4481536,Other,General,0.24320000370899636,No
INNSA1,2020-01-06,301049751,73239990,STEEL SPOON HOLDER ROUND-MP-96(MILD STEEL)(TOTAL 6192 PCS),,,,,,,,,860.0,KGS,387.2972325581395,333075.62,5.367945011200824,4616.432709632709,81004.1,2020,1,KG,Unknown,,Steel,,,414079.72,481.4880465116279,Other,General,0.2432003279015138,No
INNSA1,2020-01-06,301049751,73239990,STAINLESS STEEL GRATER WITH HANDLE SMALL -KL321RB-S(MILD STEEL)(TOTAL 19800 PCS),,,,,,,,,2695.0,KGS,363.3126716141002,979127.65,5.035518664090092,13570.7227997228,238123.9,2020,1,KG,Unknown,,Steel,,,1217251.55,451.67033395176253,Other,General,0.24320005670353603,No
INNSA1,2020-01-06,301049751,73239990,STEEL ZHARA-NP-003(TOTAL 60000 PCS) (MILD STEEL),,,,,,,,,5600.0,KGS,344.0152553571428,1926485.43,4.768056207306206,26701.11476091476,468521.3,2020,1,KG,Unknown,,Steel,,,2395006.73,427.6797732142857,Other,General,0.24320002254052864,No
INNSA1,2020-01-06,301049751,73239990,STAINLESS STEEL GRATER WITH HANDLE HEXA-KL326D-9S(MILD STEEL)(TOTAL 15600 PCS),,,,,,,,,3575.0,KGS,309.1854965034965,1105338.15,4.285315266853728,15320.00207900208,268818.2,2020,1,KG,Unknown,,Steel,,,1374156.3499999999,384.3793986013986,Other,General,0.2431999655490042,No
INNSA1,2020-01-06,301049751,73239990,STAINLESS STEEL GRATER WITH HANDLE-KL3241-8S(MILD STEEL)(TOTAL 19800 PCS),,,,,,,,,2530.0,KGS,340.7971620553359,862216.82,4.723453389540345,11950.33707553707,209691.2,2020,1,KG,Unknown,,Steel,,,1071908.02,423.67905928853753,Other,General,0.24320008046235983,No
INNSA1,2020-01-06,301049751,73239990,STAINLESS STEEL GRATER WITH HANDLE BIG -KL321R-S(MILD STEEL)(TOTAL 10224 PCS),,,,,,,,,2215.2,KGS,354.2750406283857,784790.07,4.910256973366399,10877.20124740125,190860.9,2020,1,KG,Unknown,,Steel,,,975650.97,440.43471018418205,Other,General,0.24319994262924352,No
INNSA1,2019-12-30,301049751,73239990,STAINLESS STEEL SPORTS BOTTLE KOOU 750ML-MP-202 (TOTAL 10800PCS)(NOT VACUUM BOTTLE)(MILD STEEL),,,,,,,,,2040.0,KG,436.1031666666667,889650.46,6.065412610106629,12373.44172461752,216362.9,2019,12,KG,Unknown,750ML,Steel,,,1106013.3599999999,542.1634117647059,Other,General,0.24319989673247627,No
INNSA1,2019-12-30,301049751,73239990,STAINLESS STEEL COLA BOTTLE 750ML SK750-SL-01(TOTAL 10800 PCS)(NOT VACUUM BOTTLE)(MILD STEEL),,,,,,,,,2040.0,KG,475.7489264705883,970527.81,6.616813998200115,13498.30055632823,236032.4,2019,12,KG,Unknown,750ML,Steel,,,1206560.21,591.4510833333333,Other,General,0.2432000377196816,No
INNSA1,2019-12-30,301049751,73239990,STAINLESS STEEL SPORTS BOTTLE 650ML S115 -NP-21(TOTAL 8640 PCS)(NOT VACUUM BOTTLE)(MILD STEEL),,,,,,,,,1536.0,KG,450.7225651041667,692309.86,6.2687422128535,9628.788038942976,168369.8,2019,12,KG,Unknown,650ML,Steel,,,860679.6599999999,560.3383203125,Other,General,0.24320006073580983,No
INNSA1,2019-12-26,301049751,73239990,STAINLESS STEEL SPORT BOTTLE 750ML ( ITEM NO. KW-820) ( QTY47160 PCS),,,,,,,,,7451.28,KG,415.7838586122116,3098121.95,5.782807491129508,43089.31780250348,753463.2,2019,12,KG,Unknown,750ML,Steel,47160.0,,3851585.1500000004,516.9024852105947,Other,General,0.24319998120151465,No
INNSA1,2019-12-24,301049751,73239990,STEEL LEMON SQUEEZER-AM-217 (TOTAL 120 PCS) (MILD STEEL),,,,,,,,,30.0,KG,612.9703333333333,18389.11,8.525317570700045,255.7595271210014,4472.2,2019,12,KG,Unknown,,Steel,,,22861.31,762.0436666666667,Other,General,0.2431982842018999,No
INNSA1,2019-12-24,301049751,73239990,STEEL TEA STRAINER-NP-55(TOTAL 61200 PCS) (MILD STEEL),,,,,,,,,2805.0,KG,485.1317219251337,1360794.48,6.74731184875012,18926.20973574409,330945.1,2019,12,KG,Unknown,,Steel,,,1691739.58,603.1157147950089,Other,General,0.2431999136269277,No
INNSA1,2019-12-23,301049751,73239990,STAINLESS STEEL BOTTLE 750ML SG805-AM-06 (TOTAL 7200 PCS) (NOT VACUUM BOTTLE) (MILD STEEL),,,,,,,,,1080.0,KG,532.7043240740741,575320.67,7.408961391850821,8001.678303198887,139918.0,2019,12,KG,Unknown,750ML,Steel,,,715238.67,662.2580277777778,Other,General,0.2432000226934311,No
INNSA1,2019-12-23,301049751,73239990,STAINLESS STEEL SPORTS BOTTLE 650ML S115-NP-21 (TOTAL 9792 PCS)(NOT VACUUM BOTTLE) (MILD STEEL),,,,,,,,,1740.8,KG,449.469295726103,782436.15,6.251311484368609,10882.28303198887,190288.5,2019,12,KG,Unknown,650ML,Steel,,,972724.65,558.7802447150735,Other,General,0.24320003619464667,No
INNSA1,2019-12-23,301049751,73239990,STAINLESS STEEL SPORTS BOTTLE 750ML SG-702 -SB-01 (TOTAL 14400 PCS ) (NOT VACUUM BOTTLE) (MILD STEEL),,,,,,,,,2360.0,KG,505.7864237288135,1193655.96,7.034581693029395,16601.61279554937,290297.2,2019,12,KG,Unknown,750ML,Steel,,,1483953.16,628.7937118644068,Other,General,0.24320005908570172,No
INNSA1,2019-12-23,301049751,73239990,STAINLESS STEEL SPORTS BOTTLE 750ML S-308-C6 -NP-20 (TOTAL 12600 PCS (NOT VACUUM BOTTLE)(MILD STEEL),,,,,,,,,2240.0,KG,429.3061875,961645.86,5.970878824756606,13374.7685674548,233872.3,2019,12,KG,Unknown,750ML,Steel,,,1195518.16,533.7134642857143,Other,General,0.24320002791880163,No
INNSA1,2019-12-21,301049751,73239990,STAINLESS STEEL SPORT BOTTLE 1000 ML ( ITEM NO. KW-830) ( QTY 34920 PCS),,,,,,,,,6790.0,KG,369.1963387334316,2506843.14,5.134858675012956,34865.69040333797,609664.2,2019,12,KG,Unknown,1000ML,Steel,34920.0,,3116507.34,458.9848807069219,Other,General,0.24319997939719512,No
INNSA1,2019-12-18,301049751,73239990,STEEL GLASS CANISTER 3PCS SET -NP-20 (MILD STEEL) (TOTAL 600SET),,,,,,,,,1400.0,KG,127.4574285714286,178440.4,1.760461720599842,2464.646408839779,43396.7,2019,12,KG,Unknown,,Glass,,,221837.09999999998,158.45507142857142,Glassware,General Glass,0.24319997041028824,No
INNSA1,2019-12-18,301049751,73239990,STEEL LUNCH BOX MEDIUM 6577 -AM-179 (TOTAL 336 PCS)(MILD STEEL),,,,,,,,,70.0,KG,603.5322857142858,42247.26,8.336081294396212,583.5256906077348,10274.5,2019,12,KG,Unknown,,Steel,,,52521.76,750.3108571428571,Other,General,0.2431992039247042,No
INNSA1,2019-12-18,301049751,73239990,STEEL LUNCH BOX RECTANGLE 6576 -AM-170 (MILD STEEL) (TOTAL 720 PCS),,,,,,,,,65.0,KG,690.3366153846154,44871.88,9.535036124096896,619.7773480662983,10912.8,2019,12,KG,Unknown,,Steel,,,55784.67999999999,858.2258461538461,Other,General,0.24319908147374258,No
INNSA1,2019-12-18,301049751,73239990,STEEL LUNCH BOX 6016-3 -AM-192 (MILD STEEL) (TOTAL 360 PCS),,,,,,,,,159.0,KG,420.8500628930818,66915.16,5.812846172556378,924.2425414364641,16273.8,2019,12,KG,Unknown,,Steel,,,83188.96,523.2010062893082,Other,General,0.24320049447688682,No
INNSA1,2019-12-18,301049751,73239990,STEEL LUNCH BOX MINI 001 -AM-169 (MILD STEEL) (TOTAL 720 PCS),,,,,,,,,38.0,KG,807.8989473684211,30700.16,11.15882523989532,424.0353591160221,7466.3,2019,12,KG,Unknown,,Steel,,,38166.46,1004.3805263157894,Other,General,0.2432006869019575,No
INNSA1,2019-12-18,301049751,73239990,STEEL LUNCH BOX 6576-AM-180 (MILD STEEL) (TOTAL 360 PCS),,,,,,,,,35.0,KG,652.2457142857143,22828.6,9.008918705603786,315.3121546961326,5552.0,2019,12,KG,Unknown,,Steel,,,28380.6,810.8742857142856,Other,General,0.24320370062115068,No
INNSA1,2019-12-18,301049751,73239990,STEEL LUNCH BOX 6581 -AM-181 (MILD STEEL) (TOTAL 336 PCS),,,,,,,,,42.0,KG,647.2414285714285,27184.14,8.939798737174426,375.4715469613259,6611.1,2019,12,KG,Unknown,,Steel,,,33795.24,804.6485714285714,Other,General,0.24319695234059274,No
INNSA1,2019-12-09,301049751,73239990,STEEL LUNCH BOX-6900(MILD STEEL)(TOTAL 86400 PCS),,,,,,,,,10116.0,KG,474.290808620008,4797925.82,6.550978019613369,66269.69364640884,1166855.6,2019,12,KG,Unknown,,Steel,,,5964781.42,589.6383372874654,Other,General,0.24320000845698778,No
INNSA1,2019-12-09,301049751,73239990,STEEL ROUND CONTAINER-6857 (TOTAL 72000 PCS)(MILD STEEL),,,,,,,,,9180.0,KG,435.5415501089325,3998271.43,6.015767266697962,55224.74350828729,972379.6,2019,12,KG,Unknown,,Steel,,,4970651.03,541.4652538126362,Other,General,0.2431999970547272,No
INNSA1,2019-12-09,301049751,73239990,STEEL ROUND CONTAINER-6856 (MILD STEEL) (TOTAL 127392 PCS),,,,,,,,,10616.0,KG,508.5520949510174,5398789.04,7.024200206505764,74568.90939226518,1312985.5,2019,12,KG,Unknown,,Steel,,,6711774.54,632.2319649585531,Other,General,0.24320000101356062,No
INNSA1,2019-11-26,301049751,73239990,STEEL ZHARA WAN-MP-263 (TOTAL 102000 PCS) (MILD STEEL),,,,,,,,,9605.0,KG,367.9336512233212,3534002.72,5.057507233310257,48577.35697594502,859469.5,2019,11,KG,Unknown,,Steel,,,4393472.220000001,457.4151192087455,Other,General,0.24320001089303064,No
INNSA1,2019-11-26,301049751,73239990,STEEL HANGER WITH HOOK ( ITEM NO. SM1168) (QTY: 25440 NOS),,,,,,,,,4770.0,KG,458.1531383647799,2185390.47,6.297637640752988,30039.73154639175,531486.9,2019,11,KG,Unknown,,Steel,25440.0,,2716877.37,569.5759685534591,Other,General,0.24319997149067826,No
INNSA1,2019-11-26,301049751,73239990,STEEL ZHARA-NP-003(TOTAL 24000 PCS) (MILD STEEL),,,,,,,,,2240.0,KG,350.2033571428572,784455.52,4.813791850760923,10782.89374570447,190779.7,2019,11,KG,Unknown,,Steel,,,975235.22,435.3728660714286,Other,General,0.2432001498313123,No
INNSA1,2019-11-26,301049751,73239990,STEEL MULTI GRATER AND SLICER-RS-04 (TOTAL 144 PCS) (MILDSTEEL),,,,,,,,,31.8,KG,274.3474842767296,8724.25,3.77109944022996,119.9209621993127,2121.7,2019,11,KG,Unknown,,Steel,,,10845.95,341.0676100628931,Other,General,0.24319569017394044,No
INNSA1,2019-11-13,301049751,73239990,STEEL ZHARA-NP-003(TOTAL 60000 PCS) (MILD STEEL),,,,,,,,,5600.0,KG,343.4346446428572,1923234.01,4.769925620039682,26711.58347222222,467730.5,2019,11,KG,Unknown,,Steel,,,2390964.51,426.9579482142857,Other,General,0.24319999415983706,No
INNSA1,2019-11-13,301049751,73239990,STEEL MULTI GRATER AND SLICER -RS-04 (TOTAL 5856 PCS) (MILDSTEEL),,,,,,,,,1049.2,KG,333.9875619519634,350419.75,4.638716138221714,4866.940972222223,85222.1,2019,11,KG,Unknown,,Steel,,,435641.85,415.2133530308806,Other,General,0.24320004794250324,No
INNSA1,2019-11-13,301049751,73239990,STEEL TEA STRAINER-NP-55 (TOTAL 86040 PCS) (MILD STEEL),,,,,,,,,3943.5,KG,487.2427919360974,1921441.95,6.767260999112463,26686.69375,467294.7,2019,11,KG,Unknown,,Steel,,,2388736.65,605.7402434385698,Other,General,0.24320000924305832,No
INNSA1,2019-11-05,301049751,73239990,STEEL RECTANGLE CONTAINER LARGE-6862 (MILD STEEL) (TOTAL 20400 PCS),,,,,,,,,5100.0,KG,435.3185490196079,2220124.6,6.021003444254604,30707.11756569848,539934.3,2019,11,KG,Unknown,,Steel,,,2760058.9000000004,541.1880196078432,Other,General,0.24319999877484355,No
INNSA1,2019-11-05,301049751,73239990,STEEL RECTANGLE CONTAINER- 6901(MILD STEEL) (TOTAL 54000 PCS),,,,,,,,,8775.0,KG,453.6866381766382,3981100.25,6.275057236191399,55063.62724757953,968203.6,2019,11,KG,Unknown,,Steel,,,4949303.85,564.0232307692307,Other,General,0.24320000482278736,No
INNSA1,2019-10-15,301049751,73231000,STEEL SCRUBBER 2 PCS-SET-SS430 (TOTAL 226080 SET)(MILD STEEL),,,,,,,,,7850.0,KG,255.7208038216561,2007408.31,3.544293885262038,27822.706999307,621895.1,2019,10,KG,Unknown,,Steel,,,2629303.41,334.94310955414016,Other,General,0.3098000027707367,No
INNSA1,2019-10-15,301049751,73239990,STEEL HANGER WITH HOOK ( ITEM NO. SM1168) ( QTY 25440 NOS),,,,,,,,,4770.0,KG,454.0877106918239,2165998.38,6.293661963850642,30020.76756756756,526770.8,2019,10,KG,Unknown,,Steel,25440.0,,2692769.1799999997,564.5218406708594,Other,General,0.24319999722252797,No
INNSA1,2019-10-15,301049751,73239990,STEEL TEA STRAINER -NP-55 (TOTAL 14760 PCS) (MILD STEEL),,,,,,,,,676.5,KG,484.4859719142646,327754.76,6.714982285713993,4542.685516285516,79709.9,2019,10,KG,Unknown,,Steel,,,407464.66000000003,602.3128750923873,Other,General,0.24319982416121125,No
INNSA1,2019-10-15,301049751,73239990,STEEL HAND BLENDER-RS-02 (TOTAL 10200 PCS) (MILD STEEL),,,,,,,,,425.0,KG,831.0165882352941,353182.05,11.51790143084261,4895.108108108107,85893.9,2019,10,KG,Unknown,,Steel,,,439075.94999999995,1033.119882352941,Other,General,0.24320007203084074,No
INNSA1,2019-10-15,301049751,73239990,STEEL ZHARA-NP-003 (TOTAL 36000 PCS) (MILD STEEL),,,,,,,,,3360.0,KG,341.9555684523809,1148970.71,4.739508918258918,15924.74996534996,279429.7,2019,10,KG,Unknown,,Steel,,,1428400.41,425.1191696428571,Other,General,0.24320002030338964,No
INNSA1,2019-10-09,301049751,73239990,STEEL TEA STRAINER -NP-55(MILD STEEL) (TOTAL 55440 PCS),,,,,,,,,2541.0,KG,486.5216489571035,1236251.51,6.743196797742251,17134.46306306306,300656.4,2019,10,KG,Unknown,,Steel,,,1536907.9100000001,604.8437268791815,Other,General,0.24320002650593325,No
INNSA1,2019-10-09,301049751,73239990,STEEL ZHARA-NP-003(MILD STEEL) (TOTAL 60000 PCS),,,,,,,,,5497.4,KG,349.4416724269655,1921020.65,4.843266423104164,26625.37283437283,467192.3,2019,10,KG,Unknown,,Steel,,,2388212.9499999997,434.4259013351766,Other,General,0.24320004056177116,No
INNSA1,2019-10-09,301049751,73239990,STEEL HANGER WITH HOOK-SL-89 (MILD STEEL)(TOTAL 69336 PCS)(HOUSEHOLD),,,,,,,,,15408.0,KG,336.3336364226376,5182228.67,4.661588862406619,71825.76119196118,1260318.1,2019,10,KG,Unknown,,Steel,,,6442546.77,418.12998247663546,Other,General,0.24320001687613682,No
INNSA1,2019-10-07,301049751,73239990,SS OIL POT 1000ML ( ITEM NO. KWP-1000B) ( QTY 24840 PCS),,,,,,,,,6210.0,KG,444.0062624798712,2757278.89,6.153932951903966,38215.92363132363,670570.3,2019,10,KG,Unknown,1000ML,General,24840.0,,3427849.1900000004,551.9885974235106,Other,General,0.24320002682064562,No
INNSA1,2019-09-24,301049751,73239990,HOUSEHOLD STEEL HOOK 3 PCS SET-2628(TOTAL 68760 SET) (MILD STEEL),,,,,,,,,2330.2,KG,957.9236889537378,2232153.78,13.26764112124291,30916.25734072022,542859.8,2019,9,KG,Unknown,,Steel,,,2775013.58,1190.890730409407,Other,General,0.2432000003153905,No
INNSA1,2019-09-23,301049751,73239990,STEEL LUNCH BOX 3LAYER -8505 (MILD STEEL) (TOTAL 16800 PCS),,,,,,,,,10892.0,KG,389.1724219610723,4238866.02,5.390199750153355,58710.05567867035,1030892.3,2019,9,KG,Unknown,3L,Steel,,,5269758.319999999,483.81916268821146,Other,General,0.24320001980152234,No
INNSA1,2019-09-23,301049751,73239990,STAINLESS STEEL SPORT BOTTLE 1000 ML ( ITEM NO. KW-830)( QTY34920 PCS),,,,,,,,,6790.0,KG,395.5840058910162,2686015.4,5.479002851676125,37202.42936288088,653239.0,2019,9,KG,Unknown,1000ML,Steel,34920.0,,3339254.4,491.7900441826215,Other,General,0.24320002037218402,No
INNSA1,2019-09-23,301049751,73239990,STEEL LUNCH BOX 2 LAYER-8504 (MILD STEEL) (TOTAL 22128 PCS),,,,,,,,,10584.56,KG,379.6059496096201,4017961.95,5.257700133097231,55650.44252077562,977168.3,2019,9,KG,Unknown,2L,Steel,,,4995130.25,471.92611218605214,Other,General,0.24319998849167798,No
INNSA1,2019-09-23,301049751,73239990,STEEL LUNCH BOX-6527 (MILD STEEL) (TOTAL 26124 PCS),,,,,,,,,9099.86,KG,418.6964491761411,3810079.07,5.799119794683395,52771.17825484764,926611.2,2019,9,KG,Unknown,,Steel,,,4736690.27,520.5234223383655,Other,General,0.24319999217234092,No
INNSA1,2019-09-18,301049751,73239990,STAINLESS STEEL SPORTS BOTTLE ( ITEM NO. KWB-600F) (QTY 50400 PCS),,,,,,,,,7897.5,KG,497.43523773346,3928494.79,6.832901617217857,53962.84052197803,955409.9,2019,9,KG,Unknown,,Steel,50400.0,,4883904.69,618.4114833808168,Other,General,0.24319999161816377,No
INNSA1,2019-09-17,301049751,73239990,STEEL ZHARA -NP-003 (MILD STEEL) (TOTAL 60000 PCS),,,,,,,,,5250.0,KG,368.4725961904762,1934481.13,5.061436760858189,26572.54299450549,470465.8,2019,9,KG,Unknown,,Steel,,,2404946.9299999997,458.0851295238095,Other,General,0.24319999440883666,No
INNSA1,2019-09-17,301049751,73239990,STEEL PIZZA CUTTER-RJ-388 (TOTAL 12600 PCS) (MILD STEEL),,,,,,,,,1120.0,KG,390.1157321428572,436929.62,5.358732584379906,6001.780494505495,106261.3,2019,9,KG,Unknown,,Steel,,,543190.92,484.9918928571429,Other,General,0.24320003757126835,No
INNSA1,2019-09-17,301049751,73239990,STEEL TEA STRAINER -NP-55 (MILD STEEL) (TOTAL 45360 PCS),,,,,,,,,2079.0,KG,491.2436748436749,1021295.6,6.747852676424105,14028.78571428571,248379.2,2019,9,KG,Unknown,,Steel,,,1269674.8,610.7141895141896,Other,General,0.243200107784661,No
INNSA1,2019-09-10,301049751,73239990,STEEL SALT BOTTLE -NP-19 (MILD STEEL) (TOTAL 9600 PCS),,,,,,,,,1600.0,KG,217.95086875,348721.39,2.993830614697802,4790.128983516483,84809.0,2019,9,KG,Unknown,,Steel,,,433530.39,270.95649375,Other,General,0.24319987942236637,No
INNSA1,2019-08-31,301049751,73239990,STAINLESS STEEL GRATER WITH HANDLE-KL324I-8S(MILD STEEL) (TOTAL 10800 PCS),,,,,,,,,1200.0,KG,409.9267,491912.04,5.705312456506611,6846.374947807933,119633.0,2019,8,KG,Unknown,,Steel,,,611545.04,509.6208666666667,Other,General,0.24319998347672075,No
INNSA1,2019-08-31,301049751,73239990,STAINLESS STEEL GRATER WITH HANDLE HEXA -KL326D-9S(MILD STEEL) (TOTAL 1200 PCS),,,,,,,,,250.0,KG,354.91488,88728.72,4.939664300626305,1234.916075156576,21578.9,2019,8,KG,Unknown,,Steel,,,110307.62,441.23048,Other,General,0.24320084860910876,No
INNSA1,2019-08-31,301049751,73239990,STAINLESS STEEL GRATER WITH HANDLE-KL324H-9S(MILD STEEL) (TOTAL 2700 PCS),,,,,,,,,397.5,KG,360.6069182389937,143341.25,5.018885431301236,1995.006958942241,34860.6,2019,8,KG,Unknown,,Steel,,,178201.85,448.3065408805032,Other,General,0.2432000558108709,No
INNSA1,2019-08-31,301049751,73239990,STAINLESS STEEL GRATER WITH HANDLE-KL324I-9S(MILD STEEL) (TOTAL 2520 PCS),,,,,,,,,357.0,KG,378.923837535014,135275.81,5.273818198121281,1882.753096729297,32899.1,2019,8,KG,Unknown,,Steel,,,168174.91,471.0781792717087,Other,General,0.2432001700821455,No
INNSA1,2019-08-31,301049751,73239990,STAINLESS STEEL GRATER WITH HANDLE-KL324P-3S(MILD STEEL) (TOTAL 18000 PCS)DPD CLIENT,,,,,,,,,360.0,KG,805.9525555555555,290142.92,11.21715456583933,4038.175643702157,70562.7,2019,8,KG,Unknown,,Steel,,,360705.62,1001.9600555555555,Other,General,0.24319979960220983,No
INNSA1,2019-08-31,301049751,73231000,SS SCRUBBER 3PCS SET-SS410 (TOTAL 123840 SET)-DPD CLIENT,,,,,,,,,7740.0,KG,208.3918733850129,1612953.1,2.900374020668238,22448.89491997217,499692.8,2019,8,KG,Unknown,,General,,,2112645.9,272.95166666666665,Other,General,0.30979995636574925,No
INNSA1,2019-08-31,301049751,73239990,STAINLESS STEEL GRATER WITH HANDLE SMALL-KL321R-S(MILD STEEL) (TOTAL 2400 PCS),,,,,,,,,470.0,KG,409.6624255319149,192541.34,5.701634314988378,2679.768128044537,46826.0,2019,8,KG,Unknown,,Steel,,,239367.34,509.29221276595746,Other,General,0.2431997201224423,No
INNSA1,2019-08-31,301049751,73239990,STAINLESS STEEL GRATER WITH HANDLE BIG-KL321RB-S(MILD STEEL)(TOTAL 2520 PCS),,,,,,,,,280.0,KG,465.8257857142857,130431.22,6.483309474102794,1815.326652748782,31720.8,2019,8,KG,Unknown,,Steel,,,162152.02,579.1143571428571,Other,General,0.24319944258744186,No
INNSA1,2019-08-31,301049751,73239990,STEEL ZHARA -NP-003 (MILD STEEL) (TOTAL 48120 PCS),,,,,,,,,4491.2,KG,345.9530214641966,1553744.21,4.814934188784922,21624.83242867084,377870.5,2019,8,KG,Unknown,,Steel,,,1931614.71,430.08877582828643,Other,General,0.24319994087057611,No
INNSA1,2019-08-29,301049751,73239990,SS OIL POT 1000ML ( ITEM NO. KWP-1000B) (QTY 27000 PCS),,,,,,,,,6750.0,KG,442.7674814814815,2988680.5,6.162386659449986,41596.10995128741,726847.1,2019,8,KG,Unknown,1000ML,General,27000.0,,3715527.6,550.4485333333333,Other,General,0.24320000080302995,No
INNSA1,2019-08-24,301049751,73239990,STAINLESS STEEL GRATER WITH HANDLE-DS-25 (MILD STEEL) (TOTAL102240 PCS),,,,,,,,,3408.0,KG,468.3220099765258,1596041.41,6.518051635024716,22213.51997216423,388157.2,2019,8,KG,Unknown,,Steel,,,1984198.6099999999,582.2179019953052,Other,General,0.24319995557007512,No
INNSA1,2019-08-24,301049751,73239990,STEEL ROUND CONTAINER BIG-6582 (MILD STEEL) (TOTAL 3000 PCS),,,,,,,,,886.25,KG,340.8534724964739,302081.39,4.743959255344104,4204.333890048713,73466.1,2019,8,KG,Unknown,,Steel,,,375547.49,423.74893088857544,Other,General,0.24319968866668681,No
INNSA1,2019-08-24,301049751,73239990,STEEL TEA STRAINER -NP-55 (MILD STEEL) (TOTAL 50400 PCS),,,,,,,,,2310.0,KG,485.6370779220779,1121821.65,6.759040750481251,15613.38413361169,272827.0,2019,8,KG,Unknown,,Steel,,,1394648.65,603.7440043290043,Other,General,0.24319997746522365,No
INNSA1,2019-08-24,301049751,73239990,STEEL LUNCH BOX 3LAYER -8505 (MILD STEEL) (TOTAL 16800 PCS),,,,,,,,,10892.0,KG,389.404882482556,4241397.98,5.419692170947196,59031.28712595686,1031508.0,2019,8,KG,Unknown,3L,Steel,,,5272905.98,484.10815093646715,Other,General,0.2432000026557281,No
INNSA1,2019-08-24,301049751,73239990,STEEL ROUND CONTAINER MEDIUM-6581 (MILD STEEL) (TOTAL 3000 PCS),,,,,,,,,660.0,KG,341.6159696969697,225466.54,4.754571603298118,3138.017258176757,54833.5,2019,8,KG,Unknown,,Steel,,,280300.04000000004,424.6970303030304,Other,General,0.24320016619760962,No
INNSA1,2019-08-24,301049751,73239990,STEEL LUNCH BOX 2 LAYER-8504 (MILD STEEL) (TOTAL 26400 PCS)-DPD CLIENT,,,,,,,,,12628.0,KG,379.8326963889769,4796527.29,5.286467590660778,66757.5127348643,1166515.4,2019,8,KG,Unknown,2L,Steel,,,5963042.6899999995,472.2080052264808,Other,General,0.24319999230109662,No
INNSA1,2019-08-24,301049751,73239990,STEEL LUNCH BOX-6900 (MILD STEEL) (TOTAL 456 PCS),,,,,,,,,53.39,KG,492.3292751451582,26285.46,6.852181978359893,365.8379958246347,6392.6,2019,8,KG,Unknown,,Steel,,,32678.059999999998,612.063307735531,Other,General,0.2431990918173013,No
INNSA1,2019-08-24,301049751,73231000,STEEL SCRUBBER 6PCS SET ( ITEM NO. OKS-4156) ( QTY 98000 PCS),,,,,,,,,9065.0,KG,222.6762801985659,2018560.48,3.09918274458686,28094.09157967989,625350.0,2019,8,KG,Unknown,,Steel,98000.0,,2643910.48,291.66138775510206,Other,General,0.30979998181674495,No
INNSA1,2019-08-24,301049751,73239990,STEEL LUNCH BOX-6527 (MILD STEEL) (TOTAL 288 PCS),,,,,,,,,100.32,KG,418.9465709728868,42028.72,5.830849978745815,584.9508698677802,10221.4,2019,8,KG,Unknown,,Steel,,,52250.12,520.8345295055822,Other,General,0.24320036394160943,No
INNSA1,2019-08-24,301049751,73239990,STEEL SPOON HOLDER ROUND- MP-96 (MILD STEEL) (TOTAL 36 PCS),,,,,,,,,7.7,KG,244.448051948052,1882.25,3.402199748755073,26.19693806541406,457.7,2019,8,KG,Unknown,,Steel,,,2339.95,303.88961038961037,Other,General,0.24316642316376677,No
INNSA1,2019-08-24,301049751,73239990,STEEL RECTANGLE CONTAINER BIG-6578(MILD STEEL) (TOTAL 3000 PCS),,,,,,,,,886.25,KG,466.8210437235543,413720.15,6.497161360105141,5758.109255393181,100616.7,2019,8,KG,Unknown,,Steel,,,514336.85000000003,580.3518758815233,Other,General,0.24319990215608303,No
INNSA1,2019-08-24,301049751,73239990,STEEL RECTANGLE CONTAINER MEDIUM-6577 (MILD STEEL) (TOTAL 3000 PCS),,,,,,,,,660.0,KG,514.0823333333334,339294.34,7.154938529343541,4722.259429366737,82516.3,2019,8,KG,Unknown,,Steel,,,421810.64,639.1070303030303,Other,General,0.24319975393636098,No
INNSA1,2019-08-24,301049751,73231000,STEEL SCRUBBER 2PCS SET ( ITEM NO.8001-2) ( QTY 166320 SETS),,,,,,,,,4851.0,KG,411.2260049474335,1994857.35,5.723396032671309,27764.19415448852,618006.8,2019,8,KG,Unknown,,Steel,166320.0,,2612864.1500000004,538.6238198309628,Other,General,0.3097999964759385,No
INNSA1,2019-08-19,301049751,73239990,STAINLESS STEEL SPORTS BOTTLE 750ML SG-702 -SB-01 (TOTAL 41472 PCS ) (NOT VACUUM BOTTLE) (MILD STEEL)-DPD CLIENT,,,,,,,,,6566.4,KG,580.3949789839181,3811105.59,8.077870271174922,53042.52734864301,926861.0,2019,8,KG,Unknown,750ML,Steel,,,4737966.59,721.5470562256336,Other,General,0.2432000316212703,No
INNSA1,2019-08-19,301049751,73239990,STAINLESS STEEL SPORTS BOTTLE 750ML SG-901-A-19 (TOTAL 720 PCS) (NOT VACUUM BOTTLE) (MILD STEEL),,,,,,,,,132.0,KG,509.3348484848485,67232.2,7.088863583644377,935.7299930410578,16350.8,2019,8,KG,Unknown,750ML,Steel,,,83583.0,633.2045454545455,Other,General,0.24319894336344788,No
INNSA1,2019-08-19,301049751,73239990,STAINLESS STEEL BOTTLE 750ML SG805-AM-6 (TOTAL 3780 PCS ) (NOT VACUUM BOTTLE) (MILD STEEL),,,,,,,,,567.0,KG,597.8172486772487,338962.38,8.320351408173261,4717.639248434239,82435.6,2019,8,KG,Unknown,750ML,Steel,,,421397.98,743.2063139329806,Other,General,0.24319985008365827,No
INNSA1,2019-08-19,301049751,73239990,STEEL SPOON HOLDER ROUND -MP-96 (TOTAL 20700 PCS) (MILD STEEL),,,,,,,,,4427.5,KG,252.9303376623377,1119849.07,3.520255221466078,15585.92999304106,272347.3,2019,8,KG,Unknown,,Steel,,,1392196.37,314.44299717673636,Other,General,0.24320000551502888,No
INNSA1,2019-08-13,301049751,73239990,STEEL ZHARA-AM-60 (TOTAL 1440 PCS) (MILD SEEL),,,,,,,,,103.2,KG,309.4916666666667,31939.54,4.421309523809524,456.2791428571429,7767.8,2019,8,KG,Unknown,,Steel,,,39707.340000000004,384.7610465116279,Other,General,0.24320325214452054,No
INNSA1,2019-08-12,301049751,73239990,STEEL LUNCH BOX 6862 -AM-22 (TOTAL 336 PCS)(MILD STEEL),,,,,,,,,87.5,KG,500.4611428571428,43790.35,7.149444897959183,625.5764285714286,10649.8,2019,8,KG,Unknown,,Steel,,,54440.149999999994,622.1731428571428,Other,General,0.24319970039061117,No
INNSA1,2019-08-12,301049751,73239990,STEEL ZHARA-AM-60 (TOTAL 960 PCS) (MILD STEEL),,,,,,,,,68.8,KG,308.2264534883721,21205.98,4.403235049833887,302.9425714285714,5157.3,2019,8,KG,Unknown,,Steel,,,26363.28,383.1872093023256,Other,General,0.24320026709447054,No
INNSA1,2019-08-12,301049751,73239990,STEEL LUNCH BOX 2652 -AM-20 (TOTAL 288 PCS) (MILD STEEL),,,,,,,,,57.6,KG,662.6869791666666,38170.77,9.466956845238094,545.2967142857142,9283.2,2019,8,KG,Unknown,,Steel,,,47453.97,823.8536458333333,Other,General,0.24320180074963124,No
INNSA1,2019-08-12,301049751,73239990,STEEL LUNCH BOX 6861 -AM-21 (TOTAL 420 PCS)(MILD STEEL),,,,,,,,,77.0,KG,586.3775324675324,45151.07,8.37682189239332,645.0152857142857,10980.7,2019,8,KG,Unknown,,Steel,,,56131.770000000004,728.984025974026,Other,General,0.24319910912410272,No
INNSA1,2019-08-12,301049751,73239990,STEEL LUNCH BOX 2651-AM-19 (TOTAL 480 PCS) (MILD STEEL),,,,,,,,,72.0,KG,667.5956944444445,48066.89,9.53708134920635,686.6698571428572,11689.9,2019,8,KG,Unknown,,Steel,,,59756.79,829.9554166666667,Other,General,0.24320067306205997,No
INNSA1,2019-08-10,301049751,73231000,SS SCOURER 3 PCS SET (MADE OF STEEL) ( QTY 106800 NOS),,,,,,,,,6401.0,KG,250.0773504139978,1600745.12,3.572533577342826,22867.78742857143,495910.9,2019,8,KG,Unknown,,Steel,106800.0,,2096656.02,327.5513232307452,Other,General,0.3098000386220137,No
INNSA1,2019-08-05,301049751,73239990,STEEL LUNCH BOX-6527 (TOTAL 26112 PCS) (MILD STEEL)DPD CLIENT,,,,,,,,,9095.68,KG,408.9297479682662,3719494.13,5.841853542403803,53135.63042857143,904580.9,2019,8,KG,Unknown,,Steel,,,4624075.03,508.38145471256684,Other,General,0.24319998053068578,No
INNSA1,2019-08-05,301049751,73239990,STEEL ZHARA-NP-003 (TOTAL 71880 PCS) (MILD STEEL),,,,,,,,,6708.8,KG,346.9177408776533,2327401.74,4.955967726823618,33248.59628571429,566024.1,2019,8,KG,Unknown,,Steel,,,2893425.8400000003,431.28813498688294,Other,General,0.2431999986388254,No
INNSA1,2019-08-03,301049751,73231000,STEEL SCRUBBER 2PCS SET (ITEM NO. 8001-2) ( QTY 167400 SETS),,,,,,,,,4882.0,KG,400.6196374436706,1955825.07,5.723137677766723,27940.35814285715,605914.7,2019,8,KG,Unknown,,Steel,167400.0,,2561739.77,524.7316202376076,Other,General,0.3098000477108108,No
INNSA1,2019-07-30,301049751,73239990,STEEL SPOON HOLDER ROUND-MP-96(MILD STEEL) (TOTAL 8136 PCS) -,,,,,,,,,1740.2,KGS,246.9528215147684,429747.3,3.545625578101484,6170.097631012203,104514.5,2019,7,KG,Unknown,,Steel,,,534261.8,307.0117227904839,Other,General,0.2431998991034964,No
INNSA1,2019-07-30,301049751,73239990,STEEL TEA STRAINER -NP-55 (MILD STEEL) (TOTAL 50400 PCS) -,,,,,,,,,2310.0,KGS,486.1632467532468,1123037.1,6.980089687770951,16124.0071787509,273122.6,2019,7,KG,Unknown,,Steel,,,1396159.7000000002,604.3981385281386,Other,General,0.24319997976914562,No
INNSA1,2019-07-30,301049751,73239990,STEEL ZHARA-RS-07 (MILD STEEL) (TOTAL 2400 PCS) -,,,,,,,,,20.0,KGS,3708.39,74167.8,53.24321608040201,1064.86432160804,18037.7,2019,7,KG,Unknown,,Steel,,,92205.5,4610.275,Other,General,0.24320122748686088,No
INNSA1,2019-07-30,301049751,73239990,STAINLESS STEEL GRATER WITH HANDLE-DS-25 (MILD STEEL) (TOTAL - 51000 PCS),,,,,,,,,1700.0,KGS,469.0280176470588,797347.63,6.734070605126472,11447.920028715,193915.0,2019,7,KG,Unknown,,Steel,,,991262.63,583.0956647058823,Other,General,0.2432000707144511,No
INNSA1,2019-07-24,301049751,73239990,STEEL LUNCH BOX 3LAYER -8505(MILD STEEL) (TOTAL 16800 PCS) -,,,,,,,,,10892.0,KGS,376.3297383400661,4098983.51,5.40315489361186,58851.16310122038,996872.8,2019,7,KG,Unknown,3L,Steel,,,5095856.31,467.85313165626144,Other,General,0.24320000252940763,No
INNSA1,2019-07-24,301049751,73239990,STEEL MULTI GRATER AND SLICER-RS-04(MILD STEEL) (TOTAL720 PC - S),,,,,,,,,170.0,KGS,267.9796470588236,45556.54,3.847518263586842,654.0781048097631,11079.4,2019,7,KG,Unknown,,Steel,,,56635.94,333.1525882352941,Other,General,0.24320108594726464,No
INNSA1,2019-07-24,301049751,73239990,STEEL MULTI PEELER-RS-03(MILD STEEL) (TOTAL 1200 PCS) -,,,,,,,,,75.0,KGS,762.2532,57168.99,10.94405168700646,820.8038765254845,13903.5,2019,7,KG,Unknown,,Steel,,,71072.48999999999,947.6331999999999,Other,General,0.24320002854694478,No
INNSA1,2019-07-24,301049751,73239990,STEEL ROUND CONTAINER-6856 (MILD STEEL) (TOTAL 20064 PCS) -,,,,,,,,,1672.0,KGS,507.7188397129187,848905.9,7.289574152374999,12188.167982771,206454.0,2019,7,KG,Unknown,,Steel,,,1055359.9,631.1961124401913,Other,General,0.24320010027024197,No
INNSA1,2019-07-24,301049751,73239990,STEEL WATER JUG-6311(MILD STEEL) (TOTAL 2016 PCS) -,,,,,,,,,582.96,KGS,487.7222622478386,284322.57,7.002473255532499,4082.161809045226,69147.3,2019,7,KG,Unknown,,Steel,,,353469.87,606.3364038699052,Other,General,0.24320017928931917,No
INNSA1,2019-07-24,301049751,73239990,STEEL RECTANGLE CONTAINER MEDIUM-6861 (MILD STEEL) (TOTAL 3 - 000 PCS),,,,,,,,,550.0,KGS,530.7969818181818,291938.34,7.620918619069372,4191.505240488155,70999.4,2019,7,KG,Unknown,,Steel,,,362937.74,659.8868,Other,General,0.24319998531196685,No
INNSA1,2019-07-24,301049751,73239990,STEEL RECTANGLE CONTAINER- 6901(MILD STEEL) (TOTAL 3000 PCS) -,,,,,,,,,487.5,KGS,446.9661948717949,217896.02,6.417317945036538,3128.442498205312,52992.4,2019,7,KG,Unknown,,Steel,,,270888.42,555.6685538461538,Other,General,0.24320040356863795,No
INNSA1,2019-07-24,301049751,73239990,STEEL LUNCH BOX-6900 (MILD STEEL) (TOTAL 49560 PCS) -,,,,,,,,,5802.65,KGS,475.7982059920898,2760890.46,6.831273596440629,39639.48973438621,671448.5,2019,7,KG,Unknown,,Steel,,,3432338.96,591.5123193713217,Other,General,0.24319997831424287,No
INNSA1,2019-07-24,301049751,73239990,STEEL ROUND CONTAINER 730ML-6858 (MILD STEEL) (TOTAL 35040 P - CS),,,,,,,,,6847.4,KGS,389.7201872243479,2668570.01,5.595408287499611,38313.99870782483,648996.2,2019,7,KG,Unknown,730ML,Steel,,,3317566.21,484.50013289715804,Other,General,0.24319999009506968,No
INNSA1,2019-07-24,301049751,73239990,STEEL LUNCH BOX 2 LAYER-8504 (MILD STEEL) (TOTAL 22800 PCS)D - PD CLIENT,,,,,,,,,10906.0,KGS,367.0789592884651,4003363.13,5.270336816776239,57478.29332376166,973617.9,2019,7,KG,Unknown,2L,Steel,,,4976981.03,456.3525609756098,Other,General,0.24319999669877562,No
INNSA1,2019-07-24,301049751,73239990,STEEL RECTANGLE CONTAINER LARGE-6862 (MILD STEEL) (TOTAL 30 - 24 PCS),,,,,,,,,756.0,KGS,459.7676190476191,347584.32,6.601114415615492,4990.442498205312,84532.4,2019,7,KG,Unknown,,Steel,,,432116.72,571.5829629629629,Other,General,0.24319969324277918,No
INNSA1,2019-07-23,301049751,73239990,STEEL SPOON HOLDER ROUND-MP-96 (MILD STEEL) (TOTAL 12636 PCS - ),,,,,,,,,2702.7,KGS,251.5444555444555,679849.2,3.611549971923266,9760.936109117012,165339.3,2019,7,KG,Unknown,,Steel,,,845188.5,312.72005772005775,Other,General,0.24319996257993684,No
INNSA1,2019-07-23,301049751,73239990,HOUSEHOLD STEEL HOOK 3 PCS SET-2628(TOTAL 68760 SET) (MILD S - TEEL)-DPD CLIENT,,,,,,,,,2330.2,KGS,933.1311175006438,2174382.13,13.39743169419445,31218.69533381191,528809.7,2019,7,KG,Unknown,,Steel,,,2703191.83,1160.0685906789117,Other,General,0.24319998435601564,No
INNSA1,2019-07-23,301049751,73239990,STEEL PEELER-MP-196 (MILD STEEL) (TOTAL 20400 PCS) -,,,,,,,,,1742.5,KGS,432.1193170731707,752967.91,6.204153870397282,10810.73811916726,183121.8,2019,7,KG,Unknown,,Steel,,,936089.71,537.210737446198,Other,General,0.24320000569479777,No
INNSA1,2019-07-18,301049751,73239990,RYX-02-021A MILD STEEL MULTI FUNCTION CLOTH STAND (OTHER ART - ICLES OF HOUSEHOLD OF IRON & STEEL) (5184 NOS),,,,,,,,,19008.0,KGS,175.0491614057239,3327334.46,2.509665396497834,47703.71985663082,809207.7,2019,7,KG,Unknown,,Steel,,,4136542.16,217.62111531986534,Other,General,0.24319998777640164,No
INNSA1,2019-07-18,301049751,73239990,STEEL MULTI PEELER-RS-01 (TOTAL 1920 PCS) (MILD STEEL) -,,,,,,,,,100.0,KGS,308.5901,30859.01,4.42423082437276,442.423082437276,7504.9,2019,7,KG,Unknown,,Steel,,,38363.909999999996,383.6391,Other,General,0.24319963602202405,No
INNSA1,2019-07-15,301049751,73239990,STAINLESS STEEL SPORTS BOTTLE KOOU 750ML-MP-202 (TOTAL 2070 - 0 PCS ) (NOT VACUUM BOTTLE) (MILD STEEL)DPD CLIENT,,,,,,,,,3910.0,KGS,426.9937519181586,1669545.57,6.121774221048868,23936.13720430108,406033.6,2019,7,KG,Unknown,750ML,Steel,,,2075579.17,530.838662404092,Other,General,0.24320007030416066,No
INNSA1,2019-07-15,301049751,73239990,STEEL HAND BLENDER-RS-02 (MILD STEEL) (TOTAL 1200 PCS) -,,,,,,,,,69.5,KGS,630.0835971223021,43790.81,9.033456589567056,627.8252329749104,10649.9,2019,7,KG,Unknown,,Steel,,,54440.71,783.3195683453238,Other,General,0.24319942928664715,No
INNSA1,2019-07-15,301049751,73239990,STAINLESS STEEL BOTTLE 750ML SG805-AM-6(TOTAL 23184 PCS ) (N - OT VACUUM BOTTLE) (MILD STEEL),,,,,,,,,3477.6,KGS,580.9035369220152,2020150.14,8.328366120745738,28962.72602150538,491300.5,2019,7,KG,Unknown,750ML,Steel,,,2511450.6399999997,722.1792730618816,Other,General,0.24319999304606144,No
INNSA1,2019-07-10,301049751,73239990,STAINLESS STEEL BOTTLE 750ML SG805-AM-6(TOTAL 33588 PCS ) (N - OT VACUUM BOTTLE) (MILD STEEL),,,,,,,,,5038.2,KGS,581.0765412250407,2927579.83,8.330846469176212,41972.47068100359,711987.4,2019,7,KG,Unknown,750ML,Steel,,,3639567.23,722.3943531419952,Other,General,0.24319999499381714,No
INNSA1,2019-07-10,301049751,73239990,STAINLESS STEEL SPORTS BOTTLE KOOU 750ML-MP-202 (TOTAL 1080 - 0 PCS ) (NOT VACUUM BOTTLE) (MILD STEEL)DPD CLIENT,,,,,,,,,2040.0,KGS,427.1209166666667,871326.67,6.123597371565114,12492.13863799283,211906.7,2019,7,KG,Unknown,750ML,Steel,,,1083233.37,530.99675,Other,General,0.24320006180919493,No
INNSA1,2019-07-05,301049751,73239990,STEEL ZHARA -NP-003 (MILD STEEL) (TOTAL 60000 PCS) -,,,,,,,,,5600.0,KGS,345.4088410714286,1934289.51,4.952098079877112,27731.74924731183,470419.3,2019,7,KG,Unknown,,Steel,,,2404708.81,429.4122875,Other,General,0.24320004713255153,No
INNSA1,2019-07-05,301049751,73239990,HOUSE HOLD STEEL HOOK 6 PCS SET -GN-09 (TOTAL 5000 SET) -,,,,,,,,,800.0,KGS,346.4905874999999,277192.47,4.967606989247311,3974.085591397849,67413.1,2019,7,KG,Unknown,,Steel,,,344605.56999999995,430.75696249999993,Other,General,0.24319960783927505,No
INNSA1,2019-07-05,301049751,73239990,STEEL SALT BOTTLE-NP-19 (MILD STEEL) (TOTAL 1008 PCS) -,,,,,,,,,154.0,KGS,248.813961038961,38317.35,3.567225247870409,549.352688172043,9318.8,2019,7,KG,Unknown,,Steel,,,47636.149999999994,309.3256493506493,Other,General,0.24320053448372603,No
INNSA1,2019-07-04,301049751,73239990,STEEL GLASS CANISTER 3PCS SET-NP-20 (MILD STEEL)(TOTAL 18 SE - T)-DPD CLIENT,,,,,,,,,42.0,KGS,129.4809523809524,5438.2,1.839218073593073,77.24715909090908,1322.6,2019,7,KG,Unknown,,Glass,,,6760.799999999999,160.97142857142856,Glassware,General Glass,0.24320547239895554,No
INNSA1,2019-07-03,301049751,73239990,RYX-02-020 MILD STEEL MULTI FUNCTION CLOTH STAND (OTHER ARTI - CLES OF HOUSEHOLD OF IRON & STEEL) (2464 NOS),,,,,,,,,8008.0,KGS,317.5752247752247,2543142.4,4.511011715557169,36124.18181818182,618492.2,2019,7,KG,Unknown,,Steel,,,3161634.5999999996,394.80951548451543,Other,General,0.24319998754297045,No
INNSA1,2019-07-03,301049751,73239990,RYX-02-021A MILD STEEL MULTI FUNCTION CLOTH STAND (OTHER ART - ICLES OF HOUSEHOLD OF IRON & STEEL) (6480 NOS),,,,,,,,,23760.0,KGS,175.4253253367003,4168105.73,2.491837007623584,59206.04730113636,1013683.4,2019,7,KG,Unknown,,Steel,,,5181789.13,218.08876809764308,Other,General,0.24320002074419547,No
INNSA1,2019-07-03,301049751,73239990,KWP-600B SS OIL POT 600ML ( QTY 38960 PCS/ USD 1.26 PER PCS - ),,,,,,,,,7012.8,KGS,496.8903775952543,3484592.84,7.058101954478044,49497.05738636363,847453.0,2019,7,KG,Unknown,600ML,General,38960.0,1.26,4332045.84,617.7341204654346,Other,General,0.24320000611606607,No
INNSA1,2019-07-03,301049751,73239990,KWP-1000B SS OIL POT 1000ML ( QTY 27000 PCS/ USD 1.52 PER PC - S),,,,,,,,,6750.0,KGS,432.2688888888889,2917815.0,6.140183080808081,41446.23579545454,709612.7,2019,7,KG,Unknown,1000ML,General,27000.0,1.52,3627427.7,537.3966962962963,Other,General,0.24320003153044314,No
INNSA1,2019-06-25,301049751,73239990,STEEL TEA STRAINER -NP-55 (MILD STEEL) (TOTAL 27648 PCS) -,,,,,,,,,1267.2,KGS,489.4924952651515,620284.89,6.95301839865272,8810.864914772726,150853.3,2019,6,KG,Unknown,,Steel,,,771138.19,608.5370817550504,Other,General,0.24320002378262026,No
INNSA1,2019-06-25,301049751,73239990,STEEL TEA STRAINER -NP-55 (MILD STEEL) (TOTAL 22752 PCS) -,,,,,,,,,1042.8,KGS,491.1026850786345,512121.88,6.975890413048784,7274.458522727272,124548.0,2019,6,KG,Unknown,,Steel,,,636669.88,610.5388185654009,Other,General,0.2431999195191582,No
INNSA1,2019-06-24,301049751,73239990,STAINLESS STEEL SPORTS BOTTLE 650ML S115-NP-21 (TOTAL 1440 P - CS ) (NOT VACUUM BOTTLE) (MILD STEEL)DPD CLIENT,,,,,,,,,256.0,KGS,465.149140625,119078.18,6.607232111150568,1691.451420454545,28959.8,2019,6,KG,Unknown,650ML,Steel,,,148037.97999999998,578.2733593749999,Other,General,0.24319988767043635,No
INNSA1,2019-06-24,301049751,73239990,STAINLESS STEEL SPORTS BOTTLE KOOU 750ML-MP-202 (TOTAL 1080 - 0 PCS ) (NOT VACUUM BOTTLE) (MILD STEEL),,,,,,,,,2040.0,KGS,430.1069607843137,877418.2,6.109473874777183,12463.32670454545,213388.1,2019,6,KG,Unknown,750ML,Steel,,,1090806.3,534.7089705882353,Other,General,0.24319999288822594,No
INNSA1,2019-06-24,301049751,73239990,STAINLESS STEEL BOTTLE 750ML SG805-AM-6(TOTAL 27648 PCS ) (N - OT VACUUM BOTTLE) (MILD STEEL),,,,,,,,,4147.2,KGS,585.138900945216,2426688.05,8.31163211569909,34470.00071022726,590170.6,2019,6,KG,Unknown,750ML,Steel,,,3016858.65,727.4446976273148,Other,General,0.24320002729646278,No
INNSA1,2019-06-24,301049751,73239990,STAINLESS STEEL COLA BOTTLE 750 ML SK750-SL-01 (TOTAL 1188 - PCS ) (NOT VACUUM BOTTLE) (MILD STEEL),,,,,,,,,211.2,KGS,510.0319602272727,107718.75,7.244772162319214,1530.095880681818,26197.2,2019,6,KG,Unknown,750ML,Steel,,,133915.95,634.0717329545455,Other,General,0.2432,No
INNSA1,2019-06-24,301049751,73239990,STAINLESS STEEL SPORTS BOTTLE 750ML SG-702-SB-01(TOTAL 2520 - PCS)(NOT VACUUM BOTTLE)(MILD STEEL),,,,,,,,,350.0,KGS,655.4522571428572,229408.29,9.31040137987013,3258.640482954545,55792.1,2019,6,KG,Unknown,750ML,Steel,,,285200.39,814.8582571428572,Other,General,0.24320001687820433,No
INNSA1,2019-06-19,301049751,73239990,RYX-02-021A MILD STEEL MULTI FUNCTION CLOTH STAND (OTHER ART - ICLES OF HOUSEHOLD OF IRON & STEEL) (6480 NOS),,,,,,,,,23760.0,KGS,174.7427550505051,4151887.86,2.485672191330086,59059.57126600284,1009739.2,2019,6,KG,Unknown,,Steel,,,5161627.06,217.24019612794612,Other,General,0.24320001744941155,No
INNSA1,2019-06-18,301049751,73239990,STEEL HANGER WITH HOOK-SL-89 (MILD STEEL)(TOTAL 28548 PCS) D - PD CLIENT,,,,,,,,,6344.0,KGS,349.7793742118537,2219000.35,4.975524526484406,31564.72759601707,539660.9,2019,6,KG,Unknown,,Steel,,,2758661.25,434.8457203656999,Other,General,0.24320000670572225,No
INNSA1,2019-06-18,301049751,73239990,STEEL PEELER -MP-196 (MILD STEEL) (TOTAL 20400 PCS) -,,,,,,,,,1513.0,KGS,493.2616192994051,746304.83,7.016523745368494,10616.00042674253,181501.3,2019,6,KG,Unknown,,Steel,,,927806.1299999999,613.2228222075346,Other,General,0.2431999535632109,No
INNSA1,2019-06-18,301049751,73239990,STEEL ZHARA-NP-003 (TOTAL 60240 PCS) (MILD STEEL) -,,,,,,,,,5622.4,KGS,345.3417686397269,1941649.56,4.912400691888007,27619.48165007112,472209.2,2019,6,KG,Unknown,,Steel,,,2413858.7600000002,429.32889157655103,Other,General,0.24320001390982213,No
INNSA1,2019-06-18,301049751,73239990,SM1168 - STEEL HANGER WITH HOOK (QTY: 28200 PCS/USD 1.22 PER - PCS),,,,,,,,,5452.0,KGS,454.3225917094644,2476966.77,6.462625771116137,35234.23570412518,602398.4,2019,6,KG,Unknown,,Steel,28200.0,1.22,3079365.17,564.8138609684519,Other,General,0.24320003291768022,No
INNSA1,2019-06-14,301049751,73239990,STAINLESS STEEL SPORTS BOTTLE 650ML ( ITEM NO.KW-868) (5209 - 2 PCS),,,,,,,,,9405.5,KGS,450.8148306841741,4240138.89,6.412728743729362,60314.92019914652,1031201.8,2019,6,KG,Unknown,650ML,Steel,,,5271340.6899999995,560.4529998405188,Other,General,0.24320000517718893,No
INNSA1,2019-06-14,301049751,73239990,STAINLESS STEEL SPORT BOTTLE 1000ML ( ITEM NO. KW-830) (349 - 20 PCS),,,,,,,,,6790.0,KGS,383.8191163475699,2606131.8,5.459731384744949,37071.57610241821,633811.3,2019,6,KG,Unknown,1000ML,Steel,,,3239943.0999999996,477.16393225331365,Other,General,0.24320001774277114,No
INNSA1,2019-06-12,301049751,73239990,KWB-600F STAINLESS STEEL SPORTS BOTTLE. (QTY :50400 PCS / US - D 1.06 PER PCS),,,,,,,,,7897.5,KGS,480.3020576131687,3793185.5,6.832177206446212,53957.11948790897,1156162.9,2019,6,KG,Unknown,,Steel,50400.0,,4949348.4,626.6981196581197,Other,General,0.3047999893493213,No
INNSA1,2019-06-11,301049751,73239990,STAINLESS STEEL SPORTS BOTTLE 750ML SG-702-SB-01(TOTAL 16344 - PCS)(NOT VACUUM BOTTLE)(MILD STEEL)DPD CLIENT,,,,,,,,,2587.8,KGS,574.1142630806089,1485692.89,8.166632476253328,21133.61152204836,361320.5,2019,6,KG,Unknown,750ML,Steel,,,1847013.39,713.7388476698353,Other,General,0.2431999926983564,No
INNSA1,2019-06-11,301049751,73239990,STAINLESS STEEL SPORTS BOTTLE 650ML S115-NP-21 (TOTAL 13824 - PCS ) (NOT VACUUM BOTTLE) (MILD STEEL),,,,,,,,,2457.6,KGS,462.8365804036458,1137467.18,6.583735140876897,16180.18748221906,276632.0,2019,6,KG,Unknown,650ML,Steel,,,1414099.18,575.3984293619792,Other,General,0.24319998402063786,No
INNSA1,2019-06-11,301049751,73239990,STAINLESS STEEL COLA BOTTLE 750 ML SK750-SL-01 (TOTAL 12600 - PCS ) (NOT VACUUM BOTTLE) (MILD STEEL),,,,,,,,,2275.0,KGS,503.4540131868131,1145357.88,7.161508011192222,16292.4307254623,278551.1,2019,6,KG,Unknown,750ML,Steel,,,1423908.98,625.8940571428572,Other,General,0.24320005551452617,No
INNSA1,2019-06-10,301049751,73231000,STEEL SCRUBBER 3PCS SET-DR-2(TOTAL 133000 SET) (MILD STEEL)- - DPD CLIENT,,,,,,,,,8645.0,KGS,225.1667761711972,1946566.78,3.202941339561838,27689.42788051209,603046.4,2019,6,KG,Unknown,,Steel,,,2549613.18,294.92344476576056,Other,General,0.309800005936606,No
INNSA1,2019-06-10,301049751,73239990,STEEL TEA STRAINER -NP-55(MILD STEEL) (TOTAL 50400 PCS) -,,,,,,,,,2310.0,KGS,491.3516666666667,1135022.35,6.989355144618303,16145.41038406828,276037.4,2019,6,KG,Unknown,,Steel,,,1411059.75,610.8483766233767,Other,General,0.24319996870546207,No
INNSA1,2019-06-03,301049751,73239990,STAINLESS STEEL COLA BOTTLE 750 ML SK750-SL-01 (TOTAL 2268 - PCS ) (NOT VACUUM BOTTLE) (MILD STEEL),,,,,,,,,428.4,KGS,488.1548552754435,209125.54,6.860925583632375,2939.22052002811,50859.4,2019,6,KG,Unknown,750ML,Steel,,,259984.94,606.8742763772176,Other,General,0.24320032837691657,No
INNSA1,2019-06-03,301049751,73239990,STAINLESS STEEL WATER BOTTLE 750ML SB-08 (TOTAL 10800 PCS)(N - OT VACUUM BOTTLE)(MILD STEEL),,,,,,,,,1800.0,KGS,542.2213888888889,975998.5,7.620820644959787,13717.47716092762,237362.9,2019,6,KG,Unknown,750ML,Steel,,,1213361.4,674.0896666666666,Other,General,0.24320006639354466,No
INNSA1,2019-06-03,301049751,73239990,STEEL PEELER-MP-196 (MILD STEEL) (TOTAL 20400 PCS) -,,,,,,,,,1445.0,KGS,528.4428027681661,763599.85,7.427165182967899,10732.25368938861,185707.5,2019,6,KG,Unknown,,Steel,,,949307.35,656.9601038062284,Other,General,0.24320002158198434,No
INNSA1,2019-06-03,301049751,73239990,STAINLESS STEEL SPORTS BOTTLE 750ML SG-702-SB-01(TOTAL 12456 - PCS)(NOT VACUUM BOTTLE)(MILD STEEL),,,,,,,,,2076.0,KGS,553.2421483622351,1148530.7,7.775715367002601,16142.3851018974,279322.7,2019,6,KG,Unknown,750ML,Steel,,,1427853.4,687.790655105973,Other,General,0.24320002939407717,No
INNSA1,2019-06-03,301049751,73239990,STAINLESS STEEL SPORTS BOTTLE 750ML S-308-C6-NP-20 (TOTAL 3 - 456 PCS)(NOT VACUUM BOTTLE)(MILD STEEL),,,,,,,,,576.0,KGS,450.5284548611111,259504.39,6.332093532833606,3647.285874912157,63111.4,2019,6,KG,Unknown,750ML,Steel,,,322615.79000000004,560.096857638889,Other,General,0.2431997393184755,No
INNSA1,2019-06-01,301049751,73239990,RYX-02-020 MILD STEEL MULTI FUNCTION CLOTH STAND (OTHER ARTI - CLES OF HOUSEHOLD OF IRON & STEEL) (1232 NOS),,,,,,,,,4004.0,KGS,316.8529995004995,1268679.41,4.453309901623324,17831.05284609978,308542.8,2019,6,KG,Unknown,,Steel,,,1577222.21,393.91164085914085,Other,General,0.24319997437335253,No
INNSA1,2019-06-01,301049751,73239990,RYX-02-021A MILD STEEL MULTI FUNCTION CLOTH STAND (OTHER ART - ICLES OF HOUSEHOLD OF IRON & STEEL) (6480 NOS),,,,,,,,,23760.0,KGS,175.0263745791246,4158626.66,2.459963100198518,58448.72326071679,1011378.1,2019,6,KG,Unknown,,Steel,,,5170004.76,217.59279292929293,Other,General,0.2432000231537976,No
INNSA1,2019-05-28,301049751,73239990,STEEL SPOON HOLDER ROUND -MP-96 (MILD STEEL) (TOTAL 324 PCS - ),,,,,,,,,69.3,KGS,258.3585858585859,17904.25,3.631181811083427,251.6408995080815,4354.3,2019,5,KG,Unknown,,Steel,,,22258.55,321.1911976911977,Other,General,0.24319924040381474,No
INNSA1,2019-05-22,301049751,73239990,03-027I FAMILY CLOTH RACK 3LAYERS (1824 PCS) (OTHER ARTICLES - OF HOUSEHOLD OF IRON & STEEL) (MADE UP OF MILD STEEL),,,,,,,,,10843.68,KGS,143.0971256990247,1551699.44,2.011203453254036,21808.84666198173,377373.3,2019,5,KG,Unknown,3L,Steel,,,1929072.74,177.8983463178552,Other,General,0.2431999975459165,No
INNSA1,2019-05-21,301049751,73239990,STAINLESS STEEL SPORT BOTTLE 750ML (ITEM NO. KW-820) (47160 - PCS),,,,,,,,,7860.0,KGS,418.0025101781171,3285499.73,5.874947437499888,46177.08685874912,799033.6,2019,5,KG,Unknown,750ML,Steel,,,4084533.33,519.6607290076336,Other,General,0.24320001998600072,No
INNSA1,2019-05-15,301049751,73239990,RYX-02-021A MILD STEEL MULTI FUNCTION CLOTH STAND (OTHER ART - ICLES OF HOUSEHOLD OF IRON & STEEL) (7776 NOS),,,,,,,,,28512.0,KGS,172.700122053872,4924025.88,2.451385692744812,69893.9088715401,1197523.2,2019,5,KG,Unknown,,Steel,,,6121549.08,214.70079545454547,Other,General,0.24320002152385112,No
INNSA1,2019-05-15,301049751,73239990,RYX-02-020 MILD STEEL MULTI FUNCTION CLOTH STAND (OTHER ARTI - CLES OF HOUSEHOLD OF IRON & STEEL) (1232 NOS),,,,,,,,,4004.0,KGS,312.6417457542458,1251817.55,4.437782054708953,17768.87934705465,304442.1,2019,5,KG,Unknown,,Steel,,,1556259.65,388.67623626373626,Other,General,0.2432000573885547,No
INNSA1,2019-05-15,301049751,73239990,03-027I FAMILY CLOTH RACK 3LAYERS (3648 PCS) (OTHER ARTICLES - OF HOUSEHOLD OF IRON & STEEL)(MADE UP OF MILD STEEL),,,,,,,,,21687.36,KGS,144.0905841006005,3124944.37,2.045288631662179,44356.91085876508,759986.4,2019,5,KG,Unknown,3L,Steel,,,3884930.77,179.13341089002995,Other,General,0.24319997734871676,No
INNSA1,2019-05-14,301049751,73239990,STEEL SPOON HOLDER ROUND -MP-96 (MILD STEEL) (TOTAL 7992 PCS - ),,,,,,,,,1709.4,KGS,258.0139054639054,441048.97,3.662369133625343,6260.453797019162,107263.1,2019,5,KG,Unknown,,Steel,,,548312.07,320.76288171288166,Other,General,0.24319997845137245,No
INNSA1,2019-05-14,301049751,73239990,STEEL ZHARA-NP-003(MILD STEEL) (TOTAL 47760 PCS) (DPD CLIENT - ),,,,,,,,,4457.6,KGS,355.1041636755205,1582912.32,5.040513323996032,22468.59219304471,384964.2,2019,5,KG,Unknown,,Steel,,,1967876.52,441.46547918162236,Other,General,0.24319995184572193,No
INNSA1,2019-05-04,301049751,73239990,STAINLESS STEEL COLA BOTTLE 750 ML SK750-SL-01 (TOTAL 20304 - PCS ) (NOT VACUUM BOTTLE) (MILD STEEL),,,,,,,,,3948.0,KGS,469.3866616008106,1853138.54,6.66269214479504,26304.30858765082,450683.4,2019,5,KG,Unknown,750ML,Steel,,,2303821.94,583.541524822695,Other,General,0.24320005777873469,No
INNSA1,2019-05-04,301049751,73231000,STEEL SCRUBBER 3 PCS SET-GN-15 (TOTAL 106320 SET ) (MILD ST - EEL)DPD CLIENT,,,,,,,,,6512.1,KGS,277.7517759248169,1808747.34,3.942537628457301,25674.19929027679,560349.9,2019,5,KG,Unknown,,Steel,,,2369097.24,363.7992721241996,Other,General,0.3097999856630059,No
INNSA1,2019-05-04,301049751,73239990,STEEL LUNCH BOX 2 LAYER-8504(TOTAL 21840 PCS) (MILD STEEL) -,,,,,,,,,10446.8,KGS,373.1251790021825,3897964.12,5.29631198015873,55329.51199432222,947984.8,2019,5,KG,Unknown,2L,Steel,,,4845948.92,463.869215453536,Other,General,0.24319998101983556,No
INNSA1,2019-05-04,301049751,73239990,STEEL LUNCH BOX 3LAYER-8505 (TOTAL 16800 PCS) (MILD STEEL) -,,,,,,,,,10892.0,KGS,382.0993490635329,4161826.11,5.423695515451141,59074.89155429382,1012156.1,2019,5,KG,Unknown,3L,Steel,,,5173982.21,475.0259098420859,Other,General,0.243199997608742,No
INNSA1,2019-05-04,301049751,73239990,STEEL LUNCH BOX -6561(TOTAL 18108 PCS) (MILD STEEL) -,,,,,,,,,6901.16,KGS,473.9298828023115,3270665.95,6.727180735306054,46425.35060326473,795426.0,2019,5,KG,Unknown,,Steel,,,4066091.95,589.1896362350677,Other,General,0.24320001252344342,No
INNSA1,2019-05-02,301049751,73239990,STAINLESS STEEL SPORT BOTTLE 1000ML (ITEM NO. KW-830) (34920 - PCS),,,,,,,,,6790.0,KGS,384.6242120765832,2611598.4,5.463412103360556,37096.56818181818,635140.7,2019,5,KG,Unknown,1000ML,Steel,,,3246739.0999999996,478.1648159057437,Other,General,0.24319998817582367,No
INNSA1,2019-04-30,301049751,73239990,STEEL ZHARA-NP-003 (MILD STEEL) (TOTAL 36720 PCS) DPD CLIENT -,,,,,,,,,3018.06,KG,402.0419474761933,1213386.72,5.710823117559563,17235.60681818182,295095.7,2019,4,KG,Unknown,,Steel,,,1508482.42,499.81856556861027,Other,General,0.24320004095643968,No
INNSA1,2019-04-24,301049751,73239990,RYX-02-020 MILD STEEL MULTI FUNCTION CLOTH STAND (OTHER ARTI - CLES OF HOUSEHOLD OF IRON & STEEL) (2464 NOS),,,,,,,,,8008.0,KG,311.9234515484516,2497883.0,4.430730845858687,35481.29261363636,607485.1,2019,4,KG,Unknown,,Steel,,,3105368.1,387.7832292707293,Other,General,0.24319998174454127,No
INNSA1,2019-04-24,301049751,73239990,RYX-02-021A MILD STEEL MULTI FUNCTION CLOTH STAND (OTHER ART - ICLES OF HOUSEHOLD OF IRON & STEEL) (7776 NOS),,,,,,,,,28512.0,KG,172.3033431537598,4912712.92,2.447490669797725,69782.85397727272,1194771.8,2019,4,KG,Unknown,,Steel,,,6107484.72,214.20751683501683,Other,General,0.24320000363465163,No
INNSA1,2019-04-23,301049751,73239990,STEEL LUNCH BOX 2 LAYER-8504(TOTAL 324 PCS) (MILD STEEL) -,,,,,,,,,154.98,KG,371.8553361724094,57630.14,5.282036025176269,818.6099431818182,14015.6,2019,4,KG,Unknown,2L,Steel,,,71645.74,462.2902309975481,Other,General,0.24319913156553152,No
INNSA1,2019-04-23,301049751,73239990,STAINLESS STEEL SPORTS BOTTLE 750ML SG-702-SB-01 (TOTAL 1080 - 0 PCS)(NOT VACUUM BOTTLE)(MILD STEEL),,,,,,,,,1500.0,KG,655.23778,982856.67,9.307354829545455,13961.03224431818,239030.8,2019,4,KG,Unknown,750ML,Steel,,,1221887.47,814.5916466666666,Other,General,0.24320005886514456,No
INNSA1,2019-04-23,301049751,73239990,STEEL ZHARA -NP-003 (TOTAL 6840 PCS) (MILD STEEL) -,,,,,,,,,655.5,KG,352.0727993897788,230783.72,5.001034082241176,3278.177840909091,56126.6,2019,4,KG,Unknown,,Steel,,,286910.32,437.6969031273837,Other,General,0.24319999694952485,No
INNSA1,2019-04-23,301049751,73239990,STEEL ZHARA -NP-003 (TOTAL 16560 PCS) (MILD STEEL) -,,,,,,,,,1697.4,KG,322.3589371980676,547172.06,4.578962176108915,7772.330397727273,133072.2,2019,4,KG,Unknown,,Steel,,,680244.26,400.75660421821607,Other,General,0.2431999177735793,No
INNSA1,2019-04-23,301049751,73239990,STEEL LUNCH BOX-6527 (TOTAL 22152 PCS) (MILD STEEL)DPD CLIEN - T,,,,,,,,,7716.28,KG,428.9324169159232,3309762.63,6.092790013010273,47013.6737215909,804934.3,2019,4,KG,Unknown,,Steel,,,4114696.9299999997,533.2487843883322,Other,General,0.24320000857584162,No
INNSA1,2019-04-23,301049751,73239990,STAINLESS STEEL SPORTS BOTTLE 650ML S115-NP-21 (TOTAL 50040 - PCS ) (NOT VACUUM BOTTLE) (MILD STEEL),,,,,,,,,8555.8,KG,481.7475537062578,4121735.72,6.843005024236616,58547.38238636364,1002406.2,2019,4,KG,Unknown,650ML,Steel,,,5124141.92,598.9085672876879,Other,General,0.243200017685753,No
INNSA1,2019-04-23,301049751,73239990,STEEL LUNCH BOX -6561(TOTAL 2952PCS) (MILD STEEL) -,,,,,,,,,1125.04,KG,472.3169487307118,531375.46,6.70904756719761,7547.946874999999,129230.5,2019,4,KG,Unknown,,Steel,,,660605.96,587.1844201095072,Other,General,0.24319997765798218,No
INNSA1,2019-04-23,301049751,73239990,STAINLESS STEEL COLA BOTTLE 750ML SK750-SL-01(TOTAL 9792 PCS - ) (NOT VACUUM BOTTLE)(MILD STEEL),,,,,,,,,1740.8,KG,511.9045151654412,891123.38,7.271370954054562,12658.00255681818,216721.1,2019,4,KG,Unknown,750ML,Steel,,,1107844.48,636.3996323529411,Other,General,0.2431998810310644,No
INNSA1,2019-04-23,301049751,73239990,HOUSEHOLD STEEL HOOK 3 PCS SET-2628(TOTAL 68760 SET) (MILD S - TEEL)-DPD CLIENT,,,,,,,,,2330.2,KG,935.0386018367524,2178826.95,13.28179832154478,30949.24644886364,529890.8,2019,4,KG,Unknown,,Steel,,,2708717.75,1162.4400266071582,Other,General,0.24320003936062934,No
INNSA1,2019-04-23,301049751,73239990,STAINLESS STEEL SPORTS BOTTLE 750ML S-308-C6-NP-20 (TOTAL 15 - 444 PCS)(NOT VACUUM BOTTLE)(MILD STEEL)-DPD CLIENT,,,,,,,,,2488.2,KG,459.9897596656218,1144546.52,6.533945449795763,16257.76306818182,278353.8,2019,4,KG,Unknown,750ML,Steel,,,1422900.32,571.8593039144764,Other,General,0.2432000754324953,No
INNSA1,2019-04-23,301049751,73239990,STEEL CONTAINER -GN-30 (TOTAL 10080 PCS) (MILD STEEL) -,,,,,,,,,1680.0,KG,501.6059583333333,842698.01,7.125084635416666,11970.1421875,204944.2,2019,4,KG,Unknown,,Steel,,,1047642.21,623.5965535714286,Other,General,0.24320005217527452,No
INNSA1,2019-04-20,301049751,73239990,KWB-600F STAINLESS STEEL SPORTS BOTTLE ( 50400 PCS ) -,,,,,,,,,7897.5,KG,480.1026654004431,3791610.8,6.819640133529021,53858.10795454545,922119.8,2019,4,KG,Unknown,,Steel,,,4713730.6,596.8636403925292,Other,General,0.24320001409427364,No
INNSA1,2019-04-15,301049751,73239990,RYX-02-021A MILD STEEL MULTI FUNCTION CLOTH STAND (OTHER ART - ICLES OF HOUSEHOLD OF IRON & STEEL) (6480 NOS),,,,,,,,,23760.0,KG,170.6572289562289,4054815.76,2.457267515568451,58384.6761699064,986131.3,2019,4,KG,Unknown,,Steel,,,5040947.06,212.16107154882152,Other,General,0.24320002642980754,No
INNSA1,2019-04-15,301049751,73239990,03-027I FAMILY CLOTH RACK 3LAYERS (3648 PCS) (OTHER ARTICLES - OF HOUSEHOLD OF IRON & STEEL) (MADE UP OF MILD STEEL),,,,,,,,,21687.36,KG,142.8664618469007,3098396.39,2.057112481596842,44613.33894888409,753530.0,2019,4,KG,Unknown,3L,Steel,,,3851926.39,177.61158527363403,Other,General,0.2431999993390129,No
INNSA1,2019-04-11,301049751,73231000,STEEL SCRUBBER 2 PCS SET-8001-2 (QTY-64800 PCS/USD 0.170 PER - PCS),,,,,,,,,1998.0,KG,390.3552802802803,779929.85,5.620666382725418,11230.09143268538,241622.3,2019,4,KG,Unknown,,Steel,64800.0,0.17,1021552.1499999999,511.28736236236233,Other,General,0.30980004163194935,No
INNSA1,2019-04-11,301049751,73239990,KWP-1000B- SS OIL POT 1000ML (QTY: 11100 PCS/USD 1.53 PER PC - S),,,,,,,,,2812.0,KG,422.8914224751067,1189170.68,6.0891493516934,17122.68797696184,289206.3,2019,4,KG,Unknown,1000ML,General,11100.0,1.53,1478376.98,525.738613086771,Other,General,0.24319999211551366,No
INNSA1,2019-04-11,301049751,73239990,KWP-600B- SS OIL POT 600ML (QTY: 6800 PCS/USD 1.26 PER PCS) -,,,,,,,,,1205.0,KG,497.8770871369294,599941.89,7.168856546248084,8638.47213822894,145905.9,2019,4,KG,Unknown,600ML,General,6800.0,1.26,745847.79,618.9608215767635,Other,General,0.24320005392522265,No
INNSA1,2019-04-10,301049751,73239990,RYX-02-021A MILD STEEL MULTI FUNCTION CLOTH STAND (OTHER ART - ICLES OF HOUSEHOLD OF IRON & STEEL) (1296 NOS),,,,,,,,,4752.0,KG,169.1097306397306,803609.44,2.43498532238633,11571.05025197984,195437.8,2019,4,KG,Unknown,,Steel,,,999047.24,210.2372138047138,Other,General,0.24319998032875273,No
INNSA1,2019-04-10,301049751,73239990,RYX-02-020 MILD STEEL MULTI FUNCTION CLOTH STAND (OTHER ARTI - CLES OF HOUSEHOLD OF IRON & STEEL) (3696 NOS),,,,,,,,,12012.0,KG,306.1420038295038,3677377.75,4.408092207768234,52950.00359971202,894338.3,2019,4,KG,Unknown,,Steel,,,4571716.05,380.59574175824173,Other,General,0.24320000848430653,No
INNSA1,2019-04-09,301049751,73239990,RYX-02-021A MILD STEEL MULTI FUNCTION CLOTH STAND (2592 PCS) - (OTHER ARTICLES OF HOUSEHOLD OF IRON & STEEL),,,,,,,,,9504.0,KG,170.642591540404,1621787.19,2.457056753641527,23351.86738660907,394418.7,2019,4,KG,Unknown,,Steel,,,2016205.89,212.14287563131313,Other,General,0.2432000341549128,No
INNSA1,2019-04-09,301049751,73239990,STEEL LUNCH BOX 3LAYER-8505 (TOTAL 16800 PCS) (MILD STEEL) -,,,,,,,,,10892.0,KG,376.0333565919941,4095755.32,5.414447179150383,58974.15867530597,996087.7,2019,4,KG,Unknown,3L,Steel,,,5091843.02,467.48466948218874,Other,General,0.24320000150790258,No
INNSA1,2019-04-09,301049751,73239990,STEEL LUNCH BOX -6900(TOTAL 82488 PCS) (MILD STEEL) -,,,,,,,,,9657.97,KG,474.0534056328608,4578393.57,6.825822975275173,65923.59352051836,1113465.3,2019,4,KG,Unknown,,Steel,,,5691858.87,589.3431922029164,Other,General,0.243199996456399,No
INNSA1,2019-04-09,301049751,73239990,STEEL LUNCH BOX-6527 (TOTAL 3708 PCS) (MILD STEEL) -,,,,,,,,,1291.62,KG,423.5644539415617,547084.32,6.098840229540126,7877.384017278617,133050.8,2019,4,KG,Unknown,,Steel,,,680135.1199999999,526.5752465895541,Other,General,0.24319980510499734,No
INNSA1,2019-04-09,301049751,73239990,STAINLESS STEEL SPORTS BOTTLE 650ML S115-NP-21 (TO TAL 30312 - PCS ) (NOT VACUUM BOTTLE) (MILD STEEL),,,,,,,,,4546.8,KG,541.3111726928829,2461233.64,7.794257346189818,35438.92930165587,598572.0,2019,4,KG,Unknown,650ML,Steel,,,3059805.64,672.9580452186153,Other,General,0.24319999136693093,No
INNSA1,2019-04-09,301049751,73239990,STEEL ROUND CONTAINER-6857 (TOTAL 70320 PCS)(MILD STEEL) -,,,,,,,,,8965.8,KG,440.833988043454,3952429.37,6.347501627695523,56910.43009359251,961230.8,2019,4,KG,Unknown,,Steel,,,4913660.17,548.0448113944099,Other,General,0.2431999942354441,No
INNSA1,2019-04-09,301049751,73239990,STAINLESS STEEL SPORTS BOTTLE 750ML S-308-C6-NP-20 (TOTAL 30 - 96 PCS)(NOT VACUUM BOTTLE)(MILD STEEL)-DPD CLIENT,,,,,,,,,464.4,KG,486.5135658914729,225936.9,7.005234930042805,3253.231101511879,54947.9,2019,4,KG,Unknown,750ML,Steel,,,280884.8,604.8337639965547,Other,General,0.24320020324258676,No
INNSA1,2019-04-09,301049751,73239990,STEEL LUNCH BOX 2 LAYER-8504(TOTAL 22236 PCS) (MILD STEEL) -,,,,,,,,,10636.22,KG,367.2016562274944,3905637.6,5.287280867206542,56236.68250539956,949851.1,2019,4,KG,Unknown,2L,Steel,,,4855488.7,456.50510237659626,Other,General,0.2432000091355122,No
INNSA1,2019-04-09,301049751,73239990,STAINLESS STEEL COLA BOTTLE 750ML SK750-SL-01(TOTAL 8856 PCS - ) (NOT VACUUM BOTTLE)(MILD STEEL),,,,,,,,,1328.4,KG,598.0154772658838,794403.76,8.610734013907614,11438.49906407487,193199.0,2019,4,KG,Unknown,750ML,Steel,,,987602.76,743.4528455284552,Other,General,0.24320000700903027,No
INNSA1,2019-04-08,301049751,73239990,KW-830 STAINLESS STEEL SPORTS BOTTLE 1000ML -,,,,,,,,,34920.0,PCS,73.67953751431845,2572889.45,1.060900468168732,37046.64434845212,625726.7,2019,4,PCS,Unknown,1000ML,Steel,,,3198616.1500000004,91.59840063001147,Other,General,0.24319999446536653,No
INNSA1,2019-04-05,301049751,73239990,03-027I FAMILY CLOTH RACK 3LAYERS (3648 PCS) (HOUSEHOLD ARTI - CLES) (MADE UP OF MILD STEEL),,,,,,,,,21687.36,KG,142.8665079567084,3098397.39,2.057113145524959,44613.35334773218,753530.2,2019,4,KG,Unknown,3L,Steel,,,3851927.59,177.61164060540332,Other,General,0.24319998539632126,No
INNSA1,2019-04-03,301049751,73239990,STEEL TEA STRAINER-NP-55 (TOTAL 50400 PCS) (MILD STEEL) -,,,,,,,,,2114.0,KG,545.957587511826,1154154.34,7.7993941073118,16487.91914285714,280690.3,2019,4,KG,Unknown,,Steel,,,1434844.6400000001,678.7344560075686,Other,General,0.24319996925194595,No
INNSA1,2019-04-03,301049751,73239990,STEEL SPOON HOLDER ROUND-MP-96 (TOTAL 11880 PCS) (MILD STEE - L),,,,,,,,,2475.0,KG,258.9213898989899,640830.44,3.698876998556999,9154.72057142857,155849.9,2019,4,KG,Unknown,,Steel,,,796680.34,321.8910464646465,Other,General,0.2431999016775795,No
INNSA1,2019-04-03,301049751,73239990,STEEL PEELER-MP-196 (TOTAL 20400 PCS) (MILD STEEL) -,,,,,,,,,1139.0,KG,664.0478753292361,756350.53,9.486398218989088,10805.00757142857,183944.5,2019,4,KG,Unknown,,Steel,,,940295.03,825.544363476734,Other,General,0.2432000675665554,No
INNSA1,2019-04-03,301049751,73239990,STEEL ZHARA -NP-003(TOTAL 24000 PCS) (MILD STEEL) -,,,,,,,,,2196.0,KG,357.5314298724954,785139.02,5.107591855321363,11216.27171428571,190945.8,2019,4,KG,Unknown,,Steel,,,976084.8200000001,444.48306921675777,Other,General,0.24319998769135176,No
INNSA1,2019-04-02,301049751,73239990,STEEL LUNCH BOX -6900(TOTAL 4632 PCS) (MILD STEEL)DPD CLIENT -,,,,,,,,,542.33,KG,477.2766765622407,258841.46,6.818238236603438,3697.735142857143,62950.2,2019,4,KG,Unknown,,Steel,,,321791.66,593.3502848818983,Other,General,0.2431998335969825,No
INNSA1,2019-04-02,301049751,73239990,STEEL LUNCH BOX-6527 (TOTAL 24504 PCS) (MILD STEEL) -,,,,,,,,,8535.56,KG,426.4444348115414,3639942.06,6.092063354450591,51999.17228571429,885233.9,2019,4,KG,Unknown,,Steel,,,4525175.96,530.1557203042331,Other,General,0.243199997529631,No
INNSA1,2019-04-01,301049751,73239990,STAINLESS STEEL SPORTS BOTTLE 750ML S-308-C6-NP-20 (TOTAL 15 - 264 PCS)(NOT VACUUM BOTTLE)(MILD STEEL),,,,,,,,,2594.88,KG,433.7238562091504,1125461.36,6.196055088702148,16078.01942857143,273712.2,2019,4,KG,Unknown,750ML,Steel,,,1399173.56,539.2054969786657,Other,General,0.24319999755478056,No
INNSA1,2019-04-01,301049751,73239990,STAINLESS STEEL SPORTS BOTTLE 650ML S115-NP-21 (TOTAL 16776 - PCS ) (NOT VACUUM BOTTLE) (MILD STEEL),,,,,,,,,2851.92,KG,482.104136862184,1374922.43,6.887201955174057,19641.749,334381.1,2019,4,KG,Unknown,650ML,Steel,,,1709303.5299999998,599.3518506830485,Other,General,0.243199974561474,No
INNSA1,2019-03-29,301049751,73239990,RYX-02-021A MILD STEEL MULTI FUNCTION CLOTH STAND (OTHER ART - ICLES OF HOUSEHOLD OF IRON & STEEL) (3888 NOS),,,,,,,,,14256.0,KGS,171.2896499719416,2441905.25,2.446994999599166,34884.36071428571,593871.4,2019,3,KG,Unknown,,Steel,,,3035776.65,212.94729587542088,Other,General,0.2432000176911041,No
INNSA1,2019-03-29,301049751,73239990,RYX-02-020 MILD STEEL MULTI FUNCTION CLOTH STAND (OTHER ARTI - CLES OF HOUSEHOLD OF IRON & STEEL) (2464 NOS),,,,,,,,,8008.0,KGS,310.088347902098,2483187.49,4.429833541458542,35474.107,603911.2,2019,3,KG,Unknown,,Steel,,,3087098.6900000004,385.5018344155845,Other,General,0.24320000097938635,No
INNSA1,2019-03-26,301049751,73239990,STAINLESS STEEL SPORTS BOTTLE 650ML S115-NP-21 (TOTAL 11736 - PCS ) (NOT VACUUM BOTTLE) (MILD STEEL),,,,,,,,,1995.12,KGS,481.9301696138579,961508.52,6.884716708769398,13735.836,233838.9,2019,3,KG,Unknown,650ML,Steel,,,1195347.42,599.1356008661134,Other,General,0.2432000290543447,No
INNSA1,2019-03-26,301049751,73239990,STEEL LUNCH BOX -6527 (TOTAL 1356 PCS) (MILD STEEL) -,,,,,,,,,472.34,KGS,426.2669263666004,201342.92,6.089527519522862,2876.327428571429,48966.6,2019,3,KG,Unknown,,Steel,,,250309.52000000002,529.9350467883305,Other,General,0.24320000921810409,No
INNSA1,2019-03-26,301049751,73239990,STAINLESS STEEL COLA BOTTLE 750ML SK750-SL-01(TOTAL 10260 PC - S) (NOT VACUUM BOTTLE),,,,,,,,,2003.55,KGS,463.4954805220733,928636.37,6.62136400745819,13266.23385714286,225844.4,2019,3,KG,Unknown,750ML,Steel,,,1154480.77,576.2175987621971,Other,General,0.2432000374915318,No
INNSA1,2019-03-26,301049751,73239990,STEEL LUNCH BOX 3LAYER-8505 (TOTAL 16800 PCS) (MILDSTEEL)-DP - D CLIENT,,,,,,,,,10892.0,KGS,378.432559676827,4121887.44,5.406179423954671,58884.10628571428,1002443.0,2019,3,KG,Unknown,3L,Steel,,,5124330.4399999995,470.46735585751003,Other,General,0.24319999383583363,No
INNSA1,2019-03-26,301049751,73239990,STEEL LUNCH BOX -6561 (TOTAL 21060 PCS) (MILD STEEL) -,,,,,,,,,8026.2,KGS,469.3818481971543,3767352.59,6.705454974245061,53819.32271428571,916220.2,2019,3,KG,Unknown,,Steel,,,4683572.79,583.5355199222546,Other,General,0.2432000133016485,No
INNSA1,2019-03-26,301049751,73239990,STAINLESS STEEL SPORTS BOTTLE 750ML S-308-C6-NP-20 (TOTAL 1 - 0080 PCS)(NOT VACUUM BOTTLE)(MILD STEEL),,,,,,,,,1713.6,KGS,433.5673436041083,742961.0,6.193819194344404,10613.72857142857,180688.1,2019,3,KG,Unknown,750ML,Steel,,,923649.1,539.0109126984128,Other,General,0.24319997954132183,No
INNSA1,2019-03-26,301049751,73239990,STEEL LUNCH BOX 2 LAYER-8504(TOTAL 22260 PCS) (MILD STEEL) -,,,,,,,,,10647.7,KGS,372.3151150013618,3964299.65,5.318787357162312,56632.85214285714,964117.7,2019,3,KG,Unknown,2L,Steel,,,4928417.35,462.86215332888787,Other,General,0.2432000063365543,No
INNSA1,2019-03-13,301049751,73239990,03-027I FAMILY CLOTH RACK 3LAYERS (3648 PCS) (HOUSEHOLD ARTI - CLES) (MADE UP OF MILD STEEL),,,,,,,,,21687.36,KGS,145.6219590581795,3158155.85,2.051013507861683,44481.06830985915,768063.6,2019,3,KG,Unknown,3L,Steel,,,3926219.45,181.03722398669086,Other,General,0.24320003080278638,No
INNSA1,2019-02-26,301049751,73231000,STEEL SCRUBBER-SS430 (TOTAL 273456 PCS)(MILD STEEL) DPD CLIE - NT,,,,,,,,,6520.0,KGS,201.8136794,1315825.19,2.80296777,18275.34986,407642.7,2019,2,KG,Unknown,,Steel,,,1723467.89,264.3355659509202,Other,General,0.30980004266372196,No
INNSA1,2019-02-20,301049751,73231000,STEEL SCRUBBER 2 PCS SET-8001-2 -,,,,,,,,,96000.0,SET,12.58783938,1208432.58,0.173266887,16633.6212,374372.4,2019,2,SET,Unknown,,Steel,,,1582804.98,16.487551875,Other,General,0.3097999890072477,No
INNSA1,2019-02-19,301049751,73239990,STAINLESS STEEL SPORTS BOTTLE 750ML-AM-06(TOTAL NT WT.106.5 - 6 KGS) (NOT VACUUM BOTTLE) (MILD STEEL),,,,,,,,,720.0,PCS,95.15766667,68513.52,1.309809589,943.0629043,16662.5,2019,2,PCS,Unknown,750ML,Steel,,,85176.02,118.30002777777779,Other,General,0.2432001742137902,No
INNSA1,2019-02-19,301049751,73239990,STAINLESS STEEL COLA BOTTLE 750ML SK750 SL-01 (TOTAL NT WT.1 - 829.81KGS) (NOT VACUUM BOTTLE) (MILD STEEL),,,,,,,,,9432.0,PCS,94.03375212,886926.35,1.294339327,12208.20853,215700.5,2019,2,PCS,Unknown,750ML,Steel,,,1102626.85,116.9027618744699,Other,General,0.24320001316907544,No
INNSA1,2019-02-19,301049751,73239990,STAINLESS STEEL SPORTS BOTTLE 750ML S-308-C6-NP-20 (TOTAL NT - WT.2790.14KGS)(NOT VACUUM BOTTLE)(MILD STEEL)DPD CLIENT,,,,,,,,,16128.0,PCS,76.5756932,1235012.78,1.054035694,16999.48768,300355.1,2019,2,PCS,Unknown,750ML,Steel,,,1535367.88,95.19890128968254,Other,General,0.24319999344460222,No
INNSA1,2019-02-19,301049751,73239990,STEEL TEA STRAINER -NP-55 (TOTAL NET WT.628.02 KGS) (MILD ST - EEL),,,,,,,,,21240.0,PCS,24.25627448,515203.27,0.33387852,7091.579766,125297.4,2019,2,PCS,Unknown,628.02KG,Steel,,,640500.67,30.15539877589454,Other,General,0.24319993155322944,No
INNSA1,2019-02-19,301049751,73239990,STEEL PEELER -MP-196 (TOTAL NET WT.167.28 KGS) (MILD STEEL)D - PD CLIENT,,,,,,,,,1968.0,PCS,39.27252541,77288.33,0.540571582,1063.844873,18796.5,2019,2,PCS,Unknown,167.28KG,Steel,,,96084.83,48.8235924796748,Other,General,0.2431997172147464,No
INNSA1,2019-02-19,301049751,73239990,STAINLESS STEEL SPORTS BOTTLE 650ML S115-NP-21 (TOTAL NT WT. - 2696.72 KGS) (NOT VACUUM BOTTLE) (MILD STEEL),,,,,,,,,15588.0,PCS,85.11740441,1326810.1,1.171609145,18263.04336,322680.2,2019,2,PCS,Unknown,650ML,Steel,,,1649490.3,105.81795612009238,Other,General,0.2431999876998223,No
INNSA1,2019-02-12,301049751,73239990,STAINLESS STEEL SPORTS BOTTLE 650ML S115-NP-21 (TOTAL NT WT. - 3286.99 KGS) (NOT VACUUM BOTTLE) (MILD STEEL),,,,,,,,,19044.0,PCS,83.54980099,1591122.41,1.150031672,21901.20317,386960.9,2019,2,PCS,Unknown,650ML,Steel,,,1978083.31,103.86910890569209,Other,General,0.24319995593550847,No
INNSA1,2019-02-12,301049751,73239990,STAINLESS STEEL COLA BOTTLE 750ML SK750 SL-01 (TOTAL NT WT.5 - 529 KGS) (NOT VACUUM BOTTLE) (MILD STEEL),,,,,,,,,28800.0,PCS,92.30193715,2658295.79,1.270501544,36590.44446,646497.6,2019,2,PCS,Unknown,750ML,Steel,,,3304793.39,114.74977048611112,Other,General,0.24320002402742397,No
INNSA1,2019-02-12,301049751,73239990,STAINLESS STEEL SPORTS BOTTLE 750ML S-308-C6-NP-20 (TOTAL NT - WT. 2029.49KGS)(NOT VACUUM BOTTLE)(MILD STEEL),,,,,,,,,11772.0,PCS,75.2021755,885280.01,1.035129738,12185.54728,215300.1,2019,2,PCS,Unknown,750ML,Steel,,,1100580.11,93.49134471627592,Other,General,0.24320000177119103,No
INNSA1,2019-02-11,301049751,73239990,STEEL LUNCH BOX 2 LAYER-8504(TOTAL NET.WT.574.00 KGS) (MILD - STEEL),,,,,,,,,1200.0,PCS,184.4697417,221363.69,2.539156802,3046.988162,53835.6,2019,2,PCS,Unknown,2L,Steel,,,275199.29,229.33274166666664,Other,General,0.24319977680169677,No
INNSA1,2019-02-11,301049751,73239990,STEEL LUNCH BOX -6900(TOTAL NET.WT.4496.00KGS) (MILD STEEL) -,,,,,,,,,38400.0,PCS,58.29243906,2238429.66,0.802373559,30811.14467,544386.1,2019,2,PCS,Unknown,4496.00KG,Steel,,,2782815.7600000002,72.46916041666667,Other,General,0.24320000298780883,No
INNSA1,2019-02-11,301049751,73239990,STEEL LUNCH BOX 3LAYER-8505 (TOTAL NET WT.10892.00 KGS) (MIL - DSTEEL),,,,,,,,,16800.0,PCS,256.0440048,4301539.28,3.524349687,59209.07474,1046134.3,2019,2,PCS,Unknown,3L,Steel,,,5347673.58,318.31390357142857,Other,General,0.24319998770300663,No
INNSA1,2019-02-11,301049751,73239990,STEEL LUNCH BOX-6527 (TOTAL NET WT.9007.90 KGS) (MILD STEEL) -,,,,,,,,,25860.0,PCS,154.9545851,4007125.57,2.132891742,55156.58045,974533.0,2019,2,PCS,Unknown,9007.90KG,Steel,,,4981658.57,192.6395425367363,Other,General,0.24320001531671492,No
INNSA1,2019-02-06,301049751,73231000,STEEL SCRUBBER-DR-1 (TOTAL NET WT. 4951.80KGS) (MILD STEEL) - DPD CLIENT,,,,,,,,,235800.0,PCS,4.938705895,1164546.85,0.068498001,16151.82871,360776.7,2019,2,PCS,Unknown,4951.80KG,Steel,,,1525323.55,6.4687173452078035,Other,General,0.3098000737368359,No
INNSA1,2019-02-05,301049751,73239990,KWB-600F STAINLESS STEEL SPORTS BOTTLE -,,,,,,,,,50400.0,PCS,77.08109921,3884887.4,1.069085981,53881.93343,944804.6,2019,2,PCS,Unknown,,Steel,,,4829692.0,95.82722222222222,Other,General,0.24319999596384698,No
INNSA1,2019-02-05,301049751,73239990,STEEL ZHARA -NP-003 (TOTAL NET WT.4368 KGS) (MILD STEEL) -,,,,,,,,,48000.0,KGS,33.51349021,1608647.53,0.464819559,22311.33883,391223.2,2019,2,KG,Unknown,4368KG,Steel,,,1999870.73,41.663973541666664,Other,General,0.24320007503446078,No
INNSA1,2019-02-05,301049751,73239990,STAINLESS STEEL SPORTS BOTTLE 750ML S-308-C6-NP-20 (TOTAL NT - WT. 4671KGS)(NOT VACUUM BOTTLE)(MILD STEEL)DPD CLIENT,,,,,,,,,27000.0,PCS,76.09752963,2054633.3,1.055444239,28496.99445,499686.8,2019,2,PCS,Unknown,750ML,Steel,,,2554320.1,94.60444814814815,Other,General,0.2431999909667579,No
INNSA1,2019-02-05,301049751,73239990,STAINLESS STEEL SPORTS BOTTLE 650ML S115-NP-21 (TOTAL NT WT. - 2559.71KGS) (NOT VACUUM BOTTLE) (MILD STEEL),,,,,,,,,14796.0,PCS,84.58590362,1251533.03,1.173174808,17358.29445,304372.8,2019,2,PCS,Unknown,650ML,Steel,,,1555905.83,105.1571931603136,Other,General,0.243199973715436,No
INNSA1,2019-02-05,301049751,73239990,STEEL PEELER -MP-196 (TOTAL NET WT.1566.72 KGS) (MILD STEEL) -,,,,,,,,,18432.0,PCS,38.00253906,700462.8,0.527080986,9715.156727,170352.6,2019,2,PCS,Unknown,1566.72KG,Steel,,,870815.4,47.24475911458333,Other,General,0.24320006715560055,No
INNSA1,2019-02-05,301049751,73239990,STEEL TEA STRAINER-NP-55 (TOTAL NET WT.1312.20 KGS) (MILD ST - EEL),,,,,,,,,29160.0,PCS,23.47453944,684517.57,0.325583071,9494.002358,166474.7,2019,2,PCS,Unknown,1312.20KG,Steel,,,850992.27,29.183548353909465,Other,General,0.24320003940877663,No
INNSA1,2019-01-29,301049751,73239990,KWP-600B-SS OIL POT 600ML -,,,,,,,,,6800.0,PCS,91.54969853,622537.95,1.269760035,8634.368239,151401.3,2019,1,PCS,Unknown,600ML,General,,,773939.25,113.81459558823529,Other,General,0.24320011334248778,No
INNSA1,2019-01-29,301049751,73239990,KWP-1000B-SS OIL POT 1000ML -,,,,,,,,,11100.0,PCS,111.1674901,1233959.14,1.541851458,17114.55118,300098.9,2019,1,PCS,Unknown,1000ML,General,,,1534058.04,138.20342702702703,Other,General,0.24320003010796618,No
INNSA1,2019-01-28,301049751,73231000,STEEL SCRUBBER 3PCS SET-DR-2(TOTAL NET WT.630.00 KGS) (MILD - STEEL),,,,,,,,,10000.0,SET,15.529305,155293.05,0.215385645,2153.856449,48109.8,2019,1,SET,Unknown,630.00KG,Steel,,,203402.84999999998,20.340284999999998,Other,General,0.30980008442103496,No
INNSA1,2019-01-22,301049751,73239990,SM1168 STEEL HOOK WITH HANGER -,,,,,,,,,1800.0,PCS,99.89136111,179804.45,1.385455771,2493.820388,43728.4,2019,1,PCS,Unknown,,Steel,,,223532.85,124.18491666666667,Other,General,0.2431997650781168,No
INNSA1,2019-01-22,301049751,73239990,KWP-1000B-SS OIL POT 1000ML -,,,,,,,,,11100.0,PCS,111.380709,1236325.87,1.544808724,17147.37684,300674.5,2019,1,PCS,Unknown,1000ML,General,,,1537000.37,138.4685018018018,Other,General,0.2432000391611962,No
INNSA1,2019-01-22,301049751,73239990,KWP-600B-SS OIL POT 600ML -,,,,,,,,,6800.0,PCS,91.72528971,623731.97,1.272195419,8650.928849,151691.6,2019,1,PCS,Unknown,600ML,General,,,775423.57,114.03287794117647,Other,General,0.2431999757844704,No
INNSA1,2019-01-21,301049751,73239990,STEEL WALL HANGER HOOK-SL-89 (TOTAL NET WT.2709.50 KGS)(MILD - STEEL),,,,,,,,,14112.0,PCS,80.85876276,1141078.86,1.121480759,15826.33648,277510.4,2019,1,PCS,Unknown,2709.50KG,Steel,,,1418589.2600000002,100.52361536281181,Other,General,0.24320001862097418,No
INNSA1,2019-01-19,301049751,73239990,STAINLESS STEEL SPORTS BOTTLE 750ML S-308-C6-NP-20 (TOTAL NT - WT. 3103.20 KGS)(NOT VACUUM BOTTLE)(MILD STEEL),,,,,,,,,18000.0,PCS,76.15621333,1370811.84,1.05625816,19012.64688,333381.4,2019,1,PCS,Unknown,750ML,Steel,,,1704193.2400000002,94.67740222222224,Other,General,0.24319997119371248,No
INNSA1,2019-01-19,301049751,73239990,STEEL WALL HANGER HOOK-SL-89 (TOTAL NET WT.1161.22 KGS)(MILD - STEEL),,,,,,,,,6048.0,PCS,80.96455357,489673.62,1.122948038,6791.589736,119088.6,2019,1,PCS,Unknown,1161.22KG,Steel,,,608762.22,100.65512896825396,Other,General,0.24319995020356622,No
INNSA1,2019-01-19,301049751,73239990,STAINLESS STEEL SPORTS BOTTLE 650ML S115-NP-21 (TOTAL NT WT. - 3697.09 KGS) (NOT VACUUM BOTTLE) (MILD STEEL),,,,,,,,,21420.0,PCS,84.65113352,1813227.28,1.174079522,25148.78336,440976.9,2019,1,PCS,Unknown,650ML,Steel,,,2254204.18,105.2382903828198,Other,General,0.24320001406552852,No
INNSA1,2019-01-15,301049751,73239990,KWS-750C - STAINLESS STEEL SPORTS BOTTLE 850ML -,,,,,,,,,19188.0,PCS,71.99756984,1381489.37,1.010492208,19389.32449,335978.2,2019,1,PCS,Unknown,850ML,Steel,,,1717467.57,89.5073780487805,Other,General,0.24319998929850614,No
INNSA1,2019-01-15,301049751,73239990,KW830- STAINLESS STEEL SPORTS BOTTLE 1000ML -,,,,,,,,,14040.0,PCS,75.51662607,1060253.43,1.059882471,14880.74989,257853.6,2019,1,PCS,Unknown,1000ML,Steel,,,1318107.03,93.8822670940171,Other,General,0.2431999677661972,No
INNSA1,2019-01-15,301049751,73239990,KWS-750D- STAINLESS STEEL SPORTS BOTTLE 750ML -,,,,,,,,,19476.0,PCS,79.19732645,1542447.13,1.111541424,21648.38077,375123.2,2019,1,PCS,Unknown,750ML,Steel,,,1917570.3299999998,98.45811922365988,Other,General,0.24320003759221234,No
INNSA1,2019-01-15,301049751,73239990,KW-820 - STAINLESS STEEL SPORTS BOTTLE 750ML -,,,,,,,,,14040.0,PCS,71.92059615,1009765.17,1.009411876,14172.14274,245574.9,2019,1,PCS,Unknown,750ML,Steel,,,1255340.07,89.4116858974359,Other,General,0.24320001055294865,No
INNSA1,2019-01-15,301049751,73239990,KW-868- STAINLESS STEEL SPORTS BOTTLE 650ML -,,,,,,,,,14040.0,PCS,84.86630342,1191522.9,1.191106013,16723.12842,289778.4,2019,1,PCS,Unknown,650ML,Steel,,,1481301.2999999998,105.50579059829059,Other,General,0.24320002578213146,No
INNSA1,2019-01-14,301049751,73239990,STEEL TEA STRAINER -NP-55 (TOTAL NET WT.2368.80 KGS) (MILD S - TEEL),,,,,,,,,50400.0,PCS,23.07264683,1162861.4,0.323826622,16320.86175,282807.8,2019,1,PCS,Unknown,2368.80KG,Steel,,,1445669.2,28.683912698412698,Other,General,0.24319992047203562,No
INNSA1,2019-01-12,301049751,73239990,STAINLESS STEEL SPORTS BOTTLE 650ML S115-NP-21 (TOTAL NT WT. - 3286.99 KGS) (NOT VACUUM BOTTLE) (MILD STEEL),,,,,,,,,19044.0,PCS,83.54980099,1591122.41,1.172628786,22331.5426,386960.9,2019,1,PCS,Unknown,650ML,Steel,,,1978083.31,103.86910890569209,Other,General,0.24319995593550847,No
INNSA1,2019-01-12,301049751,73239990,STAINLESS STEEL SPORTS BOTTLE 750ML S-308-C6-NP-20 (TOTAL NT - WT. 2029.49KGS)(NOT VACUUM BOTTLE)(MILD STEEL),,,,,,,,,11772.0,PCS,75.2021755,885280.01,1.05546913,12424.9826,215300.1,2019,1,PCS,Unknown,750ML,Steel,,,1100580.11,93.49134471627592,Other,General,0.24320000177119103,No
INNSA1,2019-01-12,301049751,73239990,STAINLESS STEEL COLA BOTTLE 750ML SK750 SL-01 (TOTAL NT WT.5 - 529 KGS) (NOT VACUUM BOTTLE) (MILD STEEL),,,,,,,,,28800.0,PCS,92.30193715,2658295.79,1.295465785,37309.4146,646497.6,2019,1,PCS,Unknown,750ML,Steel,,,3304793.39,114.74977048611112,Other,General,0.24320002402742397,No
INNSA1,2019-01-11,301049751,73239990,RYX-02-021A MILD STEEL MULTI FUNCTION CLOTH STAND (OTHER ART - ICLES OF HOUSEHOLD OF IRON & STEEL),,,,,,,,,2592.0,PCS,637.835841,1653270.5,8.95208198,23203.79649,402075.4,2019,1,PCS,Unknown,,Steel,,,2055345.9,792.9575231481481,Other,General,0.24320000871000844,No
INNSA1,2019-01-08,301049751,73239990,STEEL CONTAINER-GN-32 (TOTAL NET WT.27.79 KGS) (MILD STEEL) -,,,,,,,,,72.0,PCS,152.0622222,10948.48,2.134206628,153.6628772,2662.6,2019,1,PCS,Unknown,27.79KG,Steel,,,13611.08,189.0427777777778,Other,General,0.24319357572923364,No
INNSA1,2019-01-08,301049751,73239990,STAINLESS STEEL SPORTS BOTTLE 750ML S-308-C6-NP-20(TOTAL NT - WT.5480.64 KGS)(NOT VACUUM BOTTLE)(MILD STEEL)-DPD CLIENT,,,,,,,,,31680.0,PCS,75.01245896,2376394.7,1.052806442,33352.90807,577939.2,2019,1,PCS,Unknown,750ML,Steel,,,2954333.9000000004,93.25548926767678,Other,General,0.2432000037704174,No
INNSA1,2019-01-08,301049751,73239990,STAINLESS STEEL SPORTS BOTTLE 600ML S115-NP-21 (TOTAL NT WT. - 5119.41 KGS)(NOT VACUUM BOTTLE) (MILD STEEL),,,,,,,,,29592.0,PCS,83.37979758,2467374.97,1.170242773,34629.82414,600065.6,2019,1,PCS,Unknown,600ML,Steel,,,3067440.5700000003,103.65776459854015,Other,General,0.2432000029569887,No
INNSA1,2019-01-08,301049751,73239990,STEEL PEELER -MP-196 (TOTAL NET WT.1611.60KGS)(MILD STEEL) -,,,,,,,,,20400.0,PCS,36.97199265,754228.65,0.51890516,10585.66526,183428.5,2019,1,PCS,Unknown,1611.60KG,Steel,,,937657.15,45.96358578431373,Other,General,0.2432001224031996,No
INNSA1,2019-01-08,301049751,73239990,STAINLESS STEEL COLA BOTTLE 750ML SK750-SL-01 (TOTAL NT WT - .4237.05 KGS)(NOT VACUUM BOTTLE) (MILD STEEL),,,,,,,,,22068.0,PCS,92.1288046,2033098.46,1.293035854,28534.71523,494449.5,2019,1,PCS,Unknown,750ML,Steel,,,2527547.96,114.53452782309226,Other,General,0.2431999776341378,No
INNSA1,2019-01-08,301049751,73239990,STEEL CONTAINER-GN-30 (TOTAL NET WT.24.91 KGS) (MILD STEEL) -,,,,,,,,,144.0,PCS,84.23055556,12129.2,1.182183236,170.234386,2949.8,2019,1,PCS,Unknown,24.91KG,Steel,,,15079.0,104.71527777777777,Other,General,0.24319823236487156,No
INNSA1,2019-01-07,301049751,73239990,STEEL ZHARA-NP-003 (TOTAL NET WT.6925.80 KGS) (MILD TEEL) -,,,,,,,,,71400.0,PCS,32.48791345,2319637.02,0.455970715,32556.30905,564135.8,2019,1,PCS,Unknown,6925.80KG,Steel,,,2883772.8200000003,40.38897507002802,Other,General,0.24320003308103785,No
INNSA1,2019-01-02,301049751,73239990,RYX-02-021A MILD STEEL MULTI FUNCTION CLOTH STAND (1296 PCS) - (OTHER ARTICLES OF HOUSEHOLD OF IRON & STEEL),,,,,,,,,4752.0,KG,173.4268056,824124.18,2.427247104,11534.27824,200426.9,2019,1,KG,Unknown,,Steel,,,1024551.0800000001,215.6041835016835,Other,General,0.24319987796013942,No
INNSA1,2019-01-02,301049751,73239990,RYX-02-020 MILD STEEL MULTI FUNCTION CLOTH STAND (1232 PCS) - (OTHER ARTICLES OF HOUSEHOLD OF IRON & STEEL),,,,,,,,,4004.0,KG,313.9572727,1257084.92,4.394083593,17593.91071,305723.0,2019,1,KG,Unknown,,Steel,,,1562807.92,390.31166833166833,Other,General,0.24319995820171006,No
INNSA1,2018-12-31,301049751,73239990,STAINLESS STEEL SPORTS BOTTLE 600ML S115-NP-21 (TOTAL NT WT.5797.29 KGS)(NOT VACUUM BOTTLE) (MILD STEEL),,,,,,,,,33588.0,PCS,83.59243688,2807702.77,1.169943133,39296.04997,682833.3,2018,12,PCS,Unknown,600ML,Steel,,,3490536.0700000003,103.92211712516375,Other,General,0.24319999513338802,No
INNSA1,2018-12-31,301049751,73239990,STEEL HOOK 5 PCS SET-GN-08 (TOTAL NET WT.76.50 KGS) (MILD STEEL),,,,,,,,,450.0,SET,84.97268889,38237.71,1.189260866,535.1673898,9299.5,2018,12,SET,Unknown,76.50KG,Steel,,,47537.21,105.63824444444444,Other,General,0.2432023256622847,No
INNSA1,2018-12-31,301049751,73239990,STAINLESS STEEL SPORTS BOTTLE 750ML -MP-201(TOTAL NT WT.651.60 KGS)(NOT VACUUM BOTTLE)(MILD STEEL)-DPD CLIENT,,,,,,,,,3600.0,PCS,86.83017222,312588.62,1.215257834,4374.928202,76021.6,2018,12,PCS,Unknown,750ML,Steel,,,388610.22,107.94728333333333,Other,General,0.24320015232800224,No
INNSA1,2018-12-31,301049751,73231000,STEEL SCRUBBER 2PCS SET-GN-15 (TOTAL NET WT.648 KGS) (MILDSTEEL),,,,,,,,,10800.0,SET,17.36722685,187566.05,0.243068255,2625.137159,58108.0,2018,12,SET,Unknown,648KG,Steel,,,245674.05,22.747597222222222,Other,General,0.3098002010491771,No
INNSA1,2018-12-31,301049751,73239990,STAINLESS STEEL COLA BOTTLE 750ML SK750-SL-01 (TOTAL NT WT.4147.20KGS)(NOT VACUUM BOTTLE) (MILD STEEL),,,,,,,,,21600.0,PCS,92.34903889,1994739.24,1.292498795,27917.97397,485120.6,2018,12,PCS,Unknown,750ML,Steel,,,2479859.84,114.80832592592591,Other,General,0.24320000843819564,No
INNSA1,2018-12-31,301049751,73239990,STEEL HOOK 6 PCS SET -GN-09 (TOTAL NET WT.81 KGS) (MILD STEEL),,,,,,,,,500.0,SET,58.88458,29442.29,0.824136879,412.0684395,7160.3,2018,12,SET,Unknown,81KG,Steel,,,36602.590000000004,73.20518000000001,Other,General,0.2431977947367545,No
INNSA1,2018-12-31,301049751,73231000,STEEL SCRUBBER 6PCS SET-GN-16 (TOTAL NET WT.534 KGS) (MILDSTEEL),,,,,,,,,6000.0,SET,21.69039833,130142.39,0.303574504,1821.447026,40318.1,2018,12,SET,Unknown,534KG,Steel,,,170460.49,28.410081666666667,Other,General,0.30979990455070017,No
INNSA1,2018-12-31,301049751,73239990,STAINLESS STEEL SPORTS BOTTLE 750ML S-308-C6-NP-20(TOTAL NTWT.3742.46KGS)(NOT VACUUM BOTTLE)(MILD STEEL),,,,,,,,,21708.0,PCS,75.20375944,1632523.21,1.052536871,22848.4704,397029.6,2018,12,PCS,Unknown,750ML,Steel,,,2029552.81,93.4933116823291,Other,General,0.24319997263622364,No
INNSA1,2018-12-31,301049751,73239990,STAINLESS STEEL SPORTS BOTTLE 750ML -MP-202(TOTAL NT WT.630.00 KGS)(NOT VACUUM BOTTLE)(MILD STEEL),,,,,,,,,3600.0,PCS,85.358475,307290.51,1.194660252,4300.776907,74733.1,2018,12,PCS,Unknown,750ML,Steel,,,382023.61,106.11766944444445,Other,General,0.24320015609984183,No
INNSA1,2018-12-31,301049751,73239990,STEEL WALL HANGER HOOK-SL-89 (TOTAL NET WT.4697.28 KGS) (MILD STEEL),,,,,,,,,20160.0,PCS,79.3078497,1598846.25,1.109976903,22377.13436,388839.4,2018,12,PCS,Unknown,4697.28KG,Steel,,,1987685.65,98.5955183531746,Other,General,0.24319999499639194,No
INNSA1,2018-12-31,301049751,73239990,STEEL HOOK 5 PCS SET-GN-07 (TOTAL NET WT.121.50 KGS) (MILDSTEEL),,,,,,,,,450.0,SET,106.5885556,47964.85,1.49179224,671.306508,11665.0,2018,12,SET,Unknown,121.50KG,Steel,,,59629.85,132.51077777777778,Other,General,0.24319892588009762,No
INNSA1,2018-12-29,301049751,73231000,STEEL SCRUBBER -ANG-537 (TOTAL NET WT.6045KGS)(MILD STEEL) (DPD CLIENT),,,,,,,,,280800.0,PCS,4.856987678,1363842.14,0.067977434,19088.06354,422518.3,2018,12,PCS,Unknown,6045KG,Steel,,,1786360.44,6.361682478632479,Other,General,0.3098000036866437,No
INNSA1,2018-12-25,301049751,73239990,KWS-750B- STAINLESS STEEL SPORTS BOTTLE,,,,,,,,,46044.0,PCS,71.22714925,3279582.86,0.996881025,45900.38992,797594.5,2018,12,PCS,Unknown,,Steel,,,4077177.36,88.54959082616627,Other,General,0.24319998428092773,No
INNSA1,2018-12-22,301049751,73239990,STAINLESS STEEL SPORTS BOTTLE 750ML S-308-C6 (TOTAL NET WT.3407.04 KGS)(NOT VACUUM BOTTLE)(MILD STEEL),,,,,,,,,20160.0,PCS,75.4131379,1520328.86,1.05546729,21278.22057,369744.0,2018,12,PCS,Unknown,750ML,Steel,,,1890072.86,93.75361408730159,Other,General,0.24320001397592358,No
INNSA1,2018-12-22,301049751,73239990,STAINLESS STEEL COLA BOTTLE 750ML SK750 SL-01 (TOTAL NT WT.4147.20 KGS) (NOT VACUUM BOTTLE) (MILD STEEL)-DPD CLIENT,,,,,,,,,21600.0,PCS,92.61922731,2000575.31,1.296280298,27999.65444,486539.9,2018,12,PCS,Unknown,750ML,Steel,,,2487115.21,115.14422268518518,Other,General,0.24319999230621317,No
INNSA1,2018-12-15,301049751,73239990,STEEL HOOK 3 PCS SET-2628(TOTAL 68760 SET) (MILD STEEL)-DPDCLIENT,,,,,,,,,2330.2,KGS,990.766402,2308683.87,13.80859097,32176.77868,561471.9,2018,12,KG,Unknown,,Steel,,,2870155.77,1231.7207836237235,Other,General,0.24319999255679817,No
INNSA1,2018-12-15,301049751,73239990,STAINLESS STEEL SPORTS BOTTLE 600ML S115-NP-21 (TOTAL NT WT.4069.91 KGS)(NOT VACUUM BOTTLE) (MILD STEEL),,,,,,,,,23580.0,PCS,83.97529092,1980137.36,1.17038733,27597.73324,481569.4,2018,12,PCS,Unknown,600ML,Steel,,,2461706.7600000002,104.3980814249364,Other,General,0.24319999699414793,No
INNSA1,2018-12-15,301049751,73239990,STEEL ZHARA-NP-003 (TOTAL NET WT.1466.40 KGS) (MILD STEEL),,,,,,,,,15600.0,PCS,33.15121154,517158.9,0.462037791,7207.789547,125773.1,2018,12,PCS,Unknown,1466.40KG,Steel,,,642932.0,41.21358974358974,Other,General,0.24320010735578562,No
INNSA1,2018-12-15,301049751,73239990,STAINLESS STEEL SPORTS BOTTLE 750ML S-308-C6-NP-20(TOTAL NTWT.3289.39 KGS)(NOT VACUUM BOTTLE)(MILD STEEL)-DPD CLIENT,,,,,,,,,19080.0,PCS,75.55484382,1441586.42,1.053029182,20091.79679,350593.8,2018,12,PCS,Unknown,750ML,Steel,,,1792180.22,93.92978092243186,Other,General,0.2431999879688101,No
INNSA1,2018-12-11,301049751,73239990,STAINLESS STEEL SPORTS BOTTLE (ITEM NO: KWB-600F) (50400 PCS),,,,,,,,,7875.0,KGS,498.2311124,3923570.01,6.943987629,54683.90258,954212.2,2018,12,KG,Unknown,,Steel,,,4877782.21,619.4009155555556,Other,General,0.2431999932632781,No
INNSA1,2018-12-10,301049751,73231000,STEEL SCRUBBER -ANG-537 (TOTAL NET WT.5905.50 KGS)(MILD STEEL) (DPD CLIENT),,,,,,,,,274320.0,PCS,4.896323965,1343159.59,0.068241449,18719.99429,416110.9,2018,12,PCS,Unknown,5905.50KG,Steel,,,1759270.4900000002,6.413205344123652,Other,General,0.3098000439396781,No
INNSA1,2018-12-08,301049751,73239990,STEEL TEA STRAINER -NP-55 (TOTAL NET WT.2318.40 KGS) (MILD STEEL),,,,,,,,,50400.0,PCS,22.76209266,1147209.47,0.31724171,15988.98216,279001.3,2018,12,PCS,Unknown,2318.40KG,Steel,,,1426210.77,28.297832738095238,Other,General,0.2431999624270884,No
INNSA1,2018-12-08,301049751,73239990,STAINLESS STEEL COLA BOTTLE 750ML SK750 SL-01 (TOTAL NT WT.5075.46 KGS) (NOT VACUUM BOTTLE) (MILD STEEL)-DPD CLIENT,,,,,,,,,26028.0,PCS,95.15216229,2476620.48,1.326162541,34517.35861,602314.1,2018,12,PCS,Unknown,750ML,Steel,,,3078934.58,118.29316812663286,Other,General,0.24319999970282083,No
INNSA1,2018-12-08,301049751,73239990,STEEL ZHARA -NP-003 (TOTAL NET WT.5854.32 KGS) (MILD STEEL),,,,,,,,,62280.0,PCS,32.49588215,2023843.54,0.452904281,28206.87861,492198.8,2018,12,PCS,Unknown,5854.32KG,Steel,,,2516042.34,40.39888150289017,Other,General,0.2432000252351523,No
INNSA1,2018-12-08,301049751,73239990,STAINLESS STEEL SPORTS BOTTLE 600ML S115-NP-21 (TOTAL NT WT.2606.832 KGS)(NOT VACUUM BOTTLE) (MILD STEEL),,,,,,,,,15156.0,PCS,85.28289126,1292547.5,1.188611725,18014.5993,314347.6,2018,12,PCS,Unknown,600ML,Steel,,,1606895.1,106.02369358669834,Other,General,0.24320003713596597,No
INNSA1,2018-12-07,301049751,73231000,8001-1PCS - STEEL SCRUBBER (MADE UP MILD STEEL) (NET WEIGHT:1245 KGS),,,,,,,,,83000.0,SET,7.276342048,603936.39,0.101412433,8417.231916,187099.5,2018,12,SET,Unknown,1245KG,Steel,,,791035.89,9.530552891566265,Other,General,0.3098000105607148,No
INNSA1,2018-12-04,301049751,73239990,STEEL ROUND CONTAINER -6856(TOTAL NET WT.4400 KGS) (MILD STEEL) (DPD CLIENT),,,,,,,,,52800.0,PCS,44.5127661,2350274.05,0.610181852,32217.60178,571586.6,2018,12,PCS,Unknown,4400KG,Steel,,,2921860.65,55.33826988636363,Other,General,0.2431999791683868,No
INNSA1,2018-12-03,301049751,73239990,RYX-02-021A MILD STEEL MULTI FUNCTION CLOTH STAND (OTHER ARTICLES OF HOUSEHOLD OF IRON & STEEL),,,,,,,,,2592.0,PCS,693.1804398,1796723.7,9.502130772,24629.52296,436963.2,2018,12,PCS,Unknown,,Steel,,,2233686.9,861.7619212962962,Other,General,0.24319999786277657,No
INNSA1,2018-11-24,301049751,73239990,STEEL TEA STRAINER-NP-55(TOTAL 2268 KGS) (MILD STEEL),,,,,,,,,50400.0,PCS,23.08038829,1163251.57,0.316386406,15945.87485,282902.8,2018,11,PCS,Unknown,2268KG,Steel,,,1446154.37,28.69353908730159,Other,General,0.24320001562516694,No
INNSA1,2018-11-24,301049751,73239990,STEEL STRAW 3PCS SET -SB-9 (TOTAL 34.00 KGS) (MILD STEEL),,,,,,,,,1000.0,SET,28.18397,28183.97,0.386346402,386.3464016,6854.3,2018,11,SET,Unknown,34.00KG,Steel,,,35038.270000000004,35.038270000000004,Other,General,0.24319852738986025,No
INNSA1,2018-11-24,301049751,73239990,STEEL ZHARA-NP-003 (TOTAL NET WT.2823.48 KGS) (MILD STEEL),,,,,,,,,30360.0,PCS,33.05903821,1003672.4,0.45317393,13758.36052,244093.1,2018,11,PCS,Unknown,2823.48KG,Steel,,,1247765.5,41.0989953886693,Other,General,0.24319997242128008,No
INNSA1,2018-11-19,301049751,73239990,STAINLESS STEEL SPORTS BOTTLE 600ML S115-NP-21 (TOTAL NT WT.294.41 KGS)(NOT VACUUM BOTTLE) (MILD STEEL)-DPD CLIENT,,,,,,,,,1692.0,PCS,91.00553191,153981.36,1.247505578,2110.779438,37448.2,2018,11,PCS,Unknown,600ML,Steel,,,191429.56,113.1380378250591,Other,General,0.2431995664929833,No
INNSA1,2018-11-19,301049751,73239990,STAINLESS STEEL SPORTS BOTTLE 750ML S-308-C6-NP-20(TOTAL NTWT.3476.16 KGS)(NOT VACUUM BOTTLE)(MILD STEEL),,,,,,,,,20448.0,PCS,79.64864388,1628655.47,1.091825139,22325.64044,396089.0,2018,11,PCS,Unknown,750ML,Steel,,,2024744.47,99.01919356416275,Other,General,0.24319999367330894,No
INNSA1,2018-11-19,301049751,73239990,STAINLESS STEEL GAMES BOTTLE 750ML S117-750 SB-08 (TOTAL NTWT. 295.20 KGS)(NOT VACUUM BOTTLE)(MILD STEEL),,,,,,,,,1800.0,PCS,92.50975556,166517.56,1.268125505,2282.625908,40497.1,2018,11,PCS,Unknown,750ML,Steel,,,207014.66,115.00814444444444,Other,General,0.2432001766059988,No
INNSA1,2018-11-19,301049751,73239990,STAINLESS STEEL COCA BOTTLE 750ML SK750 SL-01 (TOTAL NT WT.3067.74 KGS) (NOT VACUUM BOTTLE) (MILD STEEL),,,,,,,,,15732.0,PCS,97.02242754,1526356.83,1.329985299,20923.32872,371210.0,2018,11,PCS,Unknown,750ML,Steel,,,1897566.83,120.61828311721332,Other,General,0.24320001241125247,No
INNSA1,2018-11-17,301049751,73239990,STEEL LUNCH BOX-SB-13 (TOTAL NET WT.83.92 KGS) (MILD STEEL),,,,,,,,,252.0,PCS,192.8527381,48598.89,2.643629035,666.1945168,11819.3,2018,11,PCS,Unknown,83.92KG,Steel,,,60418.19,239.75472222222223,Other,General,0.24320102784240544,No
INNSA1,2018-11-17,301049751,73239990,STEEL LUNCH BOX 2 LAYER-SB-14 (TOTAL NET WT.90.29 KGS) (MILDSTEEL),,,,,,,,,144.0,PCS,327.5435417,47166.27,4.489973155,646.5561343,11470.9,2018,11,PCS,Unknown,2L,Steel,,,58637.17,407.2025694444444,Other,General,0.24320133858369553,No
INNSA1,2018-11-15,301049751,73231000,STEEL SCRUBBER -ANG-537 (TOTAL NET WT.5905.50 KGS)(MILD STEEL) (DPD CLIENT),,,,,,,,,274320.0,PCS,5.117878099,1403936.32,0.068512424,18794.32825,434939.5,2018,11,PCS,Unknown,5905.50KG,Steel,,,1838875.82,6.703396835812191,Other,General,0.3098000199895106,No
INNSA1,2018-11-06,301049751,73239990,STEEL ROUND CONTAINER -6856(TOTAL NET WT.4400.00KGS) (MILD STEEL) (DPD CLIENT),,,,,,,,,52800.0,PCS,45.54046269,2404536.43,0.609644748,32189.2427,584783.3,2018,11,PCS,Unknown,4400.00KG,Steel,,,2989319.7300000004,56.61590397727274,Other,General,0.24320001672838037,No
INNSA1,2018-11-06,301049751,73239990,RYX-02-021A MILD STEEL MULTI FUNCTION CLOTH STAND (OTHER ARTICLES OF HOUSEHOLD OF IRON & STEEL),,,,,,,,,2592.0,PCS,715.2824846,1854012.2,9.5754014,24819.44043,450895.7,2018,11,PCS,Unknown,,Steel,,,2304907.9,889.2391589506173,Other,General,0.24319996384058315,No
INNSA1,2018-11-06,301049751,73239990,STEEL PEELER-MP-196 (TOTAL NET WT. 38.02 KGS) (MILD STEEL),,,,,,,,,576.0,PCS,38.90706597,22410.47,0.520844257,300.0062918,5450.2,2018,11,PCS,Unknown,38.02KG,Steel,,,27860.670000000002,48.36921875,Other,General,0.24319882626290298,No
INNSA1,2018-11-06,301049751,73239990,STEEL PIZZA CUTTER -RJ-388 (TOTAL NET WT.1915.20KGS) (MILDSTEEL),,,,,,,,,20160.0,PCS,36.87577431,743415.61,0.493651597,9952.016198,180798.8,2018,11,PCS,Unknown,1915.20KG,Steel,,,924214.4099999999,45.843968749999995,Other,General,0.2432001663241911,No
INNSA1,2018-11-06,301049751,73239990,STEEL LUNCH BOX 2 LAYERS-8504(TOTAL NET WT.189.42KGS) (MILDSTEEL),,,,,,,,,396.0,PCS,189.7519192,75141.76,2.540186335,1005.913788,18274.5,2018,11,PCS,Unknown,2L,Steel,,,93416.26,235.89964646464645,Other,General,0.2432003189704367,No
INNSA1,2018-11-05,301049751,73239990,STEEL LUNCH BOX 2 LAYER-8504(TOTAL NET.WT.86.10 KGS) (MILD STEEL),,,,,,,,,180.0,PCS,189.1106667,34039.92,2.531601963,455.6883534,8278.5,2018,11,PCS,Unknown,2L,Steel,,,42318.42,235.10233333333332,Other,General,0.24319974900058522,No
INNSA1,2018-11-05,301049751,73239990,STEEL LUNCH BOX -6900(TOTAL NET.WT.4625.26KGS) (MILD STEEL)DPD CLIENT,,,,,,,,,39504.0,PCS,60.28848395,2381636.27,0.807074752,31882.68099,579214.0,2018,11,PCS,Unknown,4625.26KG,Steel,,,2960850.27,74.95064474483597,Other,General,0.243200024829988,No
INNSA1,2018-11-05,301049751,73239990,STEEL ZHARA- NP-003 (MILD STEEL) (TOTAL NET WT.5546.52KGS),,,,,,,,,59640.0,PCS,34.06294987,2031514.33,0.455996651,27195.64029,494064.2,2018,11,PCS,Unknown,5546.52KG,Steel,,,2525578.5300000003,42.347057847082496,Other,General,0.24319995813172532,No
INNSA1,2018-11-03,301049751,73239990,STAINLESS STEEL SPORTS BOTTLE 600ML S115-NP-21 (TOTAL NET WT.4660.42 KGS)(NOT VACUUM BOTTLE)(MILD STEEL),,,,,,,,,26784.0,PCS,93.16186604,2495247.42,1.247146801,33403.57992,606844.2,2018,11,PCS,Unknown,600ML,Steel,,,3102091.62,115.81883288530466,Other,General,0.24320001100331765,No
INNSA1,2018-11-03,301049751,73239990,STAINLESS STEEL SPORTS BOTTLE 600ML S115-NP-21 (TOTAL NET WT.1318.18 KGS)(NOT VACUUM BOTTLE)(MILD STEEL),,,,,,,,,7164.0,PCS,93.25547599,668082.23,1.248399946,8943.537216,162477.6,2018,11,PCS,Unknown,600ML,Steel,,,830559.83,115.93520798436627,Other,General,0.2432000024907114,No
INNSA1,2018-11-03,301049751,73239990,STAINLESS STEEL SPORTS BOTTLE 750ML S-308-C6-NP-20(TOTAL NETWT.3674.52 KGS)(NOT VACUUM BOTTLE)(MILD STEEL),,,,,,,,,21240.0,PCS,81.61780932,1733562.27,1.092607889,23206.99157,421602.3,2018,11,PCS,Unknown,750ML,Steel,,,2155164.57,101.46725847457627,Other,General,0.24319997458181875,No
INNSA1,2018-10-31,301049751,73239990,KWB-600F STAINLESS STEEL SPORTS BOTTLE -,,,,,,,,,50400.0,PCS,80.86887381,4075791.24,1.088410145,54855.87133,991232.4,2018,10,PCS,Unknown,,Steel,,,5067023.640000001,100.53618333333334,Other,General,0.24319999274545767,No
INNSA1,2018-10-31,301049751,73239990,KWP-1000B-SS OIL POT 1000ML -,,,,,,,,,27000.0,PCS,116.8105956,3153886.08,1.572147989,42447.99569,767025.1,2018,10,PCS,Unknown,1000ML,General,,,3920911.18,145.2189325925926,Other,General,0.24320000169441755,No
INNSA1,2018-10-26,301049751,73239990,STEEL ZHARA WAN-MP-263 (TOTAL NT WT.2822.40 KGS)(MILD STEEL) - -DPD CLIENT,,,,,,,,,29400.0,PCS,37.83477755,1112342.46,0.509216387,14970.96178,270521.6,2018,10,PCS,Unknown,2822.40KG,Steel,,,1382864.06,47.0361925170068,Other,General,0.2431999224411518,No
INNSA1,2018-10-26,301049751,73239990,STEEL PEELER-MP-196 (TOTAL NET WT.1387.58 KGS) (MILD STEEL) -,,,,,,,,,21024.0,PCS,38.87829433,817377.26,0.523261027,11001.03984,198786.2,2018,10,PCS,Unknown,1387.58KG,Steel,,,1016163.46,48.33349790715373,Other,General,0.24320006162148433,No
INNSA1,2018-10-26,301049751,73239990,STEEL ZHARA WAN -MP-263 (TOTAL NET WT.2419.20 KGS) (MILD STE - EL),,,,,,,,,25200.0,PCS,36.59596548,922218.33,0.492543277,12412.09058,224283.5,2018,10,PCS,Unknown,2419.20KG,Steel,,,1146501.83,45.49610436507937,Other,General,0.2432000023248291,No
INNSA1,2018-10-26,301049751,73239990,STEEL TEA STRAINER- NP-55 (TOTAL NET WT.2368.80 KGS) (MILD S - TEEL),,,,,,,,,50400.0,PCS,24.00380516,1209791.78,0.323066018,16282.52732,294221.4,2018,10,PCS,Unknown,2368.80KG,Steel,,,1504013.1800000002,29.841531349206353,Other,General,0.2432000323229176,No
INNSA1,2018-10-26,301049751,73239990,STEEL LUNCH BOX 2LAYERS-8504 (TOTAL NET.WT.10601.78 KGS) (MI - LD STEEL)-DPD CLIENT,,,,,,,,,22164.0,PCS,187.8804367,4164182.0,2.528673442,56045.51817,1012729.0,2018,10,PCS,Unknown,2L,Steel,,,5176911.0,233.57295614510016,Other,General,0.24319998501506418,No
INNSA1,2018-10-15,301049751,73239990,STEEL HOOK 3 PCS SET-2628(TOTAL 68760 SET) (MILD STEEL)-DPD - CLIENT,,,,,,,,,2330.2,KGS,1039.764866,2422860.09,13.93786683,32478.01729,589239.6,2018,10,KG,Unknown,,Steel,,,3012099.69,1292.6356922152606,Other,General,0.24320001077734538,No
INNSA1,2018-10-13,301049751,73239990,STEEL ZHARA WAN -MP-263 (TOTAL NET WT.4645.20 KGS) (MILD STE - EL),,,,,,,,,47400.0,PCS,36.58892468,1734315.03,0.490468159,23248.19075,421785.5,2018,10,PCS,Unknown,4645.20KG,Steel,,,2156100.5300000003,45.4873529535865,Other,General,0.2432000488400311,No
INNSA1,2018-10-10,301049751,73239990,RYX-02-021A MILD STEEL MULTI FUNCTION CLOTH STAND (OTHER ART - ICLES OF HOUSEHOLD OF IRON & STEEL),,,,,,,,,2592.0,PCS,708.856713,1837356.6,9.50210071,24629.44504,446845.2,2018,10,PCS,Unknown,,Steel,,,2284201.8000000003,881.2506944444445,Other,General,0.2432000407542009,No
INNSA1,2018-10-08,301049751,73239990,STEEL PEELER-MP-196 (TOTAL NET WT.2414.88 KGS) (MILD STEEL) -,,,,,,,,,30960.0,PCS,39.14738211,1212002.95,0.524763835,16246.68834,294759.1,2018,10,PCS,Unknown,2414.88KG,Steel,,,1506762.0499999998,48.66802487080103,Other,General,0.24319998561059608,No
INNSA1,2018-10-08,301049751,73239990,STAINLESS STEEL SPORTS BOTTLE 600ML S115-NP-21 (TOTAL NET WT - .6326.64 KGS)(NOT VACUUM BOTTLE)(MILD STEEL),,,,,,,,,36360.0,PCS,92.9337863,3379072.47,1.245761211,45295.87761,821790.4,2018,10,PCS,Unknown,600ML,Steel,,,4200862.87,115.53528245324533,Other,General,0.24319999268911802,No
INNSA1,2018-10-03,301049751,73239990,RYX-02-021A MILD STEEL MULTI FUNCTION CLOTH STAND (OTHER ART - ICLES OF HOUSEHOLD OF IRON & STEEL),,,,,,,,,2592.0,PCS,699.8309799,1813961.9,9.502117854,24629.48948,441155.5,2018,10,PCS,Unknown,,Steel,,,2255117.4,870.0298611111111,Other,General,0.24319998121239483,No
INNSA1,2018-10-03,301049751,73239990,STEEL PEELER -MP-196 (TOTAL NET WT.580.32 KGS) (MILD STEEL) -,,,,,,,,,7440.0,PCS,38.39010887,285622.41,0.52125063,3878.104684,69463.3,2018,10,PCS,Unknown,580.32KG,Steel,,,355085.70999999996,47.72657392473118,Other,General,0.24319975452906517,No
INNSA1,2018-10-03,301049751,73239990,RYX-02-020 MILD STEEL MULTI FUNCTION CLOTH STAND (OTHER ARTI - CLES OF HOUSEHOLD OF IRON & STEEL),,,,,,,,,1232.0,PCS,1113.291177,1371574.73,15.11596982,18622.87481,333567.0,2018,10,PCS,Unknown,,Steel,,,1705141.73,1384.043612012987,Other,General,0.2432000187113392,No
INNSA1,2018-10-01,301049751,73239990,STAINLESS STEEL GRATER WITH HANDLE -DS-25 (TOTAL NET WT.1734 - KGS) (MILD STEEL),,,,,,,,,51000.0,PCS,16.13491549,822880.69,0.219075567,11172.8539,200124.6,2018,10,PCS,Unknown,,Steel,,,1023005.2899999999,20.05892725490196,Other,General,0.24320001967721472,No
INNSA1,2018-10-01,301049751,73239990,STAINLESS STEEL SPORTS BOTTLE 600ML S115-NP-21 (TOTAL NET WT - .5537.38KGS)(NOT VACUUM BOTTLE)(MILD STEEL),,,,,,,,,31824.0,PCS,93.20184641,2966055.56,1.265469741,40272.30903,721344.8,2018,10,PCS,Unknown,600ML,Steel,,,3687400.3600000003,115.86853821015586,Other,General,0.24320002960430048,No
INNSA1,2018-10-01,301049751,73239990,STEEL HOOK 4PCS SET-SL-172 (TOTAL NET WT.54 KGS) (MILD STEE - L),,,,,,,,,1200.0,SET,20.84415,25012.98,0.283016293,339.6195519,6083.1,2018,10,SET,Unknown,54KG,Steel,,,31096.08,25.913400000000003,Other,General,0.2431977317376818,No
INNSA1,2018-10-01,301049751,73239990,STAINLESS STEEL SPORTS BOTTLE 750ML S-308-C6-NP-20(TOTAL NET - WT.5.98 KGS)(NOT VACUUM BOTTLE)(MILD STEEL),,,,,,,,,36.0,PCS,86.03833333,3097.38,1.168205476,42.05539715,753.3,2018,10,PCS,Unknown,750ML,Steel,,,3850.6800000000003,106.96333333333334,Other,General,0.24320554791468915,No
INNSA1,2018-10-01,301049751,73239990,STEEL ROUND CONTAINER 730ML-6858 (TOTAL NET.WT.3470.60KGS) ( - MILD STEEL),,,,,,,,,17760.0,PCS,82.86492793,1471681.12,1.125117827,19982.0926,357912.8,2018,10,PCS,Unknown,730ML,Steel,,,1829593.9200000002,103.01767567567569,Other,General,0.24319996712331265,No
INNSA1,2018-09-26,301049751,73239990,STEEL ZHARA- NP-003 (MILD STEEL) (TOTAL NET WT.2566.80 KGS),,,,,,,,,27600.0,PCS,33.51151957,924917.94,0.455010449,12558.28839,224940.1,2018,9,PCS,Unknown,2566.80KG,Steel,,,1149858.04,41.6615231884058,Other,General,0.24320006161843938,No
INNSA1,2018-09-25,301049751,73239990,STEEL TEA STRAINER-NP-55 (TOTAL NET WT.2318.40 KGS) (MILD ST - EEL),,,,,,,,,50400.0,PCS,23.5919619,1189034.88,0.320325348,16144.39756,289173.3,2018,9,PCS,Unknown,2318.40KG,Steel,,,1478208.18,29.32952738095238,Other,General,0.24320001445205713,No
INNSA1,2018-09-25,301049751,73239990,STEEL WALL HANGER HOOK-SL-89 (TOTAL NET WT.9390.60 KGS) (MIL - D STEEL),,,,,,,,,39960.0,PCS,82.57186662,3299571.79,1.121138718,44800.70319,802455.9,2018,9,PCS,Unknown,9390.60KG,Steel,,,4102027.69,102.6533455955956,Other,General,0.24320001232644797,No
INNSA1,2018-09-24,301049751,73239990,STAINLESS STEEL SPORTS BOTTLE 750ML S-308-C6-NP-20 (TOTAL NET WT.1509.01 KGS)(NOT VACUUM BOTTLE)(MILD STEEL)(DPD CLIENT),,,,,,,,,9036.0,PCS,85.80915449,775371.52,1.165093747,10527.7871,188570.4,2018,9,PCS,Unknown,750ML,Steel,,,963941.92,106.67794599380257,Other,General,0.24320005975973943,No
INNSA1,2018-09-24,301049751,73239990,STAINLESS STEEL COLA BOTTLE 750ML SK750-SL-01 (TOTAL NET WT.5844.60 KGS)(NOT VACUUM BOTTLE)(MILD STEEL),,,,,,,,,30600.0,PCS,99.79566797,3053747.44,1.354998886,41462.96592,742671.4,2018,9,PCS,Unknown,750ML,Steel,,,3796418.84,124.06597516339869,Other,General,0.24320000739812328,No
INNSA1,2018-09-24,301049751,73239990,RYX-02-021A MILD STEEL MULTI FUNCTION CLOTH STAND (OTHER ARTICLES OF HOUSEHOLD OF IRON & STEEL),,,,,,,,,2592.0,PCS,699.8213349,1813936.9,9.501986896,24629.15003,441149.5,2018,9,PCS,Unknown,,Steel,,,2255086.4,870.0179012345678,Other,General,0.24320002531510332,No
INNSA1,2018-09-24,301049751,73239990,STEEL LUNCH BOX -6900(TOTAL NET.WT.1854.60KGS) (MILD STEEL) -,,,,,,,,,15840.0,PCS,59.45097601,941703.46,0.80720945,12786.19769,229022.2,2018,9,PCS,Unknown,1854.60KG,Steel,,,1170725.66,73.90944823232323,Other,General,0.24319991348444236,No
INNSA1,2018-09-24,301049751,73239990,STAINLESS STEEL SPORTS BOTTLE 600ML S115-NP-21 (TOTAL NET WT.92.88 KGS)(NOT VACUUM BOTTLE)(MILD STEEL),,,,,,,,,540.0,PCS,94.88148148,51236.0,1.288275377,695.6687033,12460.6,2018,9,PCS,Unknown,600ML,Steel,,,63696.6,117.95666666666666,Other,General,0.24320009368412834,No
INNSA1,2018-09-18,301049751,73239990,STEEL LUNCH BOX 2LAYER-8504 (TOTAL NET.WT.10532.90KGS) (MILDSTEEL)-DPD CLIENT,,,,,,,,,22020.0,PCS,182.9397911,4028334.2,2.521568451,55524.93728,979690.8,2018,9,PCS,Unknown,2L,Steel,,,5008025.0,227.430744777475,Other,General,0.24319998077617294,No
INNSA1,2018-09-18,301049751,73239990,STEEL LUNCH BOX 3LAYER-8505 (TOTAL NET WT.9608.30 KGS) (MILDSTEEL),,,,,,,,,14820.0,PCS,253.9204298,3763100.77,3.499937007,51869.06644,915186.1,2018,9,PCS,Unknown,3L,Steel,,,4678286.87,315.6738778677463,Other,General,0.243199998069677,No
INNSA1,2018-09-17,301049751,73239990,STEEL SPOON HOLDER ROUND -MP-96 (MILD STEEL) (TOTAL NET WT.2236.18 KGS) (DPD CLIENT),,,,,,,,,10548.0,PCS,53.7290273,566733.78,0.740579287,7811.630324,137829.6,2018,9,PCS,Unknown,2236.18KG,Steel,,,704563.38,66.79592150170649,Other,General,0.24319990243037923,No
INNSA1,2018-09-17,301049751,73239990,STEEL ZHARA-NP-003 (MILD STEEL) (TOTAL NET WT.1692 KGS),,,,,,,,,18000.0,PCS,32.72447889,589040.62,0.451061046,8119.098828,143254.7,2018,9,PCS,Unknown,1692KG,Steel,,,732295.3200000001,40.68307333333334,Other,General,0.2432000360178896,No
INNSA1,2018-09-17,301049751,73231000,STEEL SCRUBBER -ANG537 (TOTAL NET WT.5831.10 KGS)(MILD STEEL) (DPD CLIENT),,,,,,,,,270864.0,PCS,4.919737101,1332579.67,0.067811676,18367.74183,412833.2,2018,9,PCS,Unknown,5831.10KG,Steel,,,1745412.8699999999,6.443871721601984,Other,General,0.30980001368323445,No
INNSA1,2018-09-17,301049751,73239990,STEEL LUNCH BOX 3 LAYER -8505 (TOTAL NET.WT. 1174.78 KGS) (MILD STEEL),,,,,,,,,1812.0,PCS,253.7221302,459744.5,3.497203725,6336.93315,111809.8,2018,9,PCS,Unknown,3L,Steel,,,571554.3,315.4273178807947,Other,General,0.24319986427243828,No
INNSA1,2018-09-17,301049751,73239990,STEEL LUNCH BOX -6561 (TOTAL NET.WT. 2469.60 KGS) (MILD STEEL),,,,,,,,,6480.0,PCS,191.5711759,1241381.22,2.640539985,17110.6991,301903.9,2018,9,PCS,Unknown,2469.60KG,Steel,,,1543285.12,238.1612839506173,Other,General,0.243199989766238,No
INNSA1,2018-09-17,301049751,73239990,STEEL CONTAINER ROUND-6857(TOTAL NET WT.3029.40 KGS) (MILD STEEL)(DPD CLIENT),,,,,,,,,23760.0,PCS,61.41976599,1459333.64,0.846585334,20114.86754,354909.9,2018,9,PCS,Unknown,3029.40KG,Steel,,,1814243.54,76.35705134680134,Other,General,0.2431999717350448,No
INNSA1,2018-09-17,301049751,73239990,STEEL LUNCH BOX -6900(TOTAL NET.WT. 2686.36 KGS) (MILD STEEL),,,,,,,,,22944.0,PCS,58.275659,1337076.72,0.803248229,18429.72736,325177.1,2018,9,PCS,Unknown,2686.36KG,Steel,,,1662253.8199999998,72.4483010808926,Other,General,0.2432000311844484,No
INNSA1,2018-09-10,301049751,73239990,STAINLESS STEEL SPORTS BOTTLE 750ML S-308-C6-NP-20 (TOTAL NET WT.3585.60 KGS)(NOT VACUUM BOTTLE)(MILD STEEL)(DPD CLIENT),,,,,,,,,21600.0,PCS,84.6257537,1827916.28,1.166447329,25195.2623,444549.3,2018,9,PCS,Unknown,750ML,Steel,,,2272465.58,105.20673981481482,Other,General,0.2432000332093984,No
INNSA1,2018-09-10,301049751,73239990,STAINLESS STEEL SPORTS BOTTLE 600ML S115-NP-21 (TOTAL NET WT. 3609.94KGS)(NOT VACUUM BOTTLE)(MILD STEEL),,,,,,,,,20988.0,PCS,93.57297027,1963909.5,1.289772161,27069.73811,477622.7,2018,9,PCS,Unknown,600ML,Steel,,,2441532.2,116.32991233085573,Other,General,0.2431999539693657,No
INNSA1,2018-09-08,301049751,73239990,STEEL SPOON HOLDER ROUND -MP-96 (TOTAL NET WT.1034.21 KGS) (MILD STEEL),,,,,,,,,4788.0,PCS,54.64257101,261628.63,0.753171206,3606.183735,63628.1,2018,9,PCS,Unknown,1034.21KG,Steel,,,325256.73,67.93164786967418,Other,General,0.24320006568088515,No
INNSA1,2018-09-03,301049751,73239990,STAINLESS STEEL SPORTS BOTTLE 750ML SG-702-SB-01(TOTAL NET WT.2016 KGS)(NOT VACUUM BOTTLE)(MILD STEEL)-DPD CLIENT,,,,,,,,,12600.0,PCS,97.22706508,1225061.02,1.36746927,17230.1128,297934.8,2018,9,PCS,Unknown,750ML,Steel,,,1522995.82,120.87268412698413,Other,General,0.2431999672963229,No
INNSA1,2018-09-03,301049751,73239990,STEEL ZHARA-NP-003 (TOTAL NET WT.2256 KGS) (MILD STEEL),,,,,,,,,24000.0,PCS,32.17004333,772081.04,0.452461932,10859.08636,187770.1,2018,9,PCS,Unknown,2256KG,Steel,,,959851.14,39.9937975,Other,General,0.24319998843644702,No
INNSA1,2018-09-03,301049751,73239990,STEEL TEA STRAINER-NP-55 (TOTAL NET WT.2368.80KGS) (MILD STEEL),,,,,,,,,50400.0,PCS,23.03685258,1161057.37,0.324006365,16329.92082,282369.1,2018,9,PCS,Unknown,2368.80KG,Steel,,,1443426.4700000002,28.639414087301592,Other,General,0.24319995488250504,No
INNSA1,2018-09-03,301049751,73239990,STAINLESS STEEL SPORTS BOTTLE 600ML S115-NP-21 (TOTAL NET WT.4185.79 KGS)(NOT VACUUM BOTTLE)(MILD STEEL),,,,,,,,,24336.0,PCS,91.74433555,2232690.15,1.290356337,31402.11181,542990.2,2018,9,PCS,Unknown,600ML,Steel,,,2775680.3499999996,114.05655613083496,Other,General,0.24319998007784466,No
INNSA1,2018-09-03,301049751,73239990,STAINLESS STEEL SPORTS BOTTLE 750ML S-308-C6-NP-20 (TOTAL NET WT.1165.32 KGS)(NOT VACUUM BOTTLE)(MILD STEEL)-,,,,,,,,,7020.0,PCS,82.97196866,582463.22,1.166975649,8192.169058,141655.0,2018,9,PCS,Unknown,750ML,Steel,,,724118.22,103.15074358974358,Other,General,0.24319990539488487,No
INNSA1,2018-08-30,301049751,73239990,RYX-02-020 MILD STEEL MULTI FUNCTION CLOTH STAND (OTHER ARTICLES OF HOUSEHOLD OF IRON & STEEL),,,,,,,,,1232.0,PCS,1076.178344,1325851.72,15.13612298,18647.70352,322447.2,2018,8,PCS,Unknown,,Steel,,,1648298.92,1337.9049675324675,Other,General,0.24320004653310706,No
INNSA1,2018-08-29,301049751,73239990,KWB-600F STAINLESS STEEL SPORTS BOTTLE,,,,,,,,,50544.0,PCS,82.37398425,4163510.66,1.158565179,58558.51842,1012565.8,2018,8,PCS,Unknown,,Steel,,,5176076.46,102.4073373694207,Other,General,0.24320000179848225,No
INNSA1,2018-08-28,301049751,73239990,STEEL LUNCH BOX -6900(TOTAL NET.WT. 255.71KGS) (MILD STEEL)(DPD CLIENT),,,,,,,,,2184.0,PCS,57.88220238,126414.73,0.814095673,1777.984951,30744.0,2018,8,PCS,Unknown,255.71KG,Steel,,,157158.72999999998,71.95912545787544,Other,General,0.24319950689290717,No
INNSA1,2018-08-28,301049751,73239990,STEEL LUNCH BOX -6900(TOTAL NET.WT. 3057.28KGS) (MILD STEEL),,,,,,,,,26112.0,PCS,57.2273809,1494321.37,0.804885807,21017.1782,363418.9,2018,8,PCS,Unknown,3057.28KG,Steel,,,1857740.27,71.14507774203432,Other,General,0.24319996173246186,No
INNSA1,2018-08-28,301049751,73239990,STEEL LUNCH BOX -6111(TOTAL NET.WT. 1134.00KGS) (MILD STEEL),,,,,,,,,6720.0,PCS,85.44615179,574198.14,1.201774287,8075.923207,139645.0,2018,8,PCS,Unknown,1134.00KG,Steel,,,713843.14,106.22665773809524,Other,General,0.24320002151173808,No
INNSA1,2018-08-28,301049751,73239990,STEEL LUNCH BOX -6950(TOTAL NET.WT. 2095.20KGS) (MILD STEEL),,,,,,,,,6480.0,PCS,172.328375,1116687.87,2.423746484,15705.87722,271578.5,2018,8,PCS,Unknown,2095.20KG,Steel,,,1388266.37,214.23863734567902,Other,General,0.2432000089693819,No
INNSA1,2018-08-28,301049751,73239990,STEEL CONTAINER ROUND-6857(TOTAL NET WT.3090.60KGS) (MILD STEEL)(DPD CLIENT),,,,,,,,,24240.0,PCS,60.31493111,1462033.93,0.848311267,20563.06512,355566.6,2018,8,PCS,Unknown,3090.60KG,Steel,,,1817600.5299999998,74.98352021452145,Other,General,0.24319996458632118,No
INNSA1,2018-08-28,301049751,73239990,STEEL LUNCH BOX -6900(TOTAL NET.WT. 193.89KGS) (MILD STEEL)(DPD CLIENT),,,,,,,,,1656.0,PCS,57.8615157,95818.67,0.813804722,1347.660619,23303.2,2018,8,PCS,Unknown,193.89KG,Steel,,,119121.87,71.93349637681159,Other,General,0.24320103796055614,No
INNSA1,2018-08-28,301049751,73239990,STEEL LUNCH BOX-6527 (TOTAL NET WT.4375 KGS) (MILD STEEL),,,,,,,,,10500.0,PCS,162.6802229,1708142.34,2.288048141,24024.50549,415420.2,2018,8,PCS,Unknown,4375KG,Steel,,,2123562.54,202.24405142857142,Other,General,0.24319998999614983,No
INNSA1,2018-08-27,301049751,73239990,KIDS STEEL BOWL-HLG00020-2 (MILD STEEL) (TOTAL NET WT.158.40KGS),,,,,,,,,960.0,PCS,104.9557188,100757.49,1.476170447,1417.123629,24504.2,2018,8,PCS,Unknown,158.40KG,Steel,,,125261.69,130.48092708333334,Other,General,0.24319978594147193,No
INNSA1,2018-08-27,301049751,73239990,KIDS STEEL BOWL -HLG0001-2 (MILD STEEL) (TOTAL NET WT.264.96 KGS),,,,,,,,,1920.0,PCS,74.43667708,142918.42,1.046929354,2010.10436,34757.7,2018,8,PCS,Unknown,264.96KG,Steel,,,177676.12,92.53964583333332,Other,General,0.2431995819713092,No
INNSA1,2018-08-20,301049751,73239990,STEEL ZHARA -NP-003 (TOTAL NET WT. 1382.40 KGS)(MILD STEEL),,,,,,,,,14400.0,PCS,32.2596125,464538.42,0.453721695,6533.592405,112975.7,2018,8,PCS,Unknown,1382.40KG,Steel,,,577514.12,40.10514722222222,Other,General,0.2431999058334077,No
INNSA1,2018-08-20,301049751,73239990,STEEL HOOK 3PCS SET-2628 (MILD STEEL) (TOTAL NET WT.2330.20KGS),,,,,,,,,68760.0,SET,33.33225131,2291925.6,0.468808035,32235.24051,557396.4,2018,8,SET,Unknown,2330.20KG,Steel,,,2849322.0,41.43865619546248,Other,General,0.2432000410484529,No
INNSA1,2018-08-20,301049751,73239990,STEEL GARLIC CRUSHER-SL-159 (MILD STEEL) (TOTAL NET WT.40.80KGS),,,,,,,,,240.0,PCS,106.7929167,25630.3,1.50201008,360.4824191,6233.3,2018,8,PCS,Unknown,40.80KG,Steel,,,31863.6,132.765,Other,General,0.24320043074017864,No
INNSA1,2018-08-20,301049751,73239990,STEEL WALL HANGER HOOK-SL-89 (TOTAL NET WT. 1706.40 KGS)(MILD STEEL),,,,,,,,,7200.0,PCS,81.58463472,587409.37,1.147463217,8261.735162,142857.9,2018,8,PCS,Unknown,1706.40KG,Steel,,,730267.27,101.42600972222222,Other,General,0.24319989992668997,No
INNSA1,2018-08-20,301049751,73239990,STEEL PEELER -MP-196 (MILD STEEL)(TOTAL NET WT.4488 KGS),,,,,,,,,52800.0,PCS,37.41485511,1975504.35,0.526228623,27784.87131,480442.6,2018,8,PCS,Unknown,4488KG,Steel,,,2455946.95,46.51414678030304,Other,General,0.24319997068090482,No
INNSA1,2018-08-16,301049751,73239990,RYX-02-020 MILD STEEL MULTI FUNCTION CLOTH STAND (OTHER ARTICLES OF HOUSEHOLD OF IRON & STEEL),,,,,,,,,2464.0,PCS,1057.735471,2606260.2,15.27415842,37635.52635,633842.5,2018,8,PCS,Unknown,,Steel,,,3240102.7,1314.97674512987,Other,General,0.24320000742826828,No
INNSA1,2018-08-14,301049751,73231000,8001-1PCS - STEEL SCRUBBER (MADE UP MILD STEEL) (NET WEIGHT:4581 KGS),,,,,,,,,305400.0,PCS,7.022338736,2144622.25,0.101405614,30969.27437,664403.9,2018,8,PCS,Unknown,4581KG,Steel,,,2809026.15,9.197859037328094,Other,General,0.3097999659380574,No
INNSA1,2018-08-13,301049751,73239990,STEEL LUNCH BOX 2LAYER-8504 (TOTAL NET.WT.10532.9KGS) (MILDSTEEL)-DPD CLIENT,,,,,,,,,22020.0,PCS,174.9696871,3852832.51,2.526638081,55636.57054,937008.9,2018,8,PCS,Unknown,2L,Steel,,,4789841.41,217.52231653042688,Other,General,0.2432000087125511,No
INNSA1,2018-08-13,301049751,73239990,STAINLESS STEEL SPORTS BOTTLE 750ML S-308-C6-NP-20 (TOTAL NET WT.6890.32 KGS)(NOT VACUUM BOTTLE)(MILD STEEL)-DPD CLIENT,,,,,,,,,41508.0,PCS,81.06695914,3364927.34,1.170642009,48591.00852,818350.3,2018,8,PCS,Unknown,750ML,Steel,,,4183277.6399999997,100.782442902573,Other,General,0.24319999135553402,No
INNSA1,2018-08-13,301049751,73239990,STEEL LUNCH BOX 3LAYER-8505 (TOTAL NET WT.10783.08 KGS) (MILD STEEL),,,,,,,,,16632.0,PCS,242.8579251,4039213.01,3.506973647,58327.9857,982336.6,2018,8,PCS,Unknown,3L,Steel,,,5021549.609999999,301.9209722222222,Other,General,0.24319999900178577,No
INNSA1,2018-08-07,301049751,73239990,STEEL PIZZA CUTTER-RJ-388 (TOTAL NET WT.531.36 KGS) (MILD STEEL),,,,,,,,,5904.0,PCS,35.73043191,210952.47,0.515962916,3046.245054,51303.6,2018,8,PCS,Unknown,531.36KG,Steel,,,262256.07,44.42006605691057,Other,General,0.24319980704658256,No
INNSA1,2018-08-07,301049751,73239990,STEEL WALL HANGER HOOK -SL-89 (TOTAL NET WT.2986.20 KGS) (MILD STEEL),,,,,,,,,12600.0,PCS,81.20552619,1023189.63,1.172642977,14775.30152,248839.8,2018,8,PCS,Unknown,2986.20KG,Steel,,,1272029.43,100.95471666666666,Other,General,0.2432000801259098,No
INNSA1,2018-08-06,301049751,73239990,KWP-600B-SS OIL POT 600ML,,,,,,,,,16000.0,PCS,95.9244375,1534791.0,1.385190433,22163.04693,373261.2,2018,8,PCS,Unknown,600ML,General,,,1908052.2,119.25326249999999,Other,General,0.24320001876476993,No
INNSA1,2018-08-01,301049751,73239990,STAINLESS STEEL COLA BOTTLE 750ML SK750 -SL-01 (TOTAL NET WT.3352.32 KGS) (NOT VACUUM BOTTLE) (MILD STEEL)-DPD CLIENT,,,,,,,,,17280.0,PCS,98.10715278,1695291.6,1.409585528,24357.63793,412294.9,2018,8,PCS,Unknown,750ML,Steel,,,2107586.5,121.96681134259259,Other,General,0.24319998990144231,No
INNSA1,2018-08-01,301049751,73239990,STAINLESS STEEL SPORTS BOTTLE 600ML S115-NP-21 (TOTAL NET WT.3294.144 KGS)(NOT VACUUM BOTTLE)(MILD STEEL),,,,,,,,,19152.0,PCS,89.87188074,1721226.26,1.291262654,24730.26236,418602.2,2018,8,PCS,Unknown,600ML,Steel,,,2139828.46,111.72872076023391,Other,General,0.24319998464350642,No
INNSA1,2018-08-01,301049751,73231000,STEEL SCRUBBER-GS21 (TOTAL NET WT.306 KGS) (MILD STEEL),,,,,,,,,6000.0,PCS,17.253965,103523.79,0.247901796,1487.410776,32071.7,2018,8,PCS,Unknown,306KG,Steel,,,135595.49,22.599248333333332,Other,General,0.30980028841679774,No
INNSA1,2018-08-01,301049751,73239990,STEEL TEA STRAINER-NP-55 (TOTAL NET WT.2268 KGS) (MILD STEEL),,,,,,,,,50400.0,PCS,23.1261131,1165556.1,0.33227174,16746.49569,283463.3,2018,8,PCS,Unknown,2268KG,Steel,,,1449019.4000000001,28.750384920634925,Other,General,0.243200048457556,No
INNSA1,2018-07-28,301049751,73239990,KWP-1000B-SS OIL POT 1000ML,,,,,,,,,27000.0,PCS,116.2931389,3139914.75,1.670878432,45113.71767,763627.2,2018,7,PCS,Unknown,1000ML,General,,,3903541.95,144.57562777777778,Other,General,0.24319997859814504,No
INNSA1,2018-07-24,301049751,73231000,8001-1PCS - STEEL SCRUBBER,,,,,,,,,259800.0,SET,7.045251771,1830356.41,0.101224882,26298.22428,567044.4,2018,7,SET,Unknown,,Steel,,,2397400.81,9.227870708237106,Other,General,0.3097999913579673,No
INNSA1,2018-07-24,301049751,73231000,STEEL SCRUBBER -ANG537 (TOTAL NET WT.5719.50KGS)(MILD STEEL)(DPD CLIENT),,,,,,,,,265680.0,PCS,4.756953139,1263827.31,0.068347028,18158.43836,391533.7,2018,7,PCS,Unknown,5719.50KG,Steel,,,1655361.01,6.230657219211081,Other,General,0.30979999949518416,No
INNSA1,2018-07-24,301049751,73231000,8001-2 PCS - STEEL SCRUBBER 2PCS SET,,,,,,,,,30000.0,SET,12.681453,380443.59,0.182204784,5466.143534,117861.4,2018,7,SET,Unknown,,Steel,,,498304.99,16.610166333333332,Other,General,0.3097999364373572,No
INNSA1,2018-07-23,301049751,73239990,STAINLESS STEEL SPORTS BOTTLE 750ML S-308-C6-NP-20 (TOTAL NET WT. 2055.24 KGS)(NOT VACUUM BOTTLE)(MILD STEEL)-,,,,,,,,,11880.0,PCS,81.34374411,966363.68,1.168731956,13884.53563,235019.6,2018,7,PCS,Unknown,750ML,Steel,,,1201383.28,101.12653872053872,Other,General,0.24319995138890152,No
INNSA1,2018-07-23,301049751,73239990,STAINLESS STEEL SPORTS BOTTLE 600ML S115-NP-21 (TOTAL NET WT.66.24 KGS)(NOT VACUUM BOTTLE)(MILD STEEL),,,,,,,,,360.0,PCS,89.94397222,32379.83,1.292298451,465.2274425,7874.8,2018,7,PCS,Unknown,600ML,Steel,,,40254.630000000005,111.81841666666668,Other,General,0.24320078270948303,No
INNSA1,2018-07-23,301049751,73239990,STEEL ZHARA-NP-003 (TOTAL NET WT.4085.64 KGS) (MILD STEEL),,,,,,,,,42120.0,PCS,32.47571557,1367877.14,0.466605109,19653.40718,332667.7,2018,7,PCS,Unknown,4085.64KG,Steel,,,1700544.8399999999,40.37380911680911,Other,General,0.24319998505128906,No
INNSA1,2018-07-23,301049751,73239990,STAINLESS STEEL COLA BOTTLE 750ML SK750 -SL-01 (TOTAL NET WT.2857.68 KGS) (NOT VACUUM BOTTLE) (MILD STEEL),,,,,,,,,15120.0,PCS,98.18584061,1484569.91,1.410716101,21330.02744,361047.4,2018,7,PCS,Unknown,750ML,Steel,,,1845617.31,122.06463690476191,Other,General,0.24319999857736577,No
INNSA1,2018-07-17,301049751,73239990,STEEL LUNCH BOX 2LAYER-8504 (TOTAL NET.WT.10532.9 KGS) (MILDSTEEL)-DPD CLIENT,,,,,,,,,22020.0,PCS,176.1571853,3878981.22,2.527362773,55652.52826,943368.2,2018,7,PCS,Unknown,2L,Steel,,,4822349.42,218.99861126248865,Other,General,0.24319999156892022,No
INNSA1,2018-07-17,301049751,73239990,STEEL WALL HANGER HOOK-SL-89 (TOTAL NET WT.3855.60 KGS) (MILD STEEL),,,,,,,,,16200.0,PCS,83.57875494,1353975.83,1.199121305,19425.76514,329287.0,2018,7,PCS,Unknown,3855.60KG,Steel,,,1683262.83,103.90511296296297,Other,General,0.2432000577144719,No
INNSA1,2018-07-17,301049751,73239990,STEEL LUNCH BOX 3LAYER-8505 (TOTAL NET WT.10783.08 KGS) (MILD STEEL),,,,,,,,,16632.0,PCS,244.506173,4066626.67,3.507979527,58344.71549,989003.7,2018,7,PCS,Unknown,3L,Steel,,,5055630.37,303.97007996633,Other,General,0.24320002307957125,No
INNSA1,2018-07-16,301049751,73239990,STAINLESS STEEL SPORTS BOTTLE 750ML S-308-C6-NP-20 (TOTAL NET WT. 7286.76 KGS)(NOT VACUUM BOTTLE)(MILD STEEL)-,,,,,,,,,42120.0,PCS,81.44147317,3430314.85,1.168457291,49215.42109,834252.5,2018,7,PCS,Unknown,750ML,Steel,,,4264567.35,101.24803774928775,Other,General,0.24319997915060187,No
INNSA1,2018-07-16,301049751,73239990,STAINLESS STEEL SPORTS BOTTLE 600ML S115-NP-21 (TOTAL NET WT.2848.32KGS)(NOT VACUUM BOTTLE)(MILD STEEL),,,,,,,,,15480.0,PCS,90.05202519,1394005.35,1.291994623,20000.07676,339022.1,2018,7,PCS,Unknown,600ML,Steel,,,1733027.4500000002,111.95267764857883,Other,General,0.2431999991965597,No
INNSA1,2018-07-16,301049751,73239990,STAINLESS STEEL COLA BOTTLE 750ML SK750 -SL-01 (TOTAL NET WT.1360.80KGS) (NOT VACUUM BOTTLE) (MILD STEEL),,,,,,,,,7200.0,PCS,98.30380417,707787.39,1.410384565,10154.76887,172133.9,2018,7,PCS,Unknown,750ML,Steel,,,879921.29,122.21129027777778,Other,General,0.24320000953958787,No
INNSA1,2018-07-13,301049751,73239990,RYX-02-021A MILD STEEL MULTI FUNCTION CLOTH STAND (OTHER ARTICLES OF HOUSEHOLD OF IRON & STEEL),,,,,,,,,5184.0,PCS,649.9747492,3369469.1,9.325319214,48342.45481,819454.9,2018,7,PCS,Unknown,,Steel,,,4188924.0,808.0486111111111,Other,General,0.24320000441612596,No
INNSA1,2018-07-05,301049751,73239990,RYX-02-021A MILD STEEL MULTI FUNCTION CLOTH STAND (OTHER ARTICLES OF HOUSEHOLD OF IRON & STEEL),,,,,,,,,5184.0,PCS,644.3803106,3340467.53,9.32533011,48342.51129,812401.8,2018,7,PCS,Unknown,,Steel,,,4152869.33,801.0936207561729,Other,General,0.24320002894924114,No
INNSA1,2018-07-03,301049751,73239990,STAINLESS STEEL SPORTS BOTTLE 600ML S115-NP-21 (TOTAL NET WT.4590.432 KGS)(NOT VACUUM BOTTLE)(MILD STEEL),,,,,,,,,27324.0,PCS,89.18133436,2436790.78,1.290612654,35264.70014,592627.5,2018,7,PCS,Unknown,600ML,Steel,,,3029418.28,110.87023422632117,Other,General,0.24319999273798962,No
INNSA1,2018-07-03,301049751,73239990,STEEL SPOON HOLDER ROUND-MP-96 (TOTAL NET WT.2654.57 KGS) (MILD STEEL),,,,,,,,,11592.0,PCS,51.96774845,602410.14,0.752065824,8717.947033,146506.1,2018,7,PCS,Unknown,2654.57KG,Steel,,,748916.24,64.60630089717046,Other,General,0.24319992356038364,No
INNSA1,2018-07-03,301049751,73239990,STEEL PIZZA CUTTER -RJ-388 (TOTAL NET WT.1749.60 KGS) (MILDSTEEL),,,,,,,,,19440.0,PCS,36.84985751,716361.23,0.533283032,10367.02214,174219.0,2018,7,PCS,Unknown,1749.60KG,Steel,,,890580.23,45.81174022633745,Other,General,0.2431999286170191,No
INNSA1,2018-07-03,301049751,73239990,STAINLESS STEEL SPORTS BOTTLE 750ML S-308-C6-NP-20 (TOTAL NET WT. 2529.108 KGS)(NOT VACUUM BOTTLE)(MILD STEEL)-DPD CLIEN,,,,,,,,,15516.0,PCS,80.65403583,1251428.02,1.167207465,18110.39103,304347.3,2018,7,PCS,Unknown,750ML,Steel,,,1555775.32,100.26909770559423,Other,General,0.24320000442374623,No
INNSA1,2018-06-25,301049751,73239990,STEEL SPOON HOLDER ROUND-MP-96 (TOTAL NET WT. 585.32 KGS) (D - PD CLIENT),,,,,,,,,2556.0,PCS,52.26910407,133599.83,0.756426976,1933.427352,32491.5,2018,6,PCS,Unknown,585.32KG,Steel,,,166091.33,64.98095852895148,Other,General,0.24320015976068235,No
INNSA1,2018-06-25,301049751,73239990,STEEL ZHARA-NP-003-NP-003 (TOTAL NET WT.3948 KGS) (MILD STEE - L),,,,,,,,,42000.0,PCS,33.39414929,1402554.27,0.483272783,20297.45687,341101.1,2018,6,PCS,Unknown,3948KG,Steel,,,1743655.37,41.51560404761905,Other,General,0.24319992979665592,No
INNSA1,2018-06-18,301049751,73239990,STAINLESS STEEL SPORTS BOTTLE 600ML S115-NP-21 (TOTAL NET WT - .2909.088 KGS)(NOT VACUUM BOTTLE)(MILD STEEL)-DPD CLIENT,,,,,,,,,17316.0,PCS,87.62716736,1517352.03,1.291483675,22363.33132,369020.0,2018,6,PCS,Unknown,600ML,Steel,,,1886372.03,108.93809367059367,Other,General,0.24319999097374917,No
INNSA1,2018-06-18,301049751,73239990,STAINLESS STEEL SPORTS BOTTLE 750ML S-308-C6-NP-20 (TOTAL NE - T WT.3114.00 KGS)(NOT VACUUM BOTTLE)(MILD STEEL),,,,,,,,,18000.0,PCS,79.24847389,1426472.53,1.167995194,21023.91349,346918.1,2018,6,PCS,Unknown,750ML,Steel,,,1773390.63,98.52170166666666,Other,General,0.24319998647292562,No
INNSA1,2018-06-18,301049751,73239990,STAINLESS STEEL COLA BOTTLE 750ML SK750 -SL-01 (TOTAL NET WT - .1230.12 KGS) (NOT VACUUM BOTTLE) (MILD STEEL),,,,,,,,,6120.0,PCS,94.26029902,576873.03,1.38924538,8502.181724,140295.5,2018,6,PCS,Unknown,750ML,Steel,,,717168.53,117.18440032679739,Other,General,0.24319996377712438,No
INNSA1,2018-06-13,301049751,73239990,RYX-02-020 MILD STEEL MULTI FUNCTION CLOTH STAND (OTHER ARTI - CLES OF HOUSEHOLD OF IRON & STEEL),,,,,,,,,1232.0,PCS,1033.244058,1272956.68,15.22835753,18761.33648,309583.1,2018,6,PCS,Unknown,,Steel,,,1582539.7799999998,1284.5290422077921,Other,General,0.24320002782812686,No
INNSA1,2018-06-13,301049751,73239990,RYX-02-021A MILD STEEL MULTI FUNCTION CLOTH STAND (OTHER ART - ICLES OF HOUSEHOLD OF IRON & STEEL),,,,,,,,,6480.0,PCS,629.9657731,4082178.21,9.284683466,60164.74886,992785.7,2018,6,PCS,Unknown,,Steel,,,5074963.91,783.1734429012346,Other,General,0.2431999900366917,No
INNSA1,2018-06-12,301049751,73239990,STEEL PEELER-MP-196(TOTAL NET WT.179.28 KGS) (MILD STEEL) -,,,,,,,,,2160.0,PCS,38.09446759,82284.05,0.561451254,1212.734709,20011.4,2018,6,PCS,Unknown,179.28KG,Steel,,,102295.45000000001,47.35900462962964,Other,General,0.2431990160912109,No
INNSA1,2018-06-05,301049751,73239990,STEEL CONTAINER ROUND-6856(TOTAL NET WT.3964.00KGS) (MILD ST - EEL) (DPD CLIENT),,,,,,,,,47568.0,PCS,41.81176757,1988902.16,0.609057066,28971.62651,483701.0,2018,6,PCS,Unknown,3964.00KG,Steel,,,2472603.16,51.980389337369665,Other,General,0.24319999732917985,No
INNSA1,2018-06-04,301049751,73239990,STEEL ROUND CONTAINER 730ML-LF-8 (TOTAL NET WT.48 KGS) (MILD - STEEL),,,,,,,,,240.0,PCS,88.16920833,21160.61,1.284329328,308.2390386,5146.3,2018,6,PCS,Unknown,730ML,Steel,,,26306.91,109.612125,Other,General,0.24320187366999343,No
INNSA1,2018-06-04,301049751,73239990,STEEL ROUND CONTAINER 420ML-LF-9(TOTAL NET WT.42KGS) (MILD S - TEEL),,,,,,,,,300.0,PCS,67.93363333,20380.09,0.989564943,296.8694829,4956.4,2018,6,PCS,Unknown,420ML,Steel,,,25336.489999999998,84.45496666666666,Other,General,0.24319814093068282,No
INNSA1,2018-06-04,301049751,73239990,STEEL PEELER-MP-196 (TOTAL NET WT.4900.32 KGS) (MILD STEEL) -,,,,,,,,,59040.0,PCS,38.63016277,2280724.81,0.562711767,33222.50269,554672.2,2018,6,PCS,Unknown,4900.32KG,Steel,,,2835397.01,48.02501710704607,Other,General,0.2431999676453732,No
INNSA1,2018-06-04,301049751,73239990,STAINLESS STEEL SPORTS BOTTLE 600ML S115-NP-21 (TOTAL NET WT - . 3628.80 KGS)(NOT VACCUM BOTTLE)(MILD STEEL),,,,,,,,,21600.0,PCS,88.58100324,1913349.67,1.290327797,27871.08041,465326.7,2018,6,PCS,Unknown,600ML,Steel,,,2378676.37,110.12390601851853,Other,General,0.24320003149241404,No
INNSA1,2018-06-04,301049751,73239990,STEEL TEA STRAINER-NP-55 (TOTAL NET WT.2419.20 KGS) (MILD ST - EEL) (DPD CLIENT),,,,,,,,,50400.0,PCS,24.08114048,1213689.48,0.350781362,17679.38063,295169.2,2018,6,PCS,Unknown,2419.20KG,Steel,,,1508858.68,29.937672222222222,Other,General,0.24319993281971927,No
INNSA1,2018-06-04,301049751,73239990,STAINLESS STEEL SPORTS BOTTLE 750ML S-308-C6-NP-20 (TOTAL NE - T WT. 2491.20 KGS)(NOT VACCUM BOTTLE)(MILD STEEL) (DPD CLIEN,,,,,,,,,14400.0,PCS,80.11110625,1153599.93,1.166949836,16804.07764,280555.5,2018,6,PCS,Unknown,750ML,Steel,,,1434155.43,99.59412708333333,Other,General,0.2431999974202495,No
INNSA1,2018-06-04,301049751,73239990,STAINLESS STEEL COLA BOTTLE 750ML SK750 -SL-01 (TOTAL NET WT - .1165.00 KGS) (NOT VACCUM BOTTLE) (MILD STEEL),,,,,,,,,5796.0,PCS,95.28633885,552279.62,1.388002023,8044.859723,134314.5,2018,6,PCS,Unknown,750ML,Steel,,,686594.12,118.45999309868876,Other,General,0.24320017457823268,No
INNSA1,2018-05-31,301049751,73239990,KWB-600F STAINLESS STEEL SPORTS BOTTLE -,,,,,,,,,50400.0,PCS,79.48987103,4006289.5,1.157900525,58358.18645,974329.7,2018,5,PCS,Unknown,,Steel,,,4980619.2,98.82180952380953,Other,General,0.24320002336326418,No
INNSA1,2018-05-29,301049751,73231000,8001- STEEL SCRUBBER 2PCS SET -,,,,,,,,,134400.0,SET,12.52905074,1683904.42,0.182506202,24528.8335,521673.5,2018,5,SET,Unknown,,Steel,,,2205577.92,16.41055,Other,General,0.3097999469589848,No
INNSA1,2018-05-29,301049751,73239990,RYX-02-020 MILD STEEL MULTI FUNCTION CLOTH STAND (OTHER ARTI - CLES OF HOUSEHOLD OF IRON & STEEL),,,,,,,,,2464.0,PCS,1043.942565,2572274.48,15.20673802,37469.40248,625577.1,2018,5,PCS,Unknown,,Steel,,,3197851.58,1297.829375,Other,General,0.24319997918729108,No
INNSA1,2018-05-29,301049751,73239990,RYX-02-021A MILD STEEL MULTI FUNCTION CLOTH STAND (OTHER ART - ICLES OF HOUSEHOLD OF IRON & STEEL),,,,,,,,,6480.0,PCS,636.4886173,4124446.24,9.271502073,60079.33343,1003065.3,2018,5,PCS,Unknown,,Steel,,,5127511.54,791.2826450617284,Other,General,0.24319999380086477,No
INNSA1,2018-05-28,301049751,73239990,STEEL ZHARA-NP-003 (TOTAL NET WT.4608 KGS) (MILD STEEL) -,,,,,,,,,48000.0,PCS,33.5236775,1609136.52,0.488327422,23439.71624,391342.1,2018,5,PCS,Unknown,4608KG,Steel,,,2000478.62,41.67663791666667,Other,General,0.2432000611110361,No
INNSA1,2018-05-28,301049751,73239990,STAINLESS STEEL COLA BOTTLE 750ML SK750 -SL-01 (TOTAL NET WT - .1932.01KGS) (NOT VACUUM BOTTLE) (MILD STEEL),,,,,,,,,9612.0,PCS,95.29614544,915986.55,1.388144872,13342.84851,222768.0,2018,5,PCS,Unknown,750ML,Steel,,,1138754.55,118.47217540574283,Other,General,0.24320007755572393,No
INNSA1,2018-05-28,301049751,73239990,STAINLESS STEEL SPORTS BOTTLE 600ML S115-NP-21 (TOTAL NET WT - . 5310.14 KGS)(NOT VACUUM BOTTLE)(MILD STEEL) (DPD CLIENT),,,,,,,,,31608.0,PCS,85.97830043,2717602.12,1.252415156,39586.33824,660920.8,2018,5,PCS,Unknown,600ML,Steel,,,3378522.92,106.88822196912174,Other,General,0.24319998690610384,No
INNSA1,2018-05-28,301049751,73239990,STEEL WALL HANGER HOOK-SL-89 (TOTAL NET WT.1670.40KGS) (MILD - STEEL),,,,,,,,,7200.0,PCS,85.30803056,614217.82,1.242651574,8947.091333,149377.8,2018,5,PCS,Unknown,1670.40KG,Steel,,,763595.6199999999,106.05494722222221,Other,General,0.24320004261680328,No
INNSA1,2018-05-21,301049751,73239990,STEEL HOOK -LF-35 (TOTAL NET WT.45.79 KGS) (MILD STEEL) -,,,,,,,,,864.0,PCS,40.53390046,35021.29,0.590442833,510.1426074,8517.1,2018,5,PCS,Unknown,45.79KG,Steel,,,43538.39,50.39165509259259,Other,General,0.2431977805500597,No
INNSA1,2018-05-14,301049751,73239990,KWP-1000B-SS OIL POT 1000ML -,,,,,,,,,27000.0,PCS,113.4410741,3062909.0,1.680608505,45376.42963,744899.5,2018,5,PCS,Unknown,1000ML,General,,,3807808.5,141.02994444444445,Other,General,0.2432000101863947,No
INNSA1,2018-05-11,301049751,73239990,RYX-02-020 MILD STEEL MULTI FUNCTION CLOTH STAND (OTHER ART - ICLES OF HOUSEHOLD OF IRON & STEEL),,,,,,,,,3696.0,PCS,1027.720135,3798453.62,15.22548349,56273.38696,923783.9,2018,5,PCS,Unknown,,Steel,,,4722237.5200000005,1277.6616666666669,Other,General,0.24319999463360567,No
INNSA1,2018-05-11,301049751,73239990,RYX-02-021A MILD STEEL MULTI FUNCTION CLOTH STAND (OTHER AR - TICLES OF HOUSEHOLD OF IRON & STEEL),,,,,,,,,7776.0,PCS,626.5977842,4872424.37,9.282930136,72184.06474,1184973.5,2018,5,PCS,Unknown,,Steel,,,6057397.87,778.9863515946503,Other,General,0.24319997808401078,No
INNSA1,2018-05-08,301049751,73239990,STAINLESS STEEL SPORTS BOTTLE 750ML S-308-C6-NP-20 (TOTAL NE - T WT. 2186.03 KGS)(NOT VACCUM BOTTLE)(MILD STEEL) (DPD CLIEN,,,,,,,,,12636.0,PCS,78.62968107,993564.65,1.164884164,14719.4763,241634.9,2018,5,PCS,Unknown,750ML,Steel,,,1235199.55,97.75241769547326,Other,General,0.2431999769718055,No
INNSA1,2018-05-08,301049751,73239990,STAINLESS STEEL COLA BOTTLE 750ML SK750 -SL-01 (TOTAL NET WT - .2981.23 KGS) (NOT VACCUM BOTTLE) (MILD STEEL),,,,,,,,,14832.0,PCS,93.52429005,1387152.27,1.385545038,20550.404,337355.4,2018,5,PCS,Unknown,750ML,Steel,,,1724507.67,116.26939522653721,Other,General,0.24319997688501782,No
INNSA1,2018-05-08,301049751,73239990,STEEL SCRUBBER-SL-55(TOTAL NET WT. 901.80KGS) (MILD STEEL) -,,,,,,,,,54000.0,PCS,13.41698556,724517.22,0.198770156,10733.58844,224455.4,2018,5,PCS,Unknown,901.80KG,Steel,,,948972.62,17.573567037037037,Other,General,0.30979995202874544,No
INNSA1,2018-05-08,301049751,73239990,STAINLESS STEEL SPORTS BOTTLE 600ML S115-NP-21 (TOTAL NET WT - . 2413.15 KGS)(NOT VACCUM BOTTLE)(MILD STEEL),,,,,,,,,14364.0,PCS,84.37969298,1212029.91,1.250069526,17955.99867,294765.7,2018,5,PCS,Unknown,600ML,Steel,,,1506795.6099999999,104.90083611807295,Other,General,0.2432000213592089,No
INNSA1,2018-05-01,301049751,73239990,KWP-600B-SS OIL POT 600ML -,,,,,,,,,38204.0,PCS,91.49159879,3495345.04,1.371688138,52403.97361,850068.0,2018,5,PCS,Unknown,600ML,General,,,4345413.04,113.74235786828605,Other,General,0.24320002468196958,No
INNSA1,2018-04-30,301049751,73239990,STEEL WALL HANGER HOOK-SL-89 (TOTAL NET WT.2088.00 KGS) (MIL - D STEEL),,,,,,,,,9000.0,PCS,83.24053,749164.77,1.247983958,11231.85562,182196.9,2018,4,PCS,Unknown,2088.00KG,Steel,,,931361.67,103.48463000000001,Other,General,0.2432000372895271,No
INNSA1,2018-04-30,301049751,73239990,RYX-02-021A MILD STEEL MULTI FUNCTION CLOTH STAND (1296 PCS) - (OTHER ARTICLES OF HOUSEHOLD OF IRON & STEEL),,,,,,,,,4752.0,KGS,172.1453199,818034.56,2.580889353,12264.38621,198946.0,2018,4,KG,Unknown,,Steel,,,1016980.56,214.01106060606062,Other,General,0.24319999389756833,No
INNSA1,2018-04-30,301049751,73239990,RYX-02-020 MILD STEEL MULTI FUNCTION CLOTH STAND (1232 PCS) - (OTHER ARTICLES OF HOUSEHOLD OF IRON & STEEL),,,,,,,,,4004.0,KGS,311.7942333,1248424.11,4.674576211,18717.00315,303616.7,2018,4,KG,Unknown,,Steel,,,1552040.81,387.62257992007994,Other,General,0.24319996511441933,No
INNSA1,2018-04-27,301049751,73239990,STEEL LUNCH BOX 2LAYER-8504 (TOTAL NET.WT.5912.20 KGS) (MILD - STEEL) (DPD CLIENT),,,,,,,,,12360.0,PCS,165.4495696,2044956.68,2.480503292,30659.02069,497333.5,2018,4,PCS,Unknown,2L,Steel,,,2542290.1799999997,205.68690776699026,Other,General,0.24320001732261634,No
INNSA1,2018-04-27,301049751,73239990,STEEL LUNCH BOX -6900(TOTAL NET.WT. 4215.00KGS) (MILD STEEL) -,,,,,,,,,36000.0,PCS,53.60297028,1929706.93,0.803642733,28931.13838,469304.8,2018,4,PCS,Unknown,4215.00KG,Steel,,,2399011.73,66.63921472222222,Other,General,0.2432000386711572,No
INNSA1,2018-04-27,301049751,73239990,STEEL CONTAINER ROUND-6856 (TOTAL NET WT.116 KGS) (MILD STEE - L),,,,,,,,,1392.0,PCS,40.35355603,56172.15,0.60500084,842.1611694,13661.0,2018,4,PCS,Unknown,116KG,Steel,,,69833.15,50.16749281609195,Other,General,0.2431988093743964,No
INNSA1,2018-04-24,301049751,73239990,STAINLESS STEEL SPORTS BOTTLE 600ML S115-NP-21 (TOTAL NET WT - .991.872 KGS)(MILD STEEL),,,,,,,,,5904.0,PCS,83.48713753,492908.06,1.251681222,7389.925937,119875.3,2018,4,PCS,Unknown,600ML,Steel,,,612783.36,103.79121951219511,Other,General,0.24320012133702987,No
INNSA1,2018-04-24,301049751,73239990,STAINLESS STEEL SPORTS BOTTLE 750ML S-308-C6 -NP-20 (TOTAL N - ET WT.6053.616 KGS)(MILD STEEL),,,,,,,,,34992.0,PCS,76.57785665,2679612.36,1.148093803,40174.09835,651681.7,2018,4,PCS,Unknown,750ML,Steel,,,3331294.0599999996,95.20159064929125,Other,General,0.24319999031501705,No
INNSA1,2018-04-18,301049751,73239990,STEEL LUNCH BOX ROUND-9568(TOTAL NET WT.947.64KGS) (MILD STE - EL),,,,,,,,,3576.0,PCS,87.30247204,312193.64,1.324771958,4737.384522,75925.5,2018,4,PCS,Unknown,947.64KG,Steel,,,388119.14,108.53443512304251,Other,General,0.24320002162760265,No
INNSA1,2018-04-18,301049751,73239990,STEEL LUNCH BOX 2LAYER-8504 (TOTAL NET.WT.5171.74 KGS) (MILD - STEEL),,,,,,,,,10812.0,PCS,163.9420459,1772541.4,2.487739695,26897.44158,431082.0,2018,4,PCS,Unknown,2L,Steel,,,2203623.4,203.81274509803922,Other,General,0.2431999613662056,No
INNSA1,2018-04-18,301049751,73239990,STEEL LUNCH BOX -6527(TOTAL NET.WT.5125KGS) (MILD STEEL) -,,,,,,,,,12300.0,PCS,149.2805626,1836150.92,2.265258917,27862.68467,446551.9,2018,4,PCS,Unknown,5125KG,Steel,,,2282702.82,185.5855951219512,Other,General,0.24319999796095196,No
INNSA1,2018-04-18,301049751,73239990,STEEL LUNCH BOX 3LAYER-8505 (TOTAL NET WT.10783.08 KGS) (MIL - D STEEL),,,,,,,,,16632.0,PCS,221.9215506,3690999.23,3.367550085,56009.09302,897651.0,2018,4,PCS,Unknown,3L,Steel,,,4588650.23,275.892870971621,Other,General,0.24319999654944388,No
INNSA1,2018-04-18,301049751,73239990,STEEL LUNCH BOX -6900(TOTAL NET.WT. 4136.32KGS) (MILD STEEL) -,,,,,,,,,35328.0,PCS,53.11455729,1876431.08,0.805987212,28473.91624,456348.0,2018,4,PCS,Unknown,4136.32KG,Steel,,,2332779.08,66.03201653079711,Other,General,0.24319997939919008,No
INNSA1,2018-04-18,301049751,73239990,STEEL CONTAINER ROUND-6856 (TOTAL NET WT.220 KGS) (MILD STEE - L),,,,,,,,,2640.0,PCS,39.98586364,105562.68,0.606765761,1601.861608,25672.9,2018,4,PCS,Unknown,220KG,Steel,,,131235.58,49.71044696969697,Other,General,0.24320053261247254,No
INNSA1,2018-04-17,301049751,73239990,03-027I FAMILY CLOTH RACK 3LAYERS (3600 PCS) (HOUSEHOLD ARTI - CLES) (MADE UP OF MILD STEEL),,,,,,,,,3600.0,PCS,834.158,3002968.8,12.65793627,45568.57056,730322.0,2018,4,PCS,Unknown,3L,Steel,,,3733290.8,1037.0252222222223,Other,General,0.2431999959506739,No
INNSA1,2018-04-10,301049751,73239990,03-027I FAMILY CLOTH RACK 3LAYERS (1800 PCS) (HOUSEHOLD ARTI - CLES) (MADE UP OF MILD STEEL),,,,,,,,,1800.0,PCS,834.1043889,1501387.9,12.65712274,22782.82094,365137.6,2018,4,PCS,Unknown,3L,Steel,,,1866525.5,1036.9586111111112,Other,General,0.2432000417746806,No
INNSA1,2018-04-07,301049751,73239990,STAINLESS STEEL SPORTS BOTTLE 600ML S115-NP-21 (TOTAL NET WT - .2298.24 KGS)(MILD STEEL),,,,,,,,,13680.0,PCS,82.65892836,1130774.14,1.254308473,17158.93991,275004.2,2018,4,PCS,Unknown,600ML,Steel,,,1405778.3399999999,102.76157456140349,Other,General,0.24319993734557818,No
INNSA1,2018-04-07,301049751,73239990,STAINLESS STEEL SPORTS BOTTLE 750ML S-308-C6 -NP-20 (TOTAL N - ET WT.2242.08 KGS)(MILD STEEL),,,,,,,,,12960.0,PCS,74.99024306,971873.55,1.137939955,14747.70182,236359.7,2018,4,PCS,Unknown,750ML,Steel,,,1208233.25,93.22787422839507,Other,General,0.24320005416342486,No
INNSA1,2018-04-03,301049751,73239990,STEEL TEA STRAINER-NP-55 (TOTAL NET WT.1878.12 KGS) (MILD ST - EEL),,,,,,,,,39960.0,PCS,23.56984184,941850.88,0.358204283,14313.84316,229058.1,2018,4,PCS,Unknown,1878.12KG,Steel,,,1170908.98,29.302026526526525,Other,General,0.24319996388387938,No
INNSA1,2018-04-03,301049751,73239990,STEEL ZHARA-NP-003(TOTAL NET WT.2280 KGS) (MILD STEEL) -,,,,,,,,,24000.0,PCS,32.63516583,783243.98,0.495975165,11903.40395,190484.9,2018,4,PCS,Unknown,2280KG,Steel,,,973728.88,40.57203666666667,Other,General,0.24319995411902176,No
INNSA1,2018-03-22,301049751,73239990,03-0271 FAMILY CLOTH RACK 3LAYERS (1800 PCS) (HOUSEHOLD ARTI - CLES) (MADE UP OF MILD STEEL),,,,,,,,,10701.0,KGS,140.104208,1499255.13,2.129243283,22785.03237,364618.9,2018,3,KG,Unknown,3L,Steel,,,1863874.0299999998,174.17755630314923,Other,General,0.2432000349400172,No
INNSA1,2018-03-07,301049751,73239990,KWB-600F STAINLESS STEEL SPORTS BOTTLE -,,,,,,,,,50400.0,PCS,76.68434524,3864891.0,1.160126252,58470.36309,939941.5,2018,3,PCS,Unknown,,Steel,,,4804832.5,95.33397817460317,Other,General,0.2432000022769077,No
INNSA1,2018-02-21,301049751,73239990,STEEL TEA STRAINER -NP-55(TOTAL NET WT.1878.12 KGS) (MILD STEEL),,,,,,,,,39960.0,PCS,23.18727978,926563.7,0.357552502,14287.798,225340.3,2018,2,PCS,Unknown,1878.12KG,Steel,,,1151904.0,28.826426426426426,Other,General,0.24320000880673395,No
INNSA1,2018-02-20,301049751,73239990,STAINLESS STEEL SPORTS BOTTLE 750ML S-308-C6 -NP-20 (TOTAL NET WT. 411.05 KGS)(MILD STEEL),,,,,,,,,2376.0,PCS,74.22217172,176351.88,1.144520767,2719.381342,42888.8,2018,2,PCS,Unknown,750ML,Steel,,,219240.68,92.27301346801346,Other,General,0.24320012919624107,No
INNSA1,2018-02-20,301049751,73239990,STEEL ZHARA -NP-003 (MILD STEEL) (TOTAL NET WT.3276 KGS),,,,,,,,,36000.0,PCS,31.21482611,1123733.74,0.481338876,17328.19954,273292.0,2018,2,PCS,Unknown,3276KG,Steel,,,1397025.74,38.80627055555556,Other,General,0.24319995944946887,No
INNSA1,2018-02-20,301049751,73239990,STEEL PEELER -MP-196 (MILD STEEL) (TOTAL NET WT.4680 KGS),,,,,,,,,60000.0,PCS,36.71719483,2203031.69,0.566186505,33971.19029,535777.3,2018,2,PCS,Unknown,4680KG,Steel,,,2738808.99,45.64681650000001,Other,General,0.24319999681892912,No
INNSA1,2018-02-20,301049751,73239990,STAINLESS STEEL COLA BOTTLE 750ML SK750 -SL-01 (TOTAL NET WT.1733.76 KGS)(MILD STEEL),,,,,,,,,10080.0,PCS,90.67867063,914041.0,1.398283279,14094.69545,222294.8,2018,2,PCS,Unknown,750ML,Steel,,,1136335.8,112.7317261904762,Other,General,0.24320003150843342,No
INNSA1,2018-02-20,301049751,73239990,STAINLESS STEEL SPORTS BOTTLE 600ML S115-NP-21 (TOTAL NET WT. 2104.70 KGS)(MILD STEEL),,,,,,,,,12528.0,PCS,81.81231162,1024944.64,1.261562246,15804.85181,249266.5,2018,2,PCS,Unknown,600ML,Steel,,,1274211.1400000001,101.70906289910602,Other,General,0.24319996443905498,No
INNSA1,2018-02-20,301049751,73239990,STAINLESS STEEL SPORTS BOTTLE 750ML S-308-C6 -NP-20 (TOTAL NET WT. 3045.49 KGS)(MILD STEEL),,,,,,,,,17604.0,PCS,74.21958987,1306561.66,1.144480954,20147.44271,317755.8,2018,2,PCS,Unknown,750ML,Steel,,,1624317.46,92.26979436491706,Other,General,0.2432000032818964,No
INNSA1,2018-02-20,301049751,73239990,STEEL MESAURING SPOON 4 PC SET -SJ-05 (MILD STEEL)(TOTAL NET WT.73 KGS),,,,,,,,,1000.0,SET,40.04278,40042.78,0.617467695,617.4676947,9738.4,2018,2,SET,Unknown,73KG,Steel,,,49781.18,49.78118,Other,General,0.2431998977093998,No
INNSA1,2018-02-20,301049751,73239990,STAINLESS STEEL SPORTS BOTTLE 600ML S115-NP-21 (TOTAL NET WT.2001.89 KGS)(MILD STEEL),,,,,,,,,11916.0,PCS,81.8094671,974841.61,1.261518382,15032.25305,237081.5,2018,2,PCS,Unknown,600ML,Steel,,,1211923.1099999999,101.7055312185297,Other,General,0.24320002097571522,No
INNSA1,2018-02-19,301049751,73239990,STAINLESS STEEL SPORTS BOTTLE 750ML S-308-C6 -NP-20 (TOTAL NET WT. 2837.92KGS)(MILD STEEL) (DPD CLIENT),,,,,,,,,16596.0,PCS,74.20633827,1231528.39,1.144276612,18990.41465,299507.7,2018,2,PCS,Unknown,750ML,Steel,,,1531036.0899999999,92.25331947457218,Other,General,0.24319999638822784,No
INNSA1,2018-02-14,301049751,73231000,STEEL SCRUBBER -ANG537 (TOTAL NET WT.8549.20 KGS)(MILD STEEL) (DPD CLIENT),,,,,,,,,318384.0,PCS,4.964384517,1580580.6,0.076967202,24505.12558,489663.9,2018,2,PCS,Unknown,8549.20KG,Steel,,,2070244.5,6.502350934720337,Other,General,0.30980001905628857,No
INNSA1,2018-02-07,301049751,73239990,MILD STEEL MULTI FUNCTION CLOTH STAND-RYX-02-021A (DPD CLIENT),,,,,,,,,1206.0,PCS,610.9728939,736833.31,9.472447967,11423.77225,179197.8,2018,2,PCS,Unknown,,Steel,,,916031.1100000001,759.5614510779437,Other,General,0.24319991722415477,No
INNSA1,2018-02-07,301049751,73239990,STEEL LUNCH BOX ROUND-9568(TOTAL NET WT.3898.68 KGS) (MILD STEEL),,,,,,,,,14712.0,PCS,85.58171629,1259078.21,1.326848315,19520.5924,306207.8,2018,2,PCS,Unknown,3898.68KG,Steel,,,1565286.01,106.39518828167482,Other,General,0.24319998358163947,No
INNSA1,2018-02-07,301049751,73239990,STEEL LUNCH BOX RECTANGLE-9707 (TOTAL NET WT.4143.90 KGS) (MILD STEEL)-(DPD CLIENT),,,,,,,,,13680.0,PCS,107.14047,1465681.63,1.661092559,22723.7462,356453.8,2018,2,PCS,Unknown,4143.90KG,Steel,,,1822135.43,133.19703435672514,Other,General,0.2432000188199125,No
INNSA1,2018-02-03,301049751,73239990,STEEL LUNCH BOX 3 LAYER-6505 (TOTAL NET WT.10783.08 KGS) (MILD STEEL),,,,,,,,,16632.0,PCS,217.5061243,3617561.86,3.372187974,56086.23039,879791.0,2018,2,PCS,Unknown,3L,Steel,,,4497352.859999999,270.40361111111105,Other,General,0.24319998773980883,No
INNSA1,2018-02-03,301049751,73239990,STEEL LUNCH BOX ROUND- 9568 (TOTAL NT WT.241.68 KGS) (MILD STEEL),,,,,,,,,912.0,PCS,85.56547149,78035.71,1.326596457,1209.855969,18978.4,2018,2,PCS,Unknown,241.68KG,Steel,,,97014.11000000002,106.3751206140351,Other,General,0.24320147788749535,No
INNSA1,2018-02-03,301049751,73239990,STEEL LUNCH BOX -6527 (TOTAL NET WT.6437 KGS)(MILD STEEL),,,,,,,,,12300.0,PCS,146.310426,1799618.24,2.268378698,27901.05798,437667.2,2018,2,PCS,Unknown,6437KG,Steel,,,2237285.44,181.89312520325203,Other,General,0.24320002446741149,No
INNSA1,2018-02-03,301049751,73239990,STEEL LUNCH BOX 2 LAYER-6504(TOTAL NET WT.5166 KGS) (MILD STEEL),,,,,,,,,10800.0,PCS,160.6802,1735346.16,2.491165891,26904.59163,422036.2,2018,2,PCS,Unknown,2L,Steel,,,2157382.36,199.7576259259259,Other,General,0.24320000800301425,No
INNSA1,2018-01-23,301049751,73239990,STEEL HOOK 3PCS-RJ-409 (TOTAL 1257.984 KGS) (MILD STEEL),,,,,,,,,29952.0,SET,39.1546788194444,1172760.94,0.604238870670439,18098.162654321,276021.0,2018,1,SET,Unknown,1257.984KG,Steel,,,1448781.94,48.3701235309829,Other,General,0.23535998734746402,No
INNSA1,2018-01-22,301049751,73231000,STEEL SCRUBBER -ANG537 (TOTAL NET WT.8549.20 KGS)(MILD STEEL) (DPD CLIENT),,,,,,,,,318384.0,PCS,4.97357982813207,1583508.24,0.0767527751254949,24436.8555555556,477491.0,2018,1,PCS,Unknown,8549.20KG,Steel,,,2060999.24,6.473312854917332,Other,General,0.30153995283283147,No
INNSA1,2018-01-22,301049751,73231000,STEEL SCRUBBER -ANG537 (TOTAL NET WT.8549.20 KGS)(MILD STEEL) (DPD CLIENT),,,,,,,,,318384.0,PCS,4.97357982813207,1583508.24,0.0767527751254949,24436.8555555556,477491.0,2018,1,PCS,Unknown,8549.20KG,Steel,,,2060999.24,6.473312854917332,Other,General,0.30153995283283147,No
INNSA1,2018-01-16,301049751,73239990,STEEL WALL HANGER HOOK -SL-89 (TOTAL NET WT. 1274.40KGS) (MILD STEEL),,,,,,,,,5400.0,PCS,81.241812962963,438705.79,1.25956299167384,6801.64015503876,103253.8,2018,1,PCS,Unknown,1274.40KG,Steel,,,541959.59,100.36288703703703,Other,General,0.23536001200257697,No
INNSA1,2018-01-08,301049751,73239990,STEEL HOOK 3PCS -RJ-409 (TOTAL NET WT.63.50 KGS) (MILD STEEL) (DPD CLIENT),,,,,,,,,1512.0,SET,38.2474338624339,57830.12,0.592983470735409,896.591007751938,13610.9,2018,1,SET,Unknown,63.50KG,Steel,,,71441.02,47.249351851851856,Other,General,0.2353600511290656,No
INNSA1,2018-01-08,301049751,73239990,RYX-02-021A MULTI FUNCTION CLOTH STAND,,,,,,,,,1296.0,PCS,611.510794753086,792517.99,9.48078751555173,12287.100620155,186527.0,2018,1,PCS,Unknown,,General,,,979044.99,755.4359490740741,Other,General,0.23535995693927403,No
INNSA1,2018-01-08,301049751,73239990,RYX-02-020 MULTI FUNCTION CLOTH STAND,,,,,,,,,1232.0,PCS,981.72273538961,1209482.41,15.2205075254203,18751.6652713178,284663.8,2018,1,PCS,Unknown,,General,,,1494146.21,1212.7810146103895,Other,General,0.2353600165214474,No
INNSA1,2018-01-02,301049751,73239990,STEEL SPOON HOLDER ROUND -MP-96 (TOTAL NET WT.1822.36 KGS)(MILD STEEL),,,,,,,,,8028.0,PCS,47.6048567513702,382171.79,0.733510889851621,5888.62542372881,89948.0,2018,1,PCS,Unknown,1822.36KG,Steel,,,472119.79,58.80914175386148,Other,General,0.2353601243043083,No
INNSA1,2018-01-02,301049751,73239990,STEEL HOOK 3PCS -RJ-409 (TOTAL NET WT.1200.53 KGS) (MILD STEEL),,,,,,,,,28584.0,SET,38.0158788133221,1086645.88,0.585760844581235,16743.38798151,255753.0,2018,1,SET,Unknown,1200.53KG,Steel,,,1342398.88,46.963296949342286,Other,General,0.23536002363529876,No
INNSA1,2018-01-02,301049751,73239990,STEEL ZHARA-NP-003 (TOTAL NET WT.3420 KGS) (MILD STEEL),,,,,,,,,36000.0,PCS,30.3991016666667,1094367.66,0.468399101181304,16862.367642527,257570.4,2018,1,PCS,Unknown,3420KG,Steel,,,1351938.0599999998,37.55383499999999,Other,General,0.2353600251674104,No
INNSA1,2017-12-11,301049751,73239990,STEEL WALLNUT CRACKER -SL-145 (TOTAL NET WT.99.84 KGS) (MILDSTEEL)(DPD CLIENT),,,,,,,,,480.0,PCS,69.9703333333333,33585.76,1.06988277268094,513.54373088685,7904.8,2017,12,PCS,Unknown,99.84KG,Steel,,,41490.560000000005,86.43866666666668,Other,General,0.235361653272101,No
INNSA1,2017-12-11,301049751,73239990,STEEL LUNCH BOX -SL-104 (TOTAL NET WT.173.16 KGS) (MILD STEEL),,,,,,,,,360.0,PCS,180.637722222222,65029.58,2.76204468229698,994.336085626911,15305.4,2017,12,PCS,Unknown,173.16KG,Steel,,,80334.98,223.15272222222222,Other,General,0.23536058513679467,No
INNSA1,2017-12-11,301049751,73239990,STEEL SPOON HOLDER ROUND-MP-96 (TOTAL NET WT.2180.23 KGS)(MILD STEEL),,,,,,,,,10188.0,PCS,49.9074146054181,508456.74,0.763110315067556,7774.56788990826,119670.4,2017,12,PCS,Unknown,2180.23KG,Steel,,,628127.14,61.65362583431488,Other,General,0.2353600426262419,No
INNSA1,2017-12-07,301049751,73239990,KWB-600F STAINLESS STEEL SPORTS BOTTLE,,,,,,,,,50400.0,PCS,76.8331746031746,3872392.0,1.16062197285762,58495.3474320242,911406.2,2017,12,PCS,Unknown,,Steel,,,4783798.2,94.91663095238096,Other,General,0.23536000487553946,No
INNSA1,2017-12-01,301049751,73239990,STAINLESS STEEL SPORTS BOTTLE 750ML S-308-C6 -NP-20 (TOTAL NET WT. 1514.38 KGS)(MILD STEEL),,,,,,,,,8856.0,PCS,75.800460704607,671288.88,1.14502206502428,10140.315407855,157994.6,2017,12,PCS,Unknown,750ML,Steel,,,829283.48,93.64086269196025,Other,General,0.23536007329661116,No
INNSA1,2017-12-01,301049751,73239990,STAINLESS STEEL SPORTS BOTTLE 600ML S115-NP-21 (TOTAL NET WT.1388.84 KGS)(MILD STEEL) (DPD CLIENT),,,,,,,,,8028.0,PCS,83.5520017438964,670755.47,1.26211482996822,10132.2578549849,157869.0,2017,12,PCS,Unknown,600ML,Steel,,,828624.47,103.21679995017439,Other,General,0.23535998893903914,No
INNSA1,2017-12-01,301049751,73239990,STEEL PEELER-MP-196 (TOTAL NET WT. 2370.00KGS) (MILD STEEL),,,,,,,,,30000.0,PCS,36.2637743333333,1087913.23,0.5477911530715,16433.734592145,256051.2,2017,12,PCS,Unknown,2370.00KG,Steel,,,1343964.43,44.79881433333333,Other,General,0.23535994685899722,No
INNSA1,2017-12-01,301049751,73239990,STEEL HOOK 3 PCS SET-RM2628 (TOTAL NET WT.2330.20 KGS) (MILDSTEEL) (DPD CLIENT),,,,,,,,,68760.0,SET,31.4152678883072,2160113.82,0.474550874445727,32630.1181268882,508404.4,2017,12,SET,Unknown,2330.20KG,Steel,,,2668518.2199999997,38.80916550319953,Other,General,0.23536000524268674,No
INNSA1,2017-11-27,301049751,73239990,STEEL TEA STRAINER -NP-55 (TOTAL NET WT.1192.32 KGS) (MILD S - TEEL) ,,,,,,,,,25920.0,PCS,22.4028290895062,580681.33,0.338411315551453,8771.62129909365,136669.2,2017,11,PCS,Unknown,1192.32KG,Steel,,,717350.53,27.675560570987656,Other,General,0.23536007262365405,No
INNSA1,2017-11-27,301049751,73239990,STEEL PIZZA CUTTER-RJ-388(TOTAL NET WT.1935.36 KGS) (MILD ST - EEL) ,,,,,,,,,20160.0,PCS,34.2999836309524,691487.67,0.518126640950942,10445.433081571,162748.6,2017,11,PCS,Unknown,1935.36KG,Steel,,,854236.27,42.372830853174605,Other,General,0.23536008964556085,No
INNSA1,2017-11-20,301049751,73239990,STEEL JAR - SALT & PEPPER-MP-009 (TOTAL NET WT.1857.60KGS) ( - MILD STEEL) ,,,,,,,,,43200.0,PCS,16.7281574074074,722656.4,0.252691199507665,10916.2598187311,170084.4,2017,11,PCS,Unknown,1857.60KG,Steel,,,892740.8,20.665296296296297,Other,General,0.23535998574149483,No
INNSA1,2017-11-20,301049751,73239990,STAINLESS STEEL SPORTS BOTTLE 750ML S-308-C6 -NP-20 (TOTAL N - ET WT. 1836 KGS)(MILD STEEL) ,,,,,,,,,10800.0,PCS,75.7669259259259,818282.8,1.14451549737048,12360.7673716012,192591.1,2017,11,PCS,Unknown,750ML,Steel,,,1010873.9,93.59943518518519,Other,General,0.2353600735589212,No
INNSA1,2017-11-20,301049751,73239990,STAINLESS STEEL SPORTS BOTTLE 600ML S115-NP-21 (TOTAL NET WT - . 2377.73 KGS)(MILD STEEL) ,,,,,,,,,13824.0,PCS,83.5150368923611,1154511.87,1.26155644852509,17439.7563444109,271725.9,2017,11,PCS,Unknown,600ML,Steel,,,1426237.77,103.17113498263889,Other,General,0.23535998811341802,No
INNSA1,2017-11-16,301049751,73239990,KWP-1000B SS OIL POT 1000ML - ,,,,,,,,,18000.0,PCS,109.806775,1976521.95,1.67900267584098,30222.0481651376,465194.2,2017,11,PCS,Unknown,1000ML,General,,,2441716.15,135.65089722222223,Other,General,0.23535999688746184,No
INNSA1,2017-11-16,301049751,73239990,KWP-600B SS OIL POT 600ML - ,,,,,,,,,6000.0,PCS,89.9621766666667,539773.06,1.37556845056065,8253.41070336392,127041.0,2017,11,PCS,Unknown,600ML,General,,,666814.06,111.13567666666668,Other,General,0.23536002334017928,No
INNSA1,2017-11-14,301049751,73239990,STAINESS STEEL COLA BOTTLE -SL-07 (TOTAL NET WT.432.48 KGS) - (MILD STEEL) ,,,,,,,,,2040.0,PCS,120.829617647059,246492.42,1.84754767044432,3768.99724770642,58014.4,2017,11,PCS,Unknown,432.48KG,Steel,,,304506.82,149.26804901960784,Other,General,0.23535977292932578,No
INNSA1,2017-11-14,301049751,73239990,STEEL ZHARA -NP-03 (TOTAL NET WT.6768 KGS) (MILD STEEL) - ,,,,,,,,,72000.0,PCS,30.7599831944444,2214718.79,0.470336134471627,33864.2016819572,521256.2,2017,11,PCS,Unknown,6768KG,Steel,,,2735974.99,37.99965263888889,Other,General,0.2353599934915439,No
INNSA1,2017-11-14,301049751,73239990,STAINLESS STEELSPORTS BOTTLE 750ML S-308-C6 -NP-20 (TOTAL NE - T WT. 3301.20 KGS)(MILD STEEL) ,,,,,,,,,18864.0,PCS,74.5303143553859,1405939.85,1.13960725314046,21497.5512232416,330902.0,2017,11,PCS,Unknown,750ML,Steel,,,1736841.85,92.07176897794741,Other,General,0.2353599977979143,No
INNSA1,2017-11-14,301049751,73239990,STEEL TEA STRAINER -NP-55 (TOTAL NET WT.662.40 KGS) (MILD ST - EEL) ,,,,,,,,,14400.0,PCS,21.9814333333333,316532.64,0.33610754332314,4839.94862385321,74499.2,2017,11,PCS,Unknown,662.40KG,Steel,,,391031.84,27.15498888888889,Other,General,0.23536024594493635,No
INNSA1,2017-11-14,301049751,73239990,STAINLESS STEEL SPORTS BOTTLE 600ML S115-NP-21 (TOTAL NET WT - . 2674.72 KGS)(MILD STEEL)(DPD CLIENT) ,,,,,,,,,15372.0,PCS,82.1519665625813,1262840.03,1.25614627771531,19309.4805810398,297222.0,2017,11,PCS,Unknown,600ML,Steel,,,1560062.03,101.4872514962269,Other,General,0.2353599766709961,No
INNSA1,2017-11-14,301049751,73239990,STEEL TEA STRAINER-NP-55 (TOTAL NET WT.1854.72 KGS) (MILD ST - EEL) ,,,,,,,,,40320.0,PCS,22.0400773809524,888655.92,0.337004241298966,13588.0110091743,209154.1,2017,11,PCS,Unknown,1854.72KG,Steel,,,1097810.02,27.227431051587303,Other,General,0.23536004801498425,No
INNSA1,2017-11-14,301049751,73239990,STAINLESS STEEL COLA BOTTLE 750ML SK750 -SL-01 (TOTAL NET WT - .1164.24 KGS)(MILD STEEL) ,,,,,,,,,5940.0,PCS,93.0785824915825,552886.78,1.42321991577343,8453.92629969419,130127.5,2017,11,PCS,Unknown,750ML,Steel,,,683014.28,114.98556902356903,Other,General,0.23536012201268403,No
INNSA1,2017-11-07,301049751,73239990,STEEL GRATER -ST-4 (TOTAL 1142.04KGS) (MILD STEEL) - ,,,,,,,,,7368.0,PCS,52.1279248099891,384078.55,0.79706307048913,5872.76070336391,90396.8,2017,11,PCS,Unknown,1142.04KG,Steel,,,474475.35,64.39676302931596,Other,General,0.23536018869056866,No
INNSA1,2017-11-07,301049751,73239990,STEEL BBQ SKEWER 12 PCS-NP-007 (TOTAL NET WT.4032 KGS) (MILD - STEEL) ,,,,,,,,,25200.0,SET,30.119898015873,759021.43,0.460548899325275,11605.8322629969,178643.2,2017,11,SET,Unknown,4032KG,Steel,,,937664.6300000001,37.208913888888894,Other,General,0.23535988964106058,No
INNSA1,2017-11-07,301049751,73239990,STEEL TEA STRAINER -NP-55 (TOTAL 1854.72 KGS) (MILD STEEL) - ,,,,,,,,,40320.0,PCS,22.5701339285714,910027.8,0.345109081476627,13914.7981651376,214184.2,2017,11,PCS,Unknown,1854.72KG,Steel,,,1124212.0,27.882242063492065,Other,General,0.2353600626266582,No
INNSA1,2017-11-03,301049751,73239990,STEEL HOOK 3PCS-RJ-409 (TOTAL NET WT.1008 KGS)(MILD STEEL) - ,,,,,,,,,25200.0,SET,38.7385888888889,976212.44,0.592333163438668,14926.7957186544,229761.3,2017,11,SET,Unknown,1008KG,Steel,,,1205973.74,47.856100793650796,Other,General,0.23535993866253127,No
INNSA1,2017-11-03,301049751,73239990,KWB-600F STAINLESS STEEL SPORTS BOTTLE (QTY 50400 PCS/USD1.1 - 5PER PCS) ,,,,,,,,,7350.0,KGS,520.979708843537,3829200.86,7.96605059393788,58550.4718654434,901240.7,2017,11,KG,Unknown,,Steel,50400.0,1.1,4730441.56,643.5974911564625,Other,General,0.23535999623691717,No
INNSA1,2017-11-03,301049751,73239990,STEEL GRATER-ST-4 (TOTAL 1647.96 KGS)(MILD STEEL) - ,,,,,,,,,10632.0,KGS,51.6053348382242,548667.92,0.789072398137985,8389.41773700306,129134.5,2017,11,KG,Unknown,1647.96KG,Steel,,,677802.42,63.751168171557566,Other,General,0.23536003344245093,No
INNSA1,2017-10-26,301049751,73231000,STEEL SCRUBBER 3PCS SET-ANGW11 (TOTAL NET WT.7146KGS)(MILD STEEL) (DPD CLIENT),,,,,,,,,114336.0,SET,11.15,1274903.21,0.17,19360.72,384434.3,2017,10,SET,Unknown,7146KG,Steel,,,1659337.51,14.512817572767982,Other,General,0.30153998906316976,No
INNSA1,2017-10-14,301049751,73239990,STEEL WALL HANGER HOOK-SL-89 (TOTAL NET WT.86.76 KGS) (MILDSTEEL),,,,,,,,,360.0,PCS,90.89,32719.98,1.38,496.13,7700.9,2017,10,PCS,Unknown,86.76KG,Steel,,,40420.88,112.28022222222222,Other,General,0.23535772332379176,No
INNSA1,2017-10-14,301049751,73239990,STEEL WALL HANGER HOOK-SL-89 (TOTAL NET WT.86.76 KGS) (MILDSTEEL),,,,,,,,,360.0,PCS,90.89,32719.98,1.38,496.13,7700.9,2017,10,PCS,Unknown,86.76KG,Steel,,,40420.88,112.28022222222222,Other,General,0.23535772332379176,No
INNSA1,2017-10-10,301049751,73239990,STEEL ZHARA -NP-03 (TOTAL NET WT.2256 KGS) (MILD STEEL),,,,,,,,,24000.0,PCS,31.82,763664.97,0.48,11579.45,179736.2,2017,10,PCS,Unknown,2256KG,Steel,,,943401.1699999999,39.30838208333333,Other,General,0.23536001657899802,No
INNSA1,2017-10-10,301049751,73231000,STEEL SCRUBBER -ANG537 (TOTAL NET WT.8696.60 KGS)(MILD STEEL) (DPD CLIENT),,,,,,,,,318384.0,PCS,4.76,1514229.21,0.07,22960.26,456600.7,2017,10,PCS,Unknown,8696.60KG,Steel,,,1970829.91,6.1901034913814765,Other,General,0.3015400158606107,No
INNSA1,2017-10-10,301049751,73239990,STEEL ZHARA -NP-03 (TOTAL NET WT.2256 KGS) (MILD STEEL),,,,,,,,,24000.0,PCS,31.82,763664.97,0.48,11579.45,179736.2,2017,10,PCS,Unknown,2256KG,Steel,,,943401.1699999999,39.30838208333333,Other,General,0.23536001657899802,No
INNSA1,2017-10-10,301049751,73231000,STEEL SCRUBBER -ANG537 (TOTAL NET WT.8696.60 KGS)(MILD STEEL) (DPD CLIENT),,,,,,,,,318384.0,PCS,4.76,1514229.21,0.07,22960.26,456600.7,2017,10,PCS,Unknown,8696.60KG,Steel,,,1970829.91,6.1901034913814765,Other,General,0.3015400158606107,No
INNSA1,2017-10-05,301049751,73239990,STAINLESS STEEL COLA BOTTLE 750ML SK750-SL-01 (TOTAL NET WT.1298.70 KGS)(MILD STEEL),,,,,,,,,6660.0,PCS,93.62,623511.88,1.43,9533.82,146749.7,2017,10,PCS,Unknown,750ML,Steel,,,770261.5800000001,115.65489189189191,Other,General,0.23535991006298068,No
INNSA1,2017-10-05,301049751,73239990,STAINLESS STEEL SPORTS BOTTLE 750ML S-308-C6- NP-21 (TOTAL NET WT.857.844 KGS) (MILD STEEL),,,,,,,,,5076.0,PCS,82.63,419430.8,1.26,6413.31,98717.3,2017,10,PCS,Unknown,750ML,Steel,,,518148.1,102.07803388494878,Other,General,0.23536015953048753,No
INNSA1,2017-09-22,301049751,73239990,KWP-600B -SS OIL POT 600ML,,,,,,,,,12000.0,PCS,91.751785,1101021.42,1.40293249235474,16835.1899082569,259136.3,2017,9,PCS,Unknown,600ML,General,,,1360157.72,113.34647666666666,Other,General,0.23535990789352673,No
INNSA1,2017-09-22,301049751,73239990,KWP-1000B -SS OIL POT 1000ML,,,,,,,,,30000.0,PCS,111.991149333333,3359734.48,1.7124028950051,51372.0868501529,790747.1,2017,9,PCS,Unknown,1000ML,General,,,4150481.58,138.349386,Other,General,0.23535999785316367,No
INNSA1,2017-09-21,301049751,73239990,STAINLESS STEEL SPORTS BOTTLE 750ML S-308-C6-NP-AB39 (TOTAL NET WT.4536 KGS) (MILD STEEL)(DPD CLIENT),,,,,,,,,27000.0,PCS,94.9254511111111,2562987.18,1.46264177366889,39491.3278890601,603224.7,2017,9,PCS,Unknown,750ML,Steel,,,3166211.88,117.26710666666666,Other,General,0.23536001455926125,No
INNSA1,2017-09-21,301049751,73239990,STAINLESS STEEL SPORTS BOTTLE 600ML S115 -NP-21(TO TAL NET WT. 2518.78 KGS)(MILD STEEL),,,,,,,,,14904.0,PCS,80.2120061728395,1195479.74,1.23593229850292,18420.3349768875,281368.2,2017,9,PCS,Unknown,600ML,Steel,,,1476847.94,99.0907098765432,Other,General,0.23536007393985617,No
INNSA1,2017-09-21,301049751,73239990,STEEL JAR - SALT & PEPPER -MP-009 (TOTAL NET WT.1296 KGS) (M ILD STEEL),,,,,,,,,36000.0,PCS,16.8702427777778,607328.74,0.259942107515836,9357.91587057011,142940.9,2017,9,PCS,Unknown,1296KG,Steel,,,750269.64,20.840823333333333,Other,General,0.23536001276672663,No
INNSA1,2017-09-20,301049751,73239990,STEEL ZHARA-NP-03(TOTAL NET WT.5640 KGS) (MILD STEEL),,,,,,,,,60000.0,PCS,30.9939571666667,1859637.43,0.477564825372368,28653.8895223421,437684.2,2017,9,PCS,Unknown,5640KG,Steel,,,2297321.63,38.28869383333333,Other,General,0.2353599647647445,No
INNSA1,2017-09-14,301049751,73239990,STEEL GRATER -ST-4 (TOTAL NET WT.372 KGS) (MILD STEEL),,,,,,,,,2400.0,PCS,51.4737625,123537.03,0.793124229583975,1903.49815100154,29075.7,2017,9,PCS,Unknown,372KG,Steel,,,152612.73,63.588637500000004,Other,General,0.23536019928599547,No
INNSA1,2017-09-14,301049751,73239990,STEEL SCRUBBER -SL-55 (TOTAL NET WT.61.20 KGS) (MILD STEEL),,,,,,,,,3600.0,PCS,12.4510861111111,44823.91,0.191850325286766,690.661171032357,13516.1,2017,9,PCS,Unknown,61.20KG,Steel,,,58340.01,16.205558333333332,Other,General,0.3015377284132509,No
INNSA1,2017-09-14,301049751,73239990,TEA LIGHT CANDLE HOLDER ROUND-SL-51 (MADE OF IRON)(TOTAL NET WT. 185.86 KGS),,,,,,,,,768.0,PCS,82.0797786458333,63037.27,1.26471153537494,971.298459167951,14836.4,2017,9,PCS,Unknown,185.86KG,Iron,,,77873.67,101.3980078125,Other,General,0.23535917719787042,No
INNSA1,2017-09-14,301049751,73239990,TEA LIGHT CANDLE HOLDER -MP-289 (MADE OF IRON) (TOTAL NET WT .1918.80KGS),,,,,,,,,15600.0,PCS,45.2134403846154,705329.67,0.696663180040299,10867.9456086287,166006.4,2017,9,PCS,Unknown,1918.80KG,Iron,,,871336.0700000001,55.854876282051286,Other,General,0.23536001257397832,No
INNSA1,2017-09-08,301049751,73239990,MULTI FUNCTION CLOTH STAND-RYX-02-021A(MADE OF MI LD STEEL) (DPD CLIENT),,,,,,,,,2592.0,PCS,593.818144290123,1539176.63,9.14974028182008,23716.1268104777,362260.7,2017,9,PCS,Unknown,,Steel,,,1901437.3299999998,733.5792168209875,Other,General,0.23536005740939558,No
INNSA1,2017-08-31,301049751,73239990,STEEL ZHARA-NP-03 (TOTAL NET WT.3269.88 KGS) (MILD STEEL),,,,,,,,,35160.0,PCS,31.37266866,1103063.03,0.481545183,16931.12863,0.0,2017,8,PCS,Unknown,3269.88KG,Steel,,,1103063.03,31.372668657565416,Other,General,0.0,Yes
INNSA1,2017-08-31,301049751,73239990,STAINLESS STEEL COLA BOTTLE 750ML SK750-SL-01(TOTAL NET WT. 905.58 KGS)(MILD STEEL),,,,,,,,,4644.0,PCS,92.97331826,431768.09,1.427065514,6627.292249,0.0,2017,8,PCS,Unknown,750ML,Steel,,,431768.09,92.97331826012059,Other,General,0.0,Yes
INNSA1,2017-08-31,301049751,73239990,STAINLESS STEEL SPORTS BOTTLE 750ML S-308-C6-NP-20(TOTAL NET WT.72.14 KGS) (MILD STEEL),,,,,,,,,432.0,PCS,73.35321759,31688.59,1.12591278,486.3943208,0.0,2017,8,PCS,Unknown,750ML,Steel,,,31688.59,73.3532175925926,Other,General,0.0,Yes
INNSA1,2017-08-31,301049751,73239990,STAINLESS STEEL SPORTS BOTTLE 600ML S115 -NP-21(TOTAL NET WT. 4782.02 KGS)(MILD STEEL),,,,,,,,,28296.0,PCS,80.87311422,2288385.64,1.241337133,35124.87552,0.0,2017,8,PCS,Unknown,600ML,Steel,,,2288385.64,80.87311422109133,Other,General,0.0,Yes
INNSA1,2017-08-25,301049751,73239990,STEEL HOOK 3PCS-RJ-409 (TOTAL NET WT.619.92KGS) (MILD STEEL),,,,,,,,,15120.0,SET,38.27503241,578718.49,0.587490904,8882.862471,136207.1,2017,8,SET,Unknown,619.92KG,Steel,,,714925.59,47.28343849206349,Other,General,0.23535985518624092,No
INNSA1,2017-08-22,301049751,73239990,STEEL JAR - SALT & PEPPER -MP-009 (TOTAL NET WT.1296 KGS) (MILD STEEL),,,,,,,,,36000.0,PCS,16.37458694,589485.13,0.251336714,9048.121719,138741.3,2017,8,PCS,Unknown,1296KG,Steel,,,728226.4299999999,20.228511944444442,Other,General,0.23536013537779993,No
INNSA1,2017-08-21,301049751,73231000,STEEL SCRUBBER 3PCS SET-ANGW11 (TOTAL NET WT.7152 KGS)(MILDSTEEL) (DPD CLIENT),,,,,,,,,114432.0,SET,11.24517451,1286807.81,0.172604367,19751.46293,388024.0,2017,8,SET,Unknown,7152KG,Steel,,,1674831.81,14.63604420092282,Other,General,0.3015399789965527,No
INNSA1,2017-08-19,301049751,73239990,KWB-600F STAINLESS STEEL SPORTS BOTTLE,,,,,,,,,49776.0,PCS,76.9413167,3829830.98,1.180987209,58784.81934,901389.0,2017,8,PCS,Unknown,,Steel,,,4731219.98,95.05022460623594,Other,General,0.2353599949207158,No
INNSA1,2017-08-14,301049751,73239990,STEEL CORNER STAND -MP-103 (TOTAL NET WT.2764.20 KGS) (MILD - STEEL),,,,,,,,,10200.0,PCS,48.84181863,498186.55,0.756650947,7717.839659,117253.3,2017,8,PCS,Unknown,2764.20KG,Steel,,,615439.85,60.337240196078426,Other,General,0.235360228010973,No
INNSA1,2017-08-03,301049751,73239990,STAINLESS STEEL SPORTS BOTTLE 750ML S-308-C6 -NP-20 (TOTAL 3150.29 KGS)(MILD STEEL) (DPD CLIENT),,,,,,,,,18864.0,PCS,74.11411366,1398088.64,1.136719535,21443.0773,329054.2,2017,8,PCS,Unknown,750ML,Steel,,,1727142.8399999999,91.55761450381678,Other,General,0.23536004126319204,No
INNSA1,2017-08-03,301049751,73239990,STAINLESS STEEL SPORTS BOTTLE 600ML S115-NP-21 (TOTAL 3985.92 KGS)(MILD STEEL),,,,,,,,,23040.0,PCS,81.7120191,1882644.92,1.253251827,28874.92209,443099.3,2017,8,PCS,Unknown,600ML,Steel,,,2325744.2199999997,100.9437595486111,Other,General,0.23535999555348971,No
INNSA1,2017-08-02,301049751,73239990,MULTI FUNCTION CLOTH STAND-RYX-02-021A(MADE OF MI LD STEEL)(DPD CLIENT),,,,,,,,,2592.0,PCS,618.784483,1603889.38,9.490559556,24599.53037,377491.4,2017,8,PCS,Unknown,,Steel,,,1981380.7799999998,764.4215972222221,Other,General,0.2353599972087851,No
INNSA1,2017-08-02,301049751,73239990,STEEL ZHARA -NP-03 (TOTAL NET WT.5022 KGS) (MILD STEEL),,,,,,,,,54000.0,PCS,31.03236278,1675747.59,0.475956484,25701.65015,394404.0,2017,8,PCS,Unknown,5022KG,Steel,,,2070151.59,38.33614055555556,Other,General,0.23536002817703588,No
INNSA1,2017-08-02,301049751,73239990,STEEL HOOK 3PCS-RJ-409 (TOTAL NET WT.628.99 KGS) (MILD STEEL),,,,,,,,,14976.0,SET,38.68251068,579309.28,0.593290041,8885.111656,136346.2,2017,8,SET,Unknown,628.99KG,Steel,,,715655.48,47.78682425213675,Other,General,0.23535994451875517,No
INNSA1,2017-08-02,301049751,73239990,STAINLESS STEEL SPORTS BOTTLE 750ML S-308-C6-NP-20(TOTAL NET WT.2146.28 KGS) (MILD STEEL),,,,,,,,,12852.0,PCS,73.89808979,949738.25,1.133406285,14566.53758,223530.4,2017,8,PCS,Unknown,750ML,Steel,,,1173268.65,91.2907446311858,Other,General,0.23536000577001084,No
INNSA1,2017-08-02,301049751,73239990,STAINLESS STEEL SPORTS BOTTLE 600ML S115 -NP-21(TOTAL NET WT. 311.40 KGS)(MILD STEEL),,,,,,,,,18000.0,PCS,81.47384889,1466529.28,1.249598909,22492.78037,345162.3,2017,8,PCS,Unknown,600ML,Steel,,,1811691.58,100.64953222222222,Other,General,0.23535997862927086,No
INNSA1,2017-07-29,301049751,73231000,STEEL WOOL SCRUBBER -PR-12 (TOTAL NET WT.153 KGS) (MILD STEEL),,,,,,,,,3000.0,PCS,13.4332433333333,40299.73,0.206031339,618.0940184,12152.0,2017,7,PCS,Unknown,153KG,Steel,,,52451.73,17.48391,Other,General,0.30154048178486553,No
INNSA1,2017-07-28,301049751,73239990,STEEL JAR - SALT & PEPPER -MP-009 (TOTAL NET WT.1296 KGS) (MILD STEEL),,,,,,,,,36000.0,PCS,16.2749130555556,585896.87,0.249615231,8986.148313,137896.7,2017,7,PCS,Unknown,1296KG,Steel,,,723793.5700000001,20.105376944444448,Other,General,0.23536002163657235,No
INNSA1,2017-07-27,301049751,73239990,FAMILY CLOTH RACK-HW 03-026 (STANDING CLOTH RACK ) (MADE UPOF MILD STEEL) (TOTAL NET WT.121 KGS ),,,,,,,,,12.0,PCS,1728.28166666667,20739.38,26.50738753,318.0886503,4881.2,2017,7,PCS,Unknown,121KG,Steel,,,25620.58,2135.0483333333336,Other,General,0.23535901266093778,No
INNSA1,2017-07-27,301049751,73239990,FAMILY CLOTH RACK 3LAYERS -03-027I (STANDING CLOTHRACK ) (MADE UP OF MILD STEEL) (TOTAL NET WT.10170 KGS ) (DPD CLIENT),,,,,,,,,1800.0,PCS,819.896994444445,1475814.59,12.57510728,22635.1931,347347.7,2017,7,PCS,Unknown,3L,Steel,,,1823162.29,1012.867938888889,Other,General,0.23535998515911136,No
INNSA1,2017-07-20,301049751,73239990,MULTI FUNCTION CLOTH STAND-RYX-02-021A(MADE OF MI LD STEEL)(DPD CLIENT),,,,,,,,,3888.0,PCS,641.290383230453,2493337.01,9.768322669,37979.23854,586831.8,2017,7,PCS,Unknown,,Steel,,,3080168.8099999996,792.2244881687242,Other,General,0.23536000053197786,No
INNSA1,2017-07-20,301049751,73239990,STAINLESS STEEL SPORTS BOTTLE 600ML S115 -NP-21(TOTAL NET WT. 2354.18 KGS)(MILD STEEL),,,,,,,,,13608.0,PCS,82.383692680776,1121077.29,1.254892501,17076.57715,263856.8,2017,7,PCS,Unknown,600ML,Steel,,,1384934.09,101.77352219282776,Other,General,0.23536004373079394,No
INNSA1,2017-07-20,301049751,73239990,STAINESS STEEL COLA BOTTLE 750ML SK750-SL-01 (TOTAL NET WT.1284.19 KGS)(MILD STEEL),,,,,,,,,7056.0,PCS,94.7099092970521,668273.12,1.442649037,10179.33161,157284.7,2017,7,PCS,Unknown,750ML,Steel,,,825557.8200000001,117.00082482993199,Other,General,0.23535990793704228,No
INNSA1,2017-07-20,301049751,73239990,STAINLESS STEEL SPORTS BOTTLE 750ML S-308-C6-NP-20(TOTAL NET WT.1875.74 KGS) (MILD STEEL),,,,,,,,,11232.0,PCS,74.7233324430199,839292.47,1.138207653,12784.34836,197535.9,2017,7,PCS,Unknown,750ML,Steel,,,1036828.37,92.31021812678063,Other,General,0.23536002890625243,No
INNSA1,2017-07-20,301049751,73239990,STEEL PEELER-MP-196 (TOTAL NET WT.2979.84KGS) (MILD STEEL),,,,,,,,,37248.0,PCS,35.5496265571306,1324152.49,0.541502309,20169.87799,311652.5,2017,7,PCS,Unknown,2979.84KG,Steel,,,1635804.99,43.91658585695876,Other,General,0.23535997730895783,No
INNSA1,2017-07-20,301049751,73239990,STEEL HOOK 3PCS-RJ-409 (TOTAL NET WT.635.04 KGS) (MILD STEEL),,,,,,,,,15120.0,SET,38.791417989418,586526.24,0.590882224,8934.139223,138044.8,2017,7,SET,Unknown,635.04KG,Steel,,,724571.04,47.92136507936508,Other,General,0.23535997298262393,No
INNSA1,2017-07-20,301049751,73239990,STAINLESS STEEL GRATER WITH HANDLE -DS-25(TOTAL NET WT.1887KGS)(MILD STEEL),,,,,,,,,51000.0,PCS,15.1172437254902,770979.43,0.230270278,11743.78416,181457.7,2017,7,PCS,Unknown,1887KG,Steel,,,952437.1300000001,18.675237843137257,Other,General,0.23535997581673482,No
INNSA1,2017-07-13,301049751,73239990,STEEL LUNCH BOX 2 LAYER-6504(TOTAL NET WT.6227.90 KGS)(MILD STEEL),,,,,,,,,13020.0,PCS,174.864917050691,2276741.22,2.663593558,34679.98812,535853.8,2017,7,PCS,Unknown,2L,Steel,,,2812595.0200000005,216.02112288786486,Other,General,0.23535999405325478,No
INNSA1,2017-07-13,301049751,73239990,STEEL LUNCH BOX (TOTAL NET WT.2346.35 KGS)(MILD STEEL),,,,,,,,,20040.0,PCS,54.3766442115768,1089707.95,0.828280948,16598.75019,256473.6,2017,7,PCS,Unknown,2346.35KG,Steel,,,1346181.55,67.17472804391218,Other,General,0.2353599420835647,No
INNSA1,2017-07-13,301049751,73239990,STEEL LUNCH BOX 3 LAYER-6505 (TOTAL NET WT.2271.76 KGS)(MILD STEEL),,,,,,,,,3504.0,PCS,241.658881278539,846772.72,3.681018755,12898.28972,199296.4,2017,7,PCS,Unknown,3L,Steel,,,1046069.12,298.5357077625571,Other,General,0.23535996766641232,No
INNSA1,2017-07-12,301049751,73239990,STEEL PILLER-MP-196 (TOTAL NET WT.1052.16 KGS)(MILD STEEL),,,,,,,,,13152.0,PCS,35.3549673053528,464988.53,0.538537202,7082.84128,109439.8,2017,7,PCS,Unknown,1052.16KG,Steel,,,574428.3300000001,43.67611998175183,Other,General,0.23536021415409966,No
INNSA1,2017-07-06,301049751,73239990,STAINLESS STEEL SPORTS BOTTLE 750ML S-308-C6-NP-20(TOTAL NET WT.6883.74 KGS),,,,,,,,,41220.0,PCS,74.0168813682678,3050975.85,1.136099484,46830.02072,718077.8,2017,7,PCS,Unknown,750ML,Steel,,,3769053.6500000004,91.43749757399321,Other,General,0.23536004062437926,No
INNSA1,2017-07-06,301049751,73239990,STAINLESS STEEL SPORTS BOTTLE 600ML S115 -NP-21(TOTAL NET WT.7448.68 KGS)(DPD CLIENT),,,,,,,,,43056.0,PCS,81.6048188405797,3513577.08,1.252568209,53930.57682,826955.6,2017,7,PCS,Unknown,600ML,Steel,,,4340532.68,100.81133128948346,Other,General,0.23536002802021921,No
INNSA1,2017-07-05,301049751,73231000,STEEL SCRUBBER 3PCS SET-ANGW11 (TOTAL NET WT.7152 KGS)(MILD STEEL) (DPD CLIENT),,,,,,,,,114432.0,SET,10.590749528104,1211920.65,0.162559471,18602.00537,365442.5,2017,7,SET,Unknown,7152KG,Steel,,,1577363.15,13.784283679390379,Other,General,0.30153995643196607,No
INNSA1,2017-07-03,301049751,73239990,STAINESS STEEL COLA BOTTLE -SL-07 (TOTAL NET WT.104 KGS)(MILD STEEL),,,,,,,,,500.0,PCS,119.4809,59740.45,1.833935533,916.9677667,14060.5,2017,7,PCS,Unknown,104KG,Steel,,,73800.95,147.6019,Other,General,0.23535979390848247,No
INNSA1,2017-07-03,301049751,73239990,STEEL HOOK 3PCS-RJ-409 (TOTAL NET WT.429.41 KGS)(MILD STEEL),,,,,,,,,10224.0,SET,37.9527552816901,388028.97,0.58254421,5955.932003,91326.5,2017,7,SET,Unknown,429.41KG,Steel,,,479355.47,46.885315923317684,Other,General,0.23536000417700773,No
INNSA1,2017-07-03,301049751,73239990,STEEL JAR - SALT & PEPPER-MP-009 (TOTAL NET WT.1260 KGS)(MILD STEEL),,,,,,,,,36000.0,PCS,16.3056283333333,587002.62,0.250278255,9010.017191,138157.0,2017,7,PCS,Unknown,1260KG,Steel,,,725159.62,20.143322777777776,Other,General,0.235360107932738,No
INNSA1,2017-07-03,301049751,73239990,STEEL ZHARA-NP-003 (TOTAL NET WT.4752 KGS)(MILD STEEL),,,,,,,,,48000.0,PCS,31.6272960416667,1518110.21,0.485453508,23301.76838,357302.4,2017,7,PCS,Unknown,4752KG,Steel,,,1875412.6099999999,39.071096041666664,Other,General,0.23535998746757658,No
INNSA1,2017-06-23,301049751,73231000,STEEL SCRUBBER -ANG-537(TOTAL NET WT.8720KGS)(MILD STEEL) (D - PD CLIENT) ,,,,,,,,,319248.0,PCS,4.7575711045958,1518845.06,0.0730248826492064,23313.0477359939,259692.2,2017,6,PCS,Unknown,8720KG,Steel,,,1778537.26,5.571020836465695,Other,General,0.1709800471682082,Yes
INNSA1,2017-06-15,301049751,73239990,STEEL TEA STAINER-NP-54 (TOTAL NET WT.1438.20 KGS) (MILD STE EL),,,,,,,,,30600.0,PCS,21.86858268,669178.63,0.334637837,10239.91783,114416.2,2017,6,PCS,Unknown,1438.20KG,Steel,,,783594.83,25.607674183006534,Other,General,0.1709800565508196,Yes
INNSA1,2017-06-14,301049751,73239990,STAINLESS STEEL SPORTS BOTTLE 600ML S115 -NP-21(TOTAL NET WT . 7311.67 KGS),,,,,,,,,42264.0,PCS,81.23973807,3433516.29,1.243148249,52540.4176,587062.6,2017,6,PCS,Unknown,600ML,Steel,,,4020578.89,95.13010812985047,Other,General,0.1709799955543534,Yes
INNSA1,2017-06-12,301049751,73239990,STEEL TEA STAINER 304 -MP-290(TOTAL NET WT.987.84 KGS) (MILD STEEL),,,,,,,,,20160.0,PCS,32.42696429,653727.6,0.496204503,10003.48279,111774.4,2017,6,PCS,Unknown,987.84KG,Steel,,,765502.0,37.97132936507936,Other,General,0.17098008405947676,Yes
INNSA1,2017-06-12,301049751,73239990,STEEL TEA STAINER -NP-55 (TOTAL NET WT.3836.16 KGS) (MILD ST EEL),,,,,,,,,79920.0,PCS,21.59483058,1725858.86,0.330448823,26409.46993,295087.4,2017,6,PCS,Unknown,3836.16KG,Steel,,,2020946.2600000002,25.28711536536537,Other,General,0.17098003019783437,Yes
INNSA1,2017-06-06,301049751,73239990,STEEL ZHARA-NP-003 (TOTAL NET WT.407.40 PCS) (MILD STEEL),,,,,,,,,4200.0,PCS,28.75608333,120775.55,0.44003188,1848.133894,20650.3,2017,6,PCS,Unknown,,Steel,,,141425.85,33.67282142857143,Other,General,0.17098079867986524,Yes
INNSA1,2017-06-06,301049751,73239990,STEEL ZHARA -NP-003 (TOTAL NET WT.3148.20 KGS) (MILD STEEL),,,,,,,,,31800.0,PCS,27.58596447,877233.67,0.422126465,13423.62158,149989.4,2017,6,PCS,Unknown,3148.20KG,Steel,,,1027223.0700000001,32.302612264150945,Other,General,0.1709799852985579,Yes
INNSA1,2017-06-06,301049751,73239990,STAINLESS STEEL GRATER WITH HANDLE -DS-25 (TOTAL NET WT.1344KGS) (MILD STEEL),,,,,,,,,38400.0,PCS,14.59611797,560490.93,0.223352991,8576.754858,95832.7,2017,6,PCS,Unknown,1344KG,Steel,,,656323.63,17.091761197916668,Other,General,0.17097993004097317,Yes
INNSA1,2017-06-06,301049751,73239990,STEEL ZHARA WAN-MP-263 (TOTAL NET WT.2970 KGS) (MILD STEEL),,,,,,,,,30000.0,PCS,30.58899367,917669.81,0.468079475,14042.38424,156903.2,2017,6,PCS,Unknown,2970KG,Steel,,,1074573.01,35.81910033333333,Other,General,0.17098001731145543,Yes
INNSA1,2017-06-06,301049751,73239990,STEEL GRATER 4 SIDE-GR40275 (TOTAL NET WT.5953.30 KGS) (MILD STEEL) (DPD CLIENT),,,,,,,,,115848.0,PCS,24.25582418,2809988.72,0.371167929,42999.06228,480452.0,2017,6,PCS,Unknown,5953.30KG,Steel,,,3290440.72,28.403086112837514,Other,General,0.17098004578466777,Yes
INNSA1,2017-05-30,301049751,73239990,STEEL CAKE MOULD CH302322-MP-10 (TOTAL NET WT.2475 KGS) (MILD STEEL),,,,,,,,,9900.0,PCS,39.04787475,386573.96,0.597976642,5919.96876,66096.4,2017,5,PCS,Unknown,2475KG,Steel,,,452670.36,45.72427878787879,Other,General,0.17097995943648142,Yes
INNSA1,2017-05-30,301049751,73239990,STAINLESS STEEL CAKE MOULD -MK-145 (TOTAL NET WT.68.16 KGS) (MILD STEEL),,,,,,,,,480.0,PCS,112.3679792,53936.63,1.720796006,825.9820827,9222.1,2017,5,PCS,Unknown,68.16KG,Steel,,,63158.729999999996,131.58068749999998,Other,General,0.17098027815234287,Yes
INNSA1,2017-05-30,301049751,73239990,STAINLESS STEEL GRATER WITH HANDLE -DS-25 (TOTAL NET WT.1470 KGS) (MILD STEEL),,,,,,,,,42000.0,PCS,14.6078381,613529.2,0.223703493,9395.546708,104901.2,2017,5,PCS,Unknown,1470KG,Steel,,,718430.3999999999,17.105485714285713,Other,General,0.17097996313785882,Yes
INNSA1,2017-05-30,301049751,73239990,STEEL HOOK 3PCS -RJ-409 (TOTAL NET 429.41 KGS) (MILD STEEL),,,,,,,,,10224.0,SET,37.5730448,384146.81,0.575391191,5882.799541,65681.5,2017,5,SET,Unknown,429.41KG,Steel,,,449828.31,43.99729166666667,Other,General,0.17098020415684306,Yes
INNSA1,2017-05-29,301049751,73239990,STAINLESS STEEL SPORTS BOTTLE 750ML S-308-C6-NP-20(TOTAL NET WT.2945.88KGS) (DPD CLIENT),,,,,,,,,17640.0,PCS,73.67852154,1299689.12,1.12830814,19903.35559,222220.9,2017,5,PCS,Unknown,750ML,Steel,,,1521910.02,86.27607823129252,Other,General,0.17098004175029177,Yes
INNSA1,2017-05-29,301049751,73239990,STAINLESS STEEL SPORTS BOTTLE 600ML S115 -NP-21(TOTAL NET WT. 2883.56KGS),,,,,,,,,16668.0,PCS,81.23177166,1353971.17,1.243978126,20734.62741,231502.0,2017,5,PCS,Unknown,600ML,Steel,,,1585473.17,95.120780537557,Other,General,0.17098000690812346,Yes
INNSA1,2017-05-29,301049751,73239990,STAINLESS STEEL SPORTS BOTTLE 750ML S308-C6 -AB39 (TOTAL NET WT. 1180.30 KGS),,,,,,,,,6984.0,PCS,97.50559278,680979.06,1.493194376,10428.46953,116433.8,2017,5,PCS,Unknown,750ML,Steel,,,797412.8600000001,114.17709908361972,Other,General,0.17098000047167383,Yes
INNSA1,2017-05-24,301049751,73231000,AISI430 STEEL SCRUBBER 2 PCS SET,,,,,,,,,100080.0,PCS,10.52077888,1052919.55,0.161114531,16124.34227,180028.2,2017,5,PCS,Unknown,,Steel,,,1232947.75,12.319621802557954,Other,General,0.17098001456996406,Yes
INNSA1,2017-05-24,301049751,73239990,STEEL ZHARA -NP-003(TOTAL NET WT.2328 KGS) (MILD STEEL),,,,,,,,,24000.0,PCS,27.74037917,665769.1,0.424814382,10195.54518,113833.3,2017,5,PCS,Unknown,2328KG,Steel,,,779602.4,32.48343333333334,Other,General,0.1709801491237728,Yes
INNSA1,2017-05-24,301049751,73231000,STEEL SCRUBBER -ANG-537(TOTAL NET WT.8720KGS)(MILD STEEL) (DPD CLIENT),,,,,,,,,319248.0,PCS,4.727564088,1509265.38,0.072397612,23112.79296,258054.2,2017,5,PCS,Unknown,8720KG,Steel,,,1767319.5799999998,5.5358830125795615,Other,General,0.17098000352992926,Yes
INNSA1,2017-05-20,301049751,73239990,STAINLESS STEEL SPORTS BOTTLE 600ML S115 -NP-21(TOTAL NET WT - . 1494.72 KGS),,,,,,,,,8640.0,PCS,81.442568287037,703663.79,1.24720625248142,10775.8620214395,120312.5,2017,5,PCS,Unknown,600ML,Steel,,,823976.29,95.36762615740741,Other,General,0.17098009263770697,Yes
INNSA1,2017-05-20,301049751,73239990,STAINLESS STEEL SPORTS BOTTLE 750ML S308-C6 -AB39 (TOTAL NET - WT. 1831.28 KGS),,,,,,,,,10836.0,PCS,97.7586194167589,1059312.4,1.49706921005756,16222.2419601838,181121.2,2017,5,PCS,Unknown,750ML,Steel,,,1240433.5999999999,114.47338501291988,Other,General,0.17097996776021882,Yes
INNSA1,2017-05-20,301049751,73239990,STAINLESS STEEL SPORTS BOTTLE 750ML S-308-C6-NP-20(TOTAL NET - WT.1442.88 KGS),,,,,,,,,8640.0,PCS,73.8697175925926,638234.36,1.13123610402133,9773.87993874426,109125.3,2017,5,PCS,Unknown,750ML,Steel,,,747359.66,86.49996064814815,Other,General,0.17097998296425157,Yes
INNSA1,2017-05-19,301049751,73231000,STEEL SCRUBBER 3PCS SET-ANGW11 (TOTAL NET WT.7320 KGS)(MILD - STEEL) (DPD CLIENT),,,,,,,,,117120.0,SET,10.4798297472678,1227397.66,0.160487438702416,18796.288820827,209860.5,2017,5,SET,Unknown,7320KG,Steel,,,1437258.16,12.271671448087432,Other,General,0.17098003918306315,Yes
INNSA1,2017-05-17,301049751,73239390,KWB-600F STAINLESS STEEL SPORTS BOTTLE,,,,,,,,,45600.0,PCS,77.00467039,3511412.97,1.182867441,53938.7553,600381.4,2017,5,PCS,Unknown,,Steel,,,4111794.37,90.17092916666667,Other,General,0.17098000295875196,Yes
INNSA1,2017-05-12,301049751,73239990,STEEL BBQ SKEWER 12PCS-NP- 007 (TOTAL NET WT.3662.18 KGS) (MILD STEEL),,,,,,,,,22195.0,SET,29.20170083,648131.75,0.448566833,9955.94086,110817.6,2017,5,SET,Unknown,3662.18KG,Steel,,,758949.35,34.1946091462041,Other,General,0.17098005150958892,Yes
INNSA1,2017-05-08,301049751,73239990,STEEL LUNCH BOX 3 LAYER-6505(TOTAL NET WT.3165.75 KGS)(MILD STEEL),,,,,,,,,4020.0,PCS,239.3047711,962005.18,3.675956546,14777.34531,164483.6,2017,5,PCS,Unknown,3L,Steel,,,1126488.78,280.2210895522388,Other,General,0.1709799525195904,Yes
INNSA1,2017-05-04,301049751,73239990,STAINLESS STEEL SPORTS BOTTLE 750ML S-308-C6-AB-39(TOTAL NET WT. 1877.58 KGS),,,,,,,,,10980.0,PCS,97.63753552,1072060.14,1.489512365,16354.84577,183300.8,2017,5,PCS,Unknown,750ML,Steel,,,1255360.94,114.33159744990893,Other,General,0.1709799601354454,Yes
INNSA1,2017-05-04,301049751,73239990,STAINLESS STEEL SPORTS BOTTLE 750ML S-308-C6-NP-20(TOTAL NET WT. 786.24 KGS),,,,,,,,,4680.0,PCS,73.77822222,345282.08,1.125525892,5267.461175,59036.3,2017,5,PCS,Unknown,750ML,Steel,,,404318.38,86.39281623931625,Other,General,0.17097991300330442,Yes
INNSA1,2017-04-29,301049751,73239990,STEEL JAR - SALT & PEPPER-MP-009 (TOTAL NET WT.547.20 KGS ) (MILD STEEL),,,,,,,,,13680.0,PCS,15.76768787,215701.97,0.240544437,3290.647902,36880.7,2017,4,PCS,Unknown,547.20KG,Steel,,,252582.66999999998,18.463645467836255,Other,General,0.17097989415673856,Yes
INNSA1,2017-04-29,301049751,73239990,STEEL JAR - SALT & PEPPER -MP-009 (TOTAL NET WT.388.80 KGS)( MILD STEEL),,,,,,,,,9720.0,PCS,15.44622222,150137.28,0.235640309,2290.423799,25670.5,2017,4,PCS,Unknown,388.80KG,Steel,,,175807.78,18.087220164609054,Other,General,0.1709801856008048,Yes
INNSA1,2017-04-29,301049751,73239990,STEEL PIZZA CUTTER-RJ-388 (TOTAL NET WT.987.84 KGS) (MILD ST EEL),,,,,,,,,10080.0,PCS,32.20849107,324661.59,0.491357606,4952.884668,79420.4,2017,4,PCS,Unknown,987.84KG,Steel,,,404081.99,40.08749900793651,Other,General,0.24462518033007843,No
INNSA1,2017-04-26,301049751,73239990,STEEL PEELER-MP-196(TOTAL NET WT.2340 KGS) (MILD STEEL),,,,,,,,,30000.0,PCS,35.529776,1065893.28,0.542025568,16260.76705,182246.5,2017,4,PCS,Unknown,2340KG,Steel,,,1248139.78,41.60465933333334,Other,General,0.17098006284456546,Yes
INNSA1,2017-04-26,301049751,73239390,KWP-600B-SS OIL POT 600ML,,,,,,,,,2000.0,PCS,91.16944,182338.88,1.390838139,2781.676278,31176.4,2017,4,PCS,Unknown,600ML,General,,,213515.28,106.75764,Other,General,0.17098053909292413,Yes
INNSA1,2017-04-26,301049751,73239990,STAINLESS STEEL SPORTS BOTTLE 750ML S-308-C6-NP-20(TOTAL NET WT.1825 KGS),,,,,,,,,10800.0,PCS,73.75058241,796506.29,1.125104232,12151.12571,136186.6,2017,4,PCS,Unknown,750ML,Steel,,,932692.89,86.36045277777778,Other,General,0.17097994292047586,Yes
INNSA1,2017-04-26,301049751,73239390,KWP-1000B-SS OIL POT 1000ML,,,,,,,,,6000.0,PCS,111.2803433,667682.06,1.697640631,10185.84378,114160.3,2017,4,PCS,Unknown,1000ML,General,,,781842.3600000001,130.30706,Other,General,0.17098003202302603,Yes
INNSA1,2017-04-26,301049751,73239990,STAINLESS STEEL SPORTS BOTTLE 600ML S115 -NP-21(TOTAL NET WT . 1933.2KGS),,,,,,,,,10800.0,PCS,81.31122037,878161.18,1.240445772,13396.81434,150147.9,2017,4,PCS,Unknown,600ML,Steel,,,1028309.0800000001,95.2138037037037,Other,General,0.17097988776957776,Yes
INNSA1,2017-04-20,301049751,73239990,STAINLESS STEEL SPORTS BOTTLE 750ML S-308-C6-NP-20(TOTAL NET WT.1857.60 KGS),,,,,,,,,10800.0,PCS,73.90716944,798197.43,1.121504847,12112.25235,136475.7,2017,4,PCS,Unknown,750ML,Steel,,,934673.1300000001,86.54380833333335,Other,General,0.17097987900061268,Yes
INNSA1,2017-04-20,301049751,73239990,STAINLESS STEEL SPORTS BOTTLE 750ML S308-C6-AB-39(TOTAL NET WT.1846.80 KGS),,,,,,,,,10800.0,PCS,97.80818333,1056328.38,1.484190946,16029.26222,180611.0,2017,4,PCS,Unknown,750ML,Steel,,,1236939.38,114.53142407407407,Other,General,0.17097997499603299,Yes
INNSA1,2017-04-20,301049751,73239990,STAINLESS STEEL SPORTS BOTTLE 600ML S115 -NP-21(TOTAL NET WT .1772.71 KGS),,,,,,,,,10188.0,PCS,81.48385944,830157.56,1.236477382,12597.23156,141940.4,2017,4,PCS,Unknown,600ML,Steel,,,972097.9600000001,95.41597565763644,Other,General,0.17098007274667232,Yes
INNSA1,2017-04-07,301049751,73239990,STEEL EGG BEATER -MP-217 (TOTAL NET WT.530.35 KGS) (MILD STE EL),,,,,,,,,10199.0,PCS,18.20892146,185712.79,0.276311403,2818.1,31753.2,2017,4,PCS,Unknown,530.35KG,Steel,,,217465.99000000002,21.32228551818806,Other,General,0.17098014627856273,Yes
INNSA1,2017-04-07,301049751,73239990,STEEL CORNER STAND-MP-103 (TOTAL 1634.52 KGS) (MILD STEEL),,,,,,,,,6168.0,PCS,50.35153696,310568.28,0.764059742,4712.720486,53100.9,2017,4,PCS,Unknown,1634.52KG,Steel,,,363669.18000000005,58.960632295719854,Other,General,0.17097979226983515,Yes
INNSA1,2017-04-07,301049751,73239990,STEEL CORNER STAND- MP-103 (TOTAL NET WT.1545.48 KGS) (MILD STEEL),,,,,,,,,5832.0,PCS,50.704988,295711.49,0.769423187,4487.276024,50560.8,2017,4,PCS,Unknown,1545.48KG,Steel,,,346272.29,59.37453532235939,Other,General,0.1709801671893101,Yes
INNSA1,2017-04-07,301049751,73239990,STEEL SPOON HOLDER ROUND-MP-96 (TOTAL 3426.98 KGS) (MILD STE EL),,,,,,,,,15299.0,PCS,45.38223413,694302.8,0.688653022,10535.70258,118711.9,2017,4,PCS,Unknown,3426.98KG,Steel,,,813014.7000000001,53.141688999281,Other,General,0.1709800104507716,Yes
INNSA1,2017-03-24,301049751,73239990,STAINLESS STEEL SPORTS BOTTLE 600ML S115 -NP-21(TOTAL NET WT . 1922.40KGS),,,,,,,,,10800.0,PCS,81.69054815,882257.92,1.233996196,13327.15891,150848.4,2017,3,PCS,Unknown,600ML,Steel,,,1033106.3200000001,95.65799259259259,Other,General,0.17097993294296523,Yes
INNSA1,2017-03-24,301049751,73239990,STAINLESS STEEL SPORTS BOTTLE 750ML S-308-C6-NP-20(TOTAL NET WT. 1245.60KGS),,,,,,,,,7200.0,PCS,74.09463889,533481.4,1.119254364,8058.63142,91214.7,2017,3,PCS,Unknown,750ML,Steel,,,624696.1,86.76334722222222,Other,General,0.17098009415136123,Yes
INNSA1,2017-03-15,301049751,73231000,STEEL SCRUBBER 3PCS SET-ANGW11 (TOTAL NET WT.7344 KGS)(MILD STEEL),,,,,,,,,117504.0,SET,10.68500885,1255531.28,0.157945438,18559.22069,214670.8,2017,3,SET,Unknown,7344KG,Steel,,,1470202.08,12.511932189542485,Other,General,0.17098004917886234,Yes
INNSA1,2017-02-10,301049751,73239390,SS OIL POT 1000ML-KWP-1000B (TOTAL NET WT.2080 KGS) ,,,,,,,,,8952.0,PCS,115.4871146,1033840.65,1.688408108,15114.62939,176766.2,2017,2,PCS,Unknown,1000ML,General,,,1210606.85,135.2331155049151,Other,General,0.17098012154967984,Yes
INNSA1,2017-02-10,301049751,73239390,SS OIL POT 600ML-KWP-600B (TOTAL NET WT.927.60 KGS) ,,,,,,,,,5000.0,PCS,94.615398,473076.99,1.383266053,6916.330263,80886.7,2017,2,PCS,Unknown,600ML,General,,,553963.69,110.79273799999999,Other,General,0.17097999207274908,Yes
INNSA1,2017-02-10,301049751,73239390,SS OIL POT 1000ML-KWP-1000B (TOTAL NET WT.2105 KGS) ,,,,,,,,,9000.0,PCS,115.4864422,1039377.98,1.688398278,15195.5845,177712.8,2017,2,PCS,Unknown,1000ML,General,,,1217090.78,135.2323088888889,Other,General,0.17097995476101965,Yes
INNSA1,2017-02-10,301049751,73239390,SS OIL POT 600ML-KWP-600B (TOTAL NET WT.930.50 KGS) ,,,,,,,,,5020.0,PCS,94.6159502,474972.07,1.383274126,6944.036111,81210.8,2017,2,PCS,Unknown,600ML,General,,,556182.87,110.79340039840638,Other,General,0.170980158896501,Yes
INNSA1,2017-02-04,301049751,73239990,STEEL LUNCH BOX 2 LAYER-6504(TOTAL NET WT.5740 KGS)(MILD ST EEL),,,,,,,,,12000.0,PCS,180.0005667,2160006.8,2.631587232,31579.04678,369317.9,2017,2,PCS,Unknown,2L,Steel,,,2529324.6999999997,210.77705833333331,Other,General,0.17097997098898024,Yes
INNSA1,2017-02-04,301049751,73239990,STAINLESS STEEL GRATER WITH HANDLE -DS-25 (TOTAL NET WT. 17 51.40 KGS) (MILD STEEL),,,,,,,,,50040.0,PCS,15.18215008,759714.79,0.221961258,11106.94137,129896.1,2017,2,PCS,Unknown,51.40KG,Steel,,,889610.89,17.777995403677057,Other,General,0.17098008582931498,Yes
INNSA1,2017-02-04,301049751,73239990,STEEL LUNCH BOX-6531(TOTAL NET WT.596.40KGS)(MILD STEEL) ,,,,,,,,,2016.0,PCS,112.5794345,226960.14,1.645898166,3318.130702,38805.7,2017,2,PCS,Unknown,596.40KG,Steel,,,265765.84,131.82829365079365,Other,General,0.1709802434912139,Yes
INNSA1,2017-02-04,301049751,73239990,STEEL JAR - SALT & PEPPER-MP-009 (TOTAL NET WT.302.40 KGS ) (MILD STEEL),,,,,,,,,7200.0,PCS,16.27701667,117194.52,0.23796808,1713.370175,20037.9,2017,2,PCS,Unknown,302.40KG,Steel,,,137232.42,19.060058333333334,Other,General,0.170979837623807,Yes
INNSA1,2017-02-04,301049751,73239990,STEEL LUNCH BOX 3 LAYER-6505(TOTAL NET WT.2271.76 KGS)(MILD STEEL),,,,,,,,,3504.0,PCS,248.8263071,871887.38,3.637811507,12746.89152,149075.3,2017,2,PCS,Unknown,3L,Steel,,,1020962.6799999999,291.3706278538813,Other,General,0.17097999514570333,Yes
INNSA1,2017-02-04,301049751,73239990,STEEL LUNCH BOX -6900(TOTAL NET WT.1756.25 KGS)(MILD STEEL) ,,,,,,,,,15000.0,PCS,55.97364467,839604.67,0.818328138,12274.92208,143555.6,2017,2,PCS,Unknown,1756.25KG,Steel,,,983160.27,65.54401800000001,Other,General,0.1709799922861315,Yes
INNSA1,2017-02-03,301049751,73239990,STAINLESS STEEL SPORTS BOTTLE 750ML S-308-C6-NP-20(TOTAL NET WT.3568.32 KGS),,,,,,,,,21240.0,PCS,76.29763559,1620561.78,1.115462509,23692.42368,277083.7,2017,2,PCS,Unknown,750ML,Steel,,,1897645.48,89.34300753295669,Other,General,0.17098002891318342,Yes
INNSA1,2017-02-03,301049751,73239990,STAINLESS STEEL SPORTS BOTTLE 600ML S115 -NP-21(TOTAL NET WT . 3653.28 KGS),,,,,,,,,21240.0,PCS,84.11938795,1786695.8,1.229815613,26121.28363,305489.2,2017,2,PCS,Unknown,600ML,Steel,,,2092185.0,98.50211864406779,Other,General,0.17097997319969074,Yes
INNSA1,2017-01-27,301049751,73239990,STEEL HOOK 3PCS-RJ-409 (TOTAL NET WT985.97. KGS) (MILD STEEL),,,,,,,,,24048.0,SET,37.03133441,890529.53,0.535909326,12887.54747,152262.8,2017,1,SET,Unknown,97.KG,Steel,,,1042792.3300000001,43.36295450765137,Other,General,0.17098006845432737,Yes
INNSA1,2017-01-27,301049751,73231000,STEEL SCRUBBER 3 PCS SET-ANGW11 (TOTAL NET WT.7392 KGS)(MILD STEEL),,,,,,,,,118272.0,SET,10.88972064,1287949.04,0.157593642,18638.9152,220213.5,2017,1,SET,Unknown,7392KG,Steel,,,1508162.54,12.75164485254329,Other,General,0.17097997914575874,Yes
INNSA1,2017-01-27,301049751,73239990,STEEL PEELER -MP-196 (TOTAL NET WT.34.128 KGS) (MILD STEEL),,,,,,,,,432.0,PCS,36.92085648,15949.81,0.534310513,230.8221418,2727.2,2017,1,PCS,Unknown,34.128KG,Steel,,,18677.01,43.23381944444444,Other,General,0.17098636284695554,Yes
INNSA1,2017-01-25,301049751,73239990,STEEL PEELER-MP-196 (TOTAL NET WT.1672.27 KGS) (MILD STEEL),,,,,,,,,21168.0,PCS,36.8346764,779716.43,0.533063334,11283.88466,133315.9,2017,1,PCS,Unknown,1672.27KG,Steel,,,913032.3300000001,43.132668650793654,Other,General,0.1709799805039378,Yes
INNSA1,2017-01-21,301049751,73231000,STEEL SCRUBBER-AISI430 (TOTAL NET WT.5472 KGS)(MILD STEEL),,,,,,,,,273600.0,PCS,4.712748648,1289408.03,0.068201862,18660.02938,220462.9,2017,1,PCS,Unknown,5472KG,Steel,,,1509870.93,5.518534100877193,Other,General,0.17097993410200804,Yes
INNSA1,2017-01-14,301049751,73239990,STEEL GRATER-ST-4 (TOTAL NET WT.3223.20KGS) (MILD STEEL),,,,,,,,,20400.0,PCS,51.85472598,1057836.41,0.753702413,15375.52922,180868.8,2017,1,PCS,Unknown,3223.20KG,Steel,,,1238705.21,60.720843627450975,Other,General,0.17097993441159773,Yes
INNSA1,2017-01-14,301049751,73239990,STEEL PIZZA CUTTER- RJ-388 (TOTAL 1015.2 KGS) (MILD STEEL),,,,,,,,,10800.0,PCS,33.75199352,364521.53,0.490581301,5298.278052,62325.9,2017,1,PCS,Unknown,1015.2KG,Steel,,,426847.43000000005,39.52291018518519,Other,General,0.17098002414288122,Yes
INNSA1,2017-01-14,301049751,73239990,STEEL TEA STAINER-NP-55 (TOTAL NET WT.1861.20 KGS) (MILD STEEL),,,,,,,,,39600.0,PCS,20.35140202,805915.52,0.295805262,11713.88837,137795.4,2017,1,PCS,Unknown,1861.20KG,Steel,,,943710.92,23.83108383838384,Other,General,0.17097995581472358,Yes
INNSA1,2017-01-14,301049751,73239990,STEEL TEA STAINER-NP-54 (TOTAL NET WT.1468.80 KGS) (MILD STEEL),,,,,,,,,30600.0,PCS,20.35140196,622752.9,0.295805261,9051.640988,106478.3,2017,1,PCS,Unknown,1468.80KG,Steel,,,729231.2000000001,23.831084967320265,Other,General,0.17098001470567217,Yes
INNSA1,2017-01-13,301049751,73239990,STAINLESS STEEL SPORTS BOTTLE 600ML S-115 -NP-21(TOTAL NET WT. 3909.06KGS),,,,,,,,,22860.0,PCS,84.73623928,1937070.43,1.231631385,28155.09346,331200.2,2017,1,PCS,Unknown,600ML,Steel,,,2268270.63,99.22443700787402,Other,General,0.17097994728049204,Yes
INNSA1,2017-01-13,301049751,73239990,STAINLESS STEEL SPORTS BOTTLE 750ML S-308-C6-NP-20(TOTAL NET WT.284.83 KGS),,,,,,,,,1656.0,PCS,79.14923309,131071.13,1.1504249,1905.103634,22410.6,2017,1,PCS,Unknown,750ML,Steel,,,153481.73,92.6822041062802,Other,General,0.17098044397725112,Yes
